CountryName,CountryCode,Year,CO2_emissions,InternetUsers,GDP_per_capita,LiteracyRate,Physicians,HealthExpenditure,Unemployment,InfantMortality,LifeExpectancy,Population,Region,IncomeGroup,Region_Encoded,IncomeGroup_Encoded
Afghanistan,AFG,2000,0.0385063399794444,20.80096366,4234.64075149378,,,5.533000995,3.51699995994568,90.2,55.482,20093756.0,South Asia,Low income,5,1
Afghanistan,AFG,2001,0.0390023343469998,0.004722568,4234.64075149378,,0.2,5.533000995,3.42600011825562,88.0,56.044,20966463.0,South Asia,Low income,5,1
Afghanistan,AFG,2002,0.0487155482755786,0.004561395,184.494712122049,,,9.44339057,3.54999995231628,85.7,56.637,21979923.0,South Asia,Low income,5,1
Afghanistan,AFG,2003,0.0518295999397525,0.087891253,195.776630341551,,,8.94125853,3.41899991035461,83.4,57.25,23064851.0,South Asia,Low income,5,1
Afghanistan,AFG,2004,0.0393778277264556,0.10580903,216.708128851229,,,9.80847323,3.08699989318848,80.9,57.875,24118979.0,South Asia,Low income,5,1
Afghanistan,AFG,2005,0.0529482148912851,1.224148084,247.664139959638,,,9.94828911,2.94199991226196,78.4,58.5,25070798.0,South Asia,Low income,5,1
Afghanistan,AFG,2006,0.0637284718722302,2.107123645,269.229693018123,,0.168,10.301360604158114,2.82500004768372,75.8,59.11,25893450.0,South Asia,Low income,5,1
Afghanistan,AFG,2007,0.0854175063621491,1.9,366.230443242864,,0.183,9.90467425,2.12800002098084,73.2,59.694,26616792.0,South Asia,Low income,5,1
Afghanistan,AFG,2008,0.154101422395248,1.84,370.382293977374,,0.182,10.25649568,2.49399995803833,70.6,60.243,27294031.0,South Asia,Low income,5,1
Afghanistan,AFG,2009,0.241722682109421,3.55,444.18440407545,,0.222,9.81848731,2.47000002861023,68.1,60.754,28004331.0,South Asia,Low income,5,1
Afghanistan,AFG,2010,0.293836993688923,4.0,550.514973976336,,0.247,8.56967118,2.27500009536743,65.6,61.226,28803167.0,South Asia,Low income,5,1
Afghanistan,AFG,2011,0.412016938260872,5.0,599.29762975711,31.7411193847656,0.263,8.56190731,1.98399996757507,63.2,61.666,29708599.0,South Asia,Low income,5,1
Afghanistan,AFG,2012,0.350370580694022,5.454545455,648.511069587633,,0.253,7.89716844,1.69200003147125,60.9,62.086,30696958.0,South Asia,Low income,5,1
Afghanistan,AFG,2013,0.315601773217989,5.9,647.966460473683,,0.299,8.8059641,1.72500002384186,58.7,62.494,31731688.0,South Asia,Low income,5,1
Afghanistan,AFG,2014,0.299444990875517,7.0,625.3395388285,,0.315,9.52887835,1.73500001430511,56.7,62.895,32758020.0,South Asia,Low income,5,1
Afghanistan,AFG,2015,2.86129610832048,8.26,590.076473832575,,0.302,10.09395812,1.67900002002716,54.9,63.288,33736494.0,South Asia,Low income,5,1
Afghanistan,AFG,2016,2.86129610832048,10.59572642,549.582759921642,,0.295,10.19867734,1.63399994373322,53.2,63.673,34656032.0,South Asia,Low income,5,1
Afghanistan,AFG,2017,2.86129610832048,11.44768809,550.068458763852,,,5.533000995,1.55900001525879,51.5,64.047,35530081.0,South Asia,Low income,5,1
Afghanistan,AFG,2018,2.86129610832048,20.80096366,4234.64075149378,,,5.533000995,1.54200005531311,21.7,,,South Asia,Low income,5,1
Albania,ALB,2000,0.978174680894664,0.114097347,1126.68334010717,,1.389,6.76132337,17.547250032424937,21.8,73.955,3089027.0,Europe & Central Asia,Upper middle income,1,4
Albania,ALB,2001,1.05330417594038,0.325798377,1281.6598256178,98.7129821777344,,6.51584893,17.4109992980957,20.4,74.286,3060173.0,Europe & Central Asia,Upper middle income,1,4
Albania,ALB,2002,1.22954070946998,0.390081273,1425.12421860142,,1.305,6.43433172,17.5100002288818,19.1,74.575,3051010.0,Europe & Central Asia,Upper middle income,1,4
Albania,ALB,2003,1.4126971959616,0.971900415,1846.12012081207,,,6.35372947,17.496000289917,17.8,74.82,3039616.0,Europe & Central Asia,Upper middle income,1,4
Albania,ALB,2004,1.37621273504355,2.420387798,2373.58129170055,,,6.55977303,17.2719993591309,16.6,75.028,3026939.0,Europe & Central Asia,Upper middle income,1,4
Albania,ALB,2005,1.41249821101668,6.043890864,2673.78658429559,,,6.3428304,16.8740005493164,15.4,75.217,3011487.0,Europe & Central Asia,Upper middle income,1,4
Albania,ALB,2006,1.30257636722163,9.609991316,2972.74292399799,,,5.93267196,16.3939990997314,14.3,75.418,2992547.0,Europe & Central Asia,Upper middle income,1,4
Albania,ALB,2007,1.32233485532238,15.03611541,3595.03805682893,,1.146,6.12899955,15.9659996032715,13.3,75.656,2970017.0,Europe & Central Asia,Upper middle income,1,4
Albania,ALB,2008,1.48431113888781,23.86,4370.5399247769,95.9386367797852,,5.56658865,13.0600004196167,12.3,75.943,2947314.0,Europe & Central Asia,Upper middle income,1,4
Albania,ALB,2009,1.49560019934969,41.2,4114.13489916342,,1.144,5.09043094,13.673999786377,11.5,76.281,2927519.0,Europe & Central Asia,Upper middle income,1,4
Albania,ALB,2010,1.57857358391855,45.0,4094.36020359235,,1.254,5.00999686,14.0860004425049,10.7,76.652,2913021.0,Europe & Central Asia,Upper middle income,1,4
Albania,ALB,2011,1.80371472482914,49.0,4437.17779448652,96.8452987670898,1.24,5.60327041,13.4809999465942,10.1,77.031,2905195.0,Europe & Central Asia,Upper middle income,1,4
Albania,ALB,2012,1.692908325435,54.65595904,4247.61434236292,97.2469711303711,1.283,5.84830141,13.3760004043579,9.5,77.389,2900401.0,Europe & Central Asia,Upper middle income,1,4
Albania,ALB,2013,1.74921107861166,57.2,4413.08288688408,,1.286,6.34386087,15.8660001754761,9.0,77.702,2895092.0,Europe & Central Asia,Upper middle income,1,4
Albania,ALB,2014,1.97876331208568,60.1,4578.66793446159,,,6.91679461,17.4899997711182,8.6,77.963,2889104.0,Europe & Central Asia,Upper middle income,1,4
Albania,ALB,2015,2.86129610832048,63.2529327,3952.83078116586,,,6.81974032,17.0799999237061,8.3,78.174,2880703.0,Europe & Central Asia,Upper middle income,1,4
Albania,ALB,2016,2.86129610832048,66.3634447,4131.87234065272,,,6.69789475,15.2200002670288,8.1,78.345,2876101.0,Europe & Central Asia,Upper middle income,1,4
Albania,ALB,2017,2.86129610832048,71.8470405,4537.57905556422,,,5.533000995,13.75,7.8,78.495,2873457.0,Europe & Central Asia,Upper middle income,1,4
Albania,ALB,2018,2.86129610832048,20.80096366,4234.64075149378,,,5.533000995,13.8979997634888,21.7,,,Europe & Central Asia,Upper middle income,1,4
Algeria,DZA,2000,2.81754354684473,0.491705679,1757.01779715994,,,3.48903279,17.547250032424937,33.9,70.292,31183660.0,Middle East & North Africa,Upper middle income,3,4
Algeria,DZA,2001,2.66585151698904,0.646114017,1732.85797888376,,,3.83787696,17.547250032424937,33.3,70.778,31592153.0,Middle East & North Africa,Upper middle income,3,4
Algeria,DZA,2002,2.81004459252848,1.59164126,1774.0336730152,69.8734970092773,1.106,3.73004148,17.547250032424937,32.4,71.276,31995046.0,Middle East & North Africa,Upper middle income,3,4
Algeria,DZA,2003,2.82611296416802,2.195359731,2094.33550572581,,,3.60104113,17.547250032424937,31.3,71.78,32403514.0,Middle East & North Africa,Upper middle income,3,4
Algeria,DZA,2004,2.69593129026213,4.634475088,2598.90802346666,,,3.54407306,17.547250032424937,30.1,72.281,32831096.0,Middle East & North Africa,Upper middle income,3,4
Algeria,DZA,2005,3.22268314970751,5.843942092,3100.12237758677,,1.021,3.23516117,15.2700004577637,28.8,72.767,33288437.0,Middle East & North Africa,Upper middle income,3,4
Algeria,DZA,2006,2.99218746923841,7.375984956,3464.61007870202,72.648681640625,,3.35510349,12.2700004577637,27.5,73.225,33777915.0,Middle East & North Africa,Upper middle income,3,4
Algeria,DZA,2007,3.18964147484688,9.451190626,3935.18334285931,,1.192,3.82141758,13.789999961853,26.4,73.648,34300076.0,Middle East & North Africa,Upper middle income,3,4
Algeria,DZA,2008,3.16138145760923,10.18,4905.25486576261,75.1360473632813,,4.2018824,11.3299999237061,25.3,74.032,34860715.0,Middle East & North Africa,Upper middle income,3,4
Algeria,DZA,2009,3.42301143412689,11.23,3868.83123040908,,,5.35939829,10.1599998474121,24.3,74.374,35465760.0,Middle East & North Africa,Upper middle income,3,4
Algeria,DZA,2010,3.29970368770249,12.5,4463.39467488951,,1.207,5.11716993,9.96000003814697,23.5,74.676,36117637.0,Middle East & North Africa,Upper middle income,3,4
Algeria,DZA,2011,3.29137617567272,14.9,5432.41331978116,,,5.26748086,9.96000003814697,22.9,74.944,36819558.0,Middle East & North Africa,Upper middle income,3,4
Algeria,DZA,2012,3.4602658100588,18.2,5565.13452104848,,,6.00050994,10.9700002670288,22.4,75.187,37565847.0,Middle East & North Africa,Upper middle income,3,4
Algeria,DZA,2013,3.507310028999,22.5,5471.12338878709,,,6.03576267,9.81999969482422,22.1,75.418,38338562.0,Middle East & North Africa,Upper middle income,3,4
Algeria,DZA,2014,3.71740990081817,29.5,5466.42577841535,,,6.54721401,10.2069997787476,21.8,75.641,39113313.0,Middle East & North Africa,Upper middle income,3,4
Algeria,DZA,2015,2.86129610832048,38.2,4162.8521805562,,,6.98289165,11.206000328064,21.4,75.86,39871528.0,Middle East & North Africa,Upper middle income,3,4
Algeria,DZA,2016,2.86129610832048,42.94552688,3943.49754982175,,,6.648475,10.2019996643066,21.0,76.078,40606052.0,Middle East & North Africa,Upper middle income,3,4
Algeria,DZA,2017,2.86129610832048,47.69105515,4055.24721109629,,,5.533000995,11.996000289917,20.6,76.293,41318142.0,Middle East & North Africa,Upper middle income,3,4
Algeria,DZA,2018,2.86129610832048,20.80096366,4234.64075149378,,,5.533000995,12.1450004577637,21.7,,,Middle East & North Africa,Upper middle income,3,4
American Samoa,ASM,2000,2.86129610832048,20.80096366,4234.64075149378,,,5.533000995,6.34000015258789,21.7,,57521.0,East Asia & Pacific,Upper middle income,0,4
American Samoa,ASM,2001,2.86129610832048,20.80096366,4234.64075149378,,,5.533000995,6.34000015258789,21.7,,58175.0,East Asia & Pacific,Upper middle income,0,4
American Samoa,ASM,2002,2.86129610832048,20.80096366,8751.76652874972,,,5.533000995,6.34000015258789,21.7,,58731.0,East Asia & Pacific,Upper middle income,0,4
American Samoa,ASM,2003,2.86129610832048,20.80096366,8914.52543261668,,,5.533000995,6.34000015258789,21.7,,59117.0,East Asia & Pacific,Upper middle income,0,4
American Samoa,ASM,2004,2.86129610832048,20.80096366,8639.30885529158,,,5.533000995,6.34000015258789,21.7,,59264.0,East Asia & Pacific,Upper middle income,0,4
American Samoa,ASM,2005,2.86129610832048,20.80096366,8508.40691498359,,,5.533000995,6.34000015258789,21.7,,59118.0,East Asia & Pacific,Upper middle income,0,4
American Samoa,ASM,2006,2.86129610832048,20.80096366,8456.94799658994,,,5.533000995,6.34000015258789,21.7,,58650.0,East Asia & Pacific,Upper middle income,0,4
American Samoa,ASM,2007,2.86129610832048,20.80096366,8980.53641434813,,,5.533000995,6.34000015258789,21.7,,57903.0,East Asia & Pacific,Upper middle income,0,4
American Samoa,ASM,2008,2.86129610832048,20.80096366,9871.99719445906,,,5.533000995,6.34000015258789,21.7,,57030.0,East Asia & Pacific,Upper middle income,0,4
American Samoa,ASM,2009,2.86129610832048,20.80096366,12058.26382343,,,5.533000995,6.34000015258789,21.7,,56227.0,East Asia & Pacific,Upper middle income,0,4
American Samoa,ASM,2010,2.86129610832048,20.80096366,10352.8227618312,,,5.533000995,6.34000015258789,21.7,,55637.0,East Asia & Pacific,Upper middle income,0,4
American Samoa,ASM,2011,2.86129610832048,20.80096366,10375.9942154736,,,5.533000995,6.34000015258789,21.7,,55320.0,East Asia & Pacific,Upper middle income,0,4
American Samoa,ASM,2012,2.86129610832048,20.80096366,11660.329531052,,,5.533000995,6.34000015258789,21.7,,55230.0,East Asia & Pacific,Upper middle income,0,4
American Samoa,ASM,2013,2.86129610832048,20.80096366,11589.8530023324,,,5.533000995,6.34000015258789,21.7,,55307.0,East Asia & Pacific,Upper middle income,0,4
American Samoa,ASM,2014,2.86129610832048,20.80096366,11598.7517362051,,,5.533000995,6.34000015258789,21.7,,55437.0,East Asia & Pacific,Upper middle income,0,4
American Samoa,ASM,2015,2.86129610832048,20.80096366,11901.9752597368,,,5.533000995,6.34000015258789,21.7,,55537.0,East Asia & Pacific,Upper middle income,0,4
American Samoa,ASM,2016,2.86129610832048,20.80096366,11744.8155542366,,,5.533000995,6.34000015258789,21.7,,55599.0,East Asia & Pacific,Upper middle income,0,4
American Samoa,ASM,2017,2.86129610832048,20.80096366,11394.4752969932,,,5.533000995,6.34000015258789,21.7,,55641.0,East Asia & Pacific,Upper middle income,0,4
Andorra,AND,2000,8.01928429423459,10.53883561,21936.5301014708,,2.549,9.34810142,6.34000015258789,4.7,,65390.0,Europe & Central Asia,High income,1,0
Andorra,AND,2001,7.78695000074249,20.80096366,22228.8464928922,,2.594,9.36303175,6.34000015258789,4.6,,67341.0,Europe & Central Asia,High income,1,0
Andorra,AND,2002,7.59061514082999,11.26046872,24741.4935704562,,,9.11928151,6.34000015258789,4.5,,70049.0,Europe & Central Asia,High income,1,0
Andorra,AND,2003,7.31576070618458,13.54641288,28490.211716540907,,3.263,8.46399555,6.34000015258789,4.3,,73182.0,Europe & Central Asia,High income,1,0
Andorra,AND,2004,7.35862494097896,26.83795439,28490.211716540907,,,8.2105437,6.34000015258789,4.2,,76244.0,Europe & Central Asia,High income,1,0
Andorra,AND,2005,7.29987193629782,37.60576622,28490.211716540907,,,8.56598259,6.34000015258789,4.1,,78867.0,Europe & Central Asia,High income,1,0
Andorra,AND,2006,6.74621871565977,48.936847,28490.211716540907,,3.64,8.43428174,6.34000015258789,4.1,,80991.0,Europe & Central Asia,High income,1,0
Andorra,AND,2007,6.51946591197707,70.87,28490.211716540907,,3.716,8.42840207,6.34000015258789,4.0,,82683.0,Europe & Central Asia,High income,1,0
Andorra,AND,2008,6.42788662191006,70.04,28490.211716540907,,,8.79254158,6.34000015258789,3.9,,83861.0,Europe & Central Asia,High income,1,0
Andorra,AND,2009,6.12165234069759,78.53,28490.211716540907,,3.112,9.02673648,6.34000015258789,3.9,,84462.0,Europe & Central Asia,High income,1,0
Andorra,AND,2010,6.12259470212791,81.0,28490.211716540907,,4.0,9.44967141,6.34000015258789,3.8,,84449.0,Europe & Central Asia,High income,1,0
Andorra,AND,2011,5.86712994471708,81.0,28490.211716540907,,,9.76589433,6.34000015258789,3.7,,83751.0,Europe & Central Asia,High income,1,0
Andorra,AND,2012,5.91659691135616,86.43442462,28490.211716540907,,,10.0469414,6.34000015258789,3.7,,82431.0,Europe & Central Asia,High income,1,0
Andorra,AND,2013,5.90075258701787,94.0,28490.211716540907,,,10.11211363,6.34000015258789,3.6,,80788.0,Europe & Central Asia,High income,1,0
Andorra,AND,2014,5.83216995064565,95.9,28490.211716540907,,,10.27647843,6.34000015258789,3.5,,79223.0,Europe & Central Asia,High income,1,0
Andorra,AND,2015,2.86129610832048,96.91,28490.211716540907,,3.69,10.26117376,6.34000015258789,3.4,,78014.0,Europe & Central Asia,High income,1,0
Andorra,AND,2016,2.86129610832048,97.93063712,28490.211716540907,,,10.301360604158114,6.34000015258789,3.3,,77281.0,Europe & Central Asia,High income,1,0
Andorra,AND,2017,2.86129610832048,98.87143552,28490.211716540907,,,5.533000995,6.34000015258789,3.2,,76965.0,Europe & Central Asia,High income,1,0
Angola,AGO,2000,0.580352661444089,0.105045562,555.296941863334,,,2.33443523,17.547250032424937,91.04999999999998,47.113,16440924.0,Sub-Saharan Africa,Lower middle income,6,2
Angola,AGO,2001,0.573047492749628,0.136013867,526.168742996854,67.4054183959961,,5.48382352,17.547250032424937,91.04999999999998,48.2,16983266.0,Sub-Saharan Africa,Lower middle income,6,2
Angola,AGO,2002,0.720768849363576,0.270376746,869.851485021864,,,4.0722882,17.547250032424937,91.04999999999998,49.341,17572649.0,Sub-Saharan Africa,Lower middle income,6,2
Angola,AGO,2003,0.49797507263628,0.370682065,978.538933887291,,,4.45409993,17.547250032424937,91.04999999999998,50.508,18203369.0,Sub-Saharan Africa,Lower middle income,6,2
Angola,AGO,2004,0.99616547816155,0.464814618,1248.40490589113,,0.067,4.75721084,17.547250032424937,91.04999999999998,51.676,18865716.0,Sub-Saharan Africa,Lower middle income,6,2
Angola,AGO,2005,0.979740025619175,1.143366827,1890.84972681569,,,3.73483575,17.547250032424937,91.04999999999998,52.833,19552542.0,Sub-Saharan Africa,Lower middle income,6,2
Angola,AGO,2006,1.09888389819981,1.5,2585.13352204929,,,3.36618335,17.547250032424937,91.04999999999998,53.974,20262399.0,Sub-Saharan Africa,Lower middle income,6,2
Angola,AGO,2007,1.19784398157759,1.7,3108.26864317894,,,3.21143792,14.6330003738403,91.04999999999998,55.096,20997687.0,Sub-Saharan Africa,Lower middle income,6,2
Angola,AGO,2008,1.18152675944487,1.9,4068.97845646361,,,3.49503605,12.043999671936,86.4,56.189,21759420.0,Sub-Saharan Africa,Lower middle income,6,2
Angola,AGO,2009,1.23249451530002,2.3,3117.89694392484,,0.144,3.5786773,10.6090002059937,81.3,57.231,22549547.0,Sub-Saharan Africa,Lower middle income,6,2
Angola,AGO,2010,1.24340558491456,2.8,3585.90555256868,,,2.73668404,9.08899974822998,76.4,58.192,23369131.0,Sub-Saharan Africa,Lower middle income,6,2
Angola,AGO,2011,1.2527892548547,3.1,4615.86747457004,,,2.84060264,7.36199998855591,71.9,59.042,24218565.0,Sub-Saharan Africa,Lower middle income,6,2
Angola,AGO,2012,1.33084301775372,6.5,5102.48996931589,,,2.69289044,7.35900020599365,67.8,59.77,25096150.0,Sub-Saharan Africa,Lower middle income,6,2
Angola,AGO,2013,1.25461721786853,8.9,5258.40737644433,,,2.9909286,7.4539999961853,64.1,60.373,25998340.0,Sub-Saharan Africa,Lower middle income,6,2
Angola,AGO,2014,1.29132831504477,10.2,5412.6923476178,66.0301132202148,,2.79871941,7.42899990081787,60.9,60.858,26920466.0,Sub-Saharan Africa,Lower middle income,6,2
Angola,AGO,2015,2.86129610832048,12.4,4170.73035829413,,,2.9504308,7.27899980545044,58.2,61.241,27859305.0,Sub-Saharan Africa,Lower middle income,6,2
Angola,AGO,2016,2.86129610832048,13.0,3509.60421142273,,,2.87782524,7.2810001373291,55.8,61.547,28813463.0,Sub-Saharan Africa,Lower middle income,6,2
Angola,AGO,2017,2.86129610832048,14.33907936,4100.28978571722,,,5.533000995,7.13899993896484,53.8,61.809,29784193.0,Sub-Saharan Africa,Lower middle income,6,2
Angola,AGO,2018,2.86129610832048,20.80096366,4234.64075149378,,,5.533000995,7.25299978256226,21.7,,,Sub-Saharan Africa,Lower middle income,6,2
Antigua and Barbuda,ATG,2000,4.1239710949464,6.482225737,9932.02968138506,,,3.86616444,6.34000015258789,13.0,73.541,83584.0,Latin America & Caribbean,High income,2,0
Antigua and Barbuda,ATG,2001,4.09566525976698,8.899285515,9414.16059122009,98.9499969482422,,4.38242021,6.34000015258789,12.3,73.752,85057.0,Latin America & Caribbean,High income,2,0
Antigua and Barbuda,ATG,2002,4.29331370412445,12.5,9443.06359056527,,,4.33798022,6.34000015258789,11.7,73.957,86266.0,Latin America & Caribbean,High income,2,0
Antigua and Barbuda,ATG,2003,4.62087452602156,17.22864878,9801.96693468697,,,4.44598377,6.34000015258789,11.1,74.158,87293.0,Latin America & Caribbean,High income,2,0
Antigua and Barbuda,ATG,2004,4.77814790894773,24.26654372,10419.3111321775,,,4.103557,6.34000015258789,10.6,74.354,88257.0,Latin America & Caribbean,High income,2,0
Antigua and Barbuda,ATG,2005,4.80699808409801,27.0,11452.7387771176,,,4.52660086,6.34000015258789,10.1,74.544,89253.0,Latin America & Caribbean,High income,2,0
Antigua and Barbuda,ATG,2006,4.91364436717201,30.0,12812.7644376195,,,4.60802371,6.34000015258789,9.6,74.727,90301.0,Latin America & Caribbean,High income,2,0
Antigua and Barbuda,ATG,2007,5.13647257088454,34.0,14350.918887831,,,4.65372633,6.34000015258789,9.2,74.905,91381.0,Latin America & Caribbean,High income,2,0
Antigua and Barbuda,ATG,2008,5.1945003135881,38.0,14797.3684912448,,,4.8943254,6.34000015258789,8.7,75.078,92478.0,Latin America & Caribbean,High income,2,0
Antigua and Barbuda,ATG,2009,5.44675735459121,42.0,13082.2818061754,,,4.53530726,6.34000015258789,8.3,75.247,93581.0,Latin America & Caribbean,High income,2,0
Antigua and Barbuda,ATG,2010,5.53956750932274,47.0,12174.6978007682,,,5.44945777,6.34000015258789,7.8,75.412,94661.0,Latin America & Caribbean,High income,2,0
Antigua and Barbuda,ATG,2011,5.36340747396024,52.0,11931.2039987417,,,5.69953093,6.34000015258789,7.4,75.574,95719.0,Latin America & Caribbean,High income,2,0
Antigua and Barbuda,ATG,2012,5.41844653171725,58.0,12517.5579367458,,,5.14781703,6.34000015258789,7.0,75.733,96777.0,Latin America & Caribbean,High income,2,0
Antigua and Barbuda,ATG,2013,5.36045346745175,63.4,12194.5495917082,,,5.37923378,6.34000015258789,6.6,75.892,97824.0,Latin America & Caribbean,High income,2,0
Antigua and Barbuda,ATG,2014,5.37764854614412,67.78,12900.9030032308,,,5.79066573,6.34000015258789,6.2,76.05,98875.0,Latin America & Caribbean,High income,2,0
Antigua and Barbuda,ATG,2015,2.86129610832048,70.0,13602.4212384277,98.9499969482422,,4.71598097,6.34000015258789,5.9,76.207,99923.0,Latin America & Caribbean,High income,2,0
Antigua and Barbuda,ATG,2016,2.86129610832048,73.0,14506.6035412313,,,4.30900835,6.34000015258789,5.6,76.364,100963.0,Latin America & Caribbean,High income,2,0
Antigua and Barbuda,ATG,2017,2.86129610832048,76.0,14803.0109275452,,,5.533000995,6.34000015258789,5.4,76.519,102012.0,Latin America & Caribbean,High income,2,0
Arab World,ARB,2000,3.68444127176971,1.17398674406919,2590.22243818036,64.1260375976563,1.12355565777511,3.99382444164967,12.7499304699563,44.3304443061111,67.6949397276557,283832016.0,,,7,3
Arab World,ARB,2001,3.59030296450523,1.60744788496847,2495.93988414441,65.3520431518555,,4.29660331683679,12.5503792166271,43.0365521711427,67.9487321610337,289850357.0,,,7,3
Arab World,ARB,2002,3.58803558092715,2.76778588294538,2463.39858708738,66.5062637329102,,4.28166942980397,12.5915981160308,41.7439372981553,68.1944834458595,296026575.0,,,7,3
Arab World,ARB,2003,3.77988901128049,3.74803690276815,2722.37872638538,69.1434097290039,,4.12795112632531,12.5074036651223,40.4958567272922,68.4396355867532,302434519.0,,,7,3
Arab World,ARB,2004,4.05146516877077,7.2346368903254,3119.16488744331,70.1007919311523,,3.79959179098888,11.4935481722602,39.2804369161414,68.6879445507359,309162029.0,,,7,3
Arab World,ARB,2005,4.16848625623531,8.63494676647528,3747.31297717834,70.6971664428711,,3.48766210497667,11.2708003476382,38.1053267516696,68.9380580557627,316264728.0,,,7,3
Arab World,ARB,2006,4.26823986615523,11.6637886737172,4338.38573835633,68.5624084472656,,3.48386686589161,10.3829980300892,36.8880324950595,69.1863650750761,323773264.0,,,7,3
Arab World,ARB,2007,4.10022627300118,14.3152138911936,4939.53000018201,69.0626068115234,,3.57156582611384,9.85181297893754,35.6945741319676,69.424552198029,331653797.0,,,7,3
Arab World,ARB,2008,4.39040143437389,18.4959056790799,6116.58122899534,70.0026168823242,,3.40366708398681,9.48183473019775,34.4900284859576,69.6469702814488,339825483.0,,,7,3
Arab World,ARB,2009,4.54215145137159,21.4263493058283,5159.34276314128,68.6635131835938,,4.45473858017383,9.28012300638651,33.3531602304736,69.8514338976754,348145094.0,,,7,3
Arab World,ARB,2010,4.61575820147529,24.7759406944671,5918.31589094969,69.6367874145508,,3.98628873092824,9.1985163998052,32.3530872641796,70.0410543466168,356508908.0,,,7,3
Arab World,ARB,2011,4.53775523602928,26.5827639496451,6856.03503335607,71.3722381591797,,3.94510163088796,10.0664373240621,31.4164525887839,70.2238942443028,364895878.0,,,7,3
Arab World,ARB,2012,4.81363072670862,30.1782328189301,7465.13522965428,72.4843063354492,,4.01172617506489,10.2637933816054,30.6560589327005,70.4080156937082,373306993.0,,,7,3
Arab World,ARB,2013,4.65047416848542,32.9280383552986,7510.72998639458,72.7456817626953,1.06309534033024,4.23173311461082,10.2491420846455,29.939136707877,70.5982981596622,381702086.0,,,7,3
Arab World,ARB,2014,4.86023383242015,36.4579583652404,7456.59817269612,73.3216705322266,,4.56717244572085,10.2476150923094,29.3027041945133,70.7939574698,390043028.0,,,7,3
Arab World,ARB,2015,2.86129610832048,39.9293582935034,6429.17084026577,73.7415771484375,,5.02675898952432,10.2482946224643,28.680354894868,70.9945414725089,398304960.0,,,7,3
Arab World,ARB,2016,2.86129610832048,42.6794318092335,6183.07922159315,74.1578903198242,,4.89096108418405,9.9908304855738,28.1372016579524,71.198456370659,406452690.0,,,7,3
Arab World,ARB,2017,2.86129610832048,48.8476206991203,6235.42057813414,,,5.533000995,9.9754188762864,27.6105750098292,71.4037503510889,414491886.0,,,7,3
Arab World,ARB,2018,2.86129610832048,20.80096366,4234.64075149378,,,5.533000995,9.96005542235727,21.7,,,,,7,3
Argentina,ARG,2000,3.83557366545331,7.038683086,7669.27391554066,,,8.46696453,15.0,17.7,73.832,37057452.0,Latin America & Caribbean,High income,2,0
Argentina,ARG,2001,3.56859986610094,9.780807285,7170.69467365192,97.1933135986328,3.231,8.62096807,17.3199996948242,17.0,74.039,37471509.0,Latin America & Caribbean,High income,2,0
Argentina,ARG,2002,3.2915477348924,10.88212438,2579.19316821209,,,7.67272924,17.547250032424937,16.3,74.236,37889370.0,Latin America & Caribbean,High income,2,0
Argentina,ARG,2003,3.52558427010785,11.91369655,3330.43700583548,,,7.13188245,15.3599996566772,15.7,74.424,38309379.0,Latin America & Caribbean,High income,2,0
Argentina,ARG,2004,4.06905837986386,16.03668411,4251.57434819873,,3.166,6.99268547,13.5220003128052,15.2,74.603,38728696.0,Latin America & Caribbean,High income,2,0
Argentina,ARG,2005,4.14123681380597,17.72058337,5076.8838291729,,3.21,7.62903684,11.5059995651245,14.7,74.775,39145488.0,Latin America & Caribbean,High income,2,0
Argentina,ARG,2006,4.43482145227027,20.9272021,5878.76102735208,98.6108016967773,,7.56810123,10.0769996643066,14.3,74.941,39558890.0,Latin America & Caribbean,High income,2,0
Argentina,ARG,2007,4.38266888371704,25.94663294,7193.61763973522,,,7.61793101,8.47000026702881,14.0,75.105,39970224.0,Latin America & Caribbean,High income,2,0
Argentina,ARG,2008,4.68291239530182,28.11262348,8953.35927526277,,,7.66306468,7.83699989318848,13.7,75.268,40382389.0,Latin America & Caribbean,High income,2,0
Argentina,ARG,2009,4.41088989357125,34.0,8161.30696648652,98.9834213256836,,9.0087642,8.64500045776367,13.4,75.431,40799407.0,Latin America & Caribbean,High income,2,0
Argentina,ARG,2010,4.55849961171786,45.0,10276.2604977053,98.9549713134766,3.21,8.61198493,7.71400022506714,13.0,75.595,41223889.0,Latin America & Caribbean,High income,2,0
Argentina,ARG,2011,4.60029069868628,51.0,12726.9083594731,99.1083297729492,,8.39473866,7.17899990081787,12.5,75.761,41656879.0,Latin America & Caribbean,High income,2,0
Argentina,ARG,2012,4.56938367601348,55.8,12969.7071238969,99.1052322387695,,8.40588238,7.21700000762939,11.9,75.926,42096739.0,Latin America & Caribbean,High income,2,0
Argentina,ARG,2013,4.46290375453177,59.9,12976.6364245411,99.1219482421875,3.907,8.37804641,7.09999990463257,11.3,76.089,42539925.0,Latin America & Caribbean,High income,2,0
Argentina,ARG,2014,4.74679745467325,64.7,12245.2564487696,98.9938888549805,,8.23722377,7.26800012588501,10.7,76.252,42981515.0,Latin America & Caribbean,High income,2,0
Argentina,ARG,2015,2.86129610832048,68.04306411,13698.2934384857,99.1799621582031,,8.74331517,7.64300012588501,10.2,76.415,43417765.0,Latin America & Caribbean,High income,2,0
Argentina,ARG,2016,2.86129610832048,70.96898082,12654.3549989958,99.1250076293945,,7.54838404,8.01599979400635,9.7,76.577,43847430.0,Latin America & Caribbean,High income,2,0
Argentina,ARG,2017,2.86129610832048,75.80974423,14398.3587709055,,,5.533000995,8.34700012207031,9.2,76.738,44271041.0,Latin America & Caribbean,High income,2,0
Argentina,ARG,2018,2.86129610832048,20.80096366,4234.64075149378,,,5.533000995,9.48299980163574,21.7,,,Latin America & Caribbean,High income,2,0
Armenia,ARM,2000,1.12891860406022,1.300470022,622.742747687983,,2.987,6.50522445,11.2530002593994,26.5,71.409,3069588.0,Europe & Central Asia,Upper middle income,1,4
Armenia,ARM,2001,1.16116768366138,1.631094667,694.430511932268,99.4001617431641,3.526,6.53626247,11.4390001296997,25.2,71.8,3050655.0,Europe & Central Asia,Upper middle income,1,4
Armenia,ARM,2002,1.00320149299729,1.960405046,783.261609869997,,,5.69081243,11.5170001983643,24.0,72.112,3033897.0,Europe & Central Asia,Upper middle income,1,4
Armenia,ARM,2003,1.13613830710125,4.575217225,930.166156701539,,3.588,5.61072465,11.2329998016357,22.9,72.347,3017806.0,Europe & Central Asia,Upper middle income,1,4
Armenia,ARM,2004,1.21475152402243,4.899008571,1191.96191990706,,,8.22784404,11.2159996032715,21.8,72.512,3000612.0,Europe & Central Asia,Upper middle income,1,4
Armenia,ARM,2005,1.46003047705684,5.252983352,1643.75854298145,,,7.03488014,10.8000001907349,20.7,72.625,2981259.0,Europe & Central Asia,Upper middle income,1,4
Armenia,ARM,2006,1.48117796180497,5.631787777,2158.00290895457,,3.7,5.58846065,10.2810001373291,19.7,72.715,2958500.0,Europe & Central Asia,Upper middle income,1,4
Armenia,ARM,2007,1.72657017117982,6.021253397,3138.80870341248,,3.697,5.44514418,9.8120002746582,18.7,72.815,2933056.0,Europe & Central Asia,Upper middle income,1,4
Armenia,ARM,2008,1.91153764158145,6.21,4010.02699722693,,,4.34674945,16.3680000305176,17.8,72.946,2908220.0,Europe & Central Asia,Upper middle income,1,4
Armenia,ARM,2009,1.5094118779305,15.3,2993.83253109033,,2.677,4.68904566,17.547250032424937,16.9,73.119,2888584.0,Europe & Central Asia,Upper middle income,1,4
Armenia,ARM,2010,1.46562189488728,25.0,3218.38165488465,,2.759,5.26418115,17.547250032424937,16.1,73.331,2877311.0,Europe & Central Asia,Upper middle income,1,4
Armenia,ARM,2011,1.71007076482979,32.0,3526.97814267659,99.7444076538086,2.779,3.77725969,17.547250032424937,15.3,73.571,2875581.0,Europe & Central Asia,Upper middle income,1,4
Armenia,ARM,2012,1.97606007379797,37.5,3684.80481032649,,2.805,6.71185884,17.3099994659424,14.5,73.814,2881922.0,Europe & Central Asia,Upper middle income,1,4
Armenia,ARM,2013,1.89971173409172,41.9,3843.5912130934,,2.811,8.26983964,16.1790008544922,13.8,74.044,2893509.0,Europe & Central Asia,Upper middle income,1,4
Armenia,ARM,2014,1.9027589101995,54.62280586,3994.71235479566,,2.803,10.17829917,17.4979991912842,13.1,74.255,2906220.0,Europe & Central Asia,Upper middle income,1,4
Armenia,ARM,2015,2.86129610832048,59.10237771,3617.93574555176,,,10.11762751,17.547250032424937,12.5,74.445,2916950.0,Europe & Central Asia,Upper middle income,1,4
Armenia,ARM,2016,2.86129610832048,64.34602977,3605.74311684256,,,9.92732109,17.547250032424937,11.9,74.618,2924816.0,Europe & Central Asia,Upper middle income,1,4
Armenia,ARM,2017,2.86129610832048,69.71812489,3936.79831965287,,,5.533000995,17.547250032424937,11.3,74.782,2930450.0,Europe & Central Asia,Upper middle income,1,4
Armenia,ARM,2018,2.86129610832048,20.80096366,4234.64075149378,,,5.533000995,17.547250032424937,21.7,,,Europe & Central Asia,Upper middle income,1,4
Aruba,ABW,2000,11.48600787602411,15.44282295,20620.7006259175,97.2912521362305,,5.533000995,6.34000015258789,21.7,73.787,90853.0,Latin America & Caribbean,High income,2,0
Aruba,ABW,2001,11.48600787602411,17.1,20669.0319688645,,,5.533000995,6.34000015258789,21.7,73.853,92898.0,Latin America & Caribbean,High income,2,0
Aruba,ABW,2002,11.48600787602411,18.8,20436.8871286309,,,5.533000995,6.34000015258789,21.7,73.937,94992.0,Latin America & Caribbean,High income,2,0
Aruba,ABW,2003,11.48600787602411,20.8,20833.7616116694,,,5.533000995,6.34000015258789,21.7,74.038,97017.0,Latin America & Caribbean,High income,2,0
Aruba,ABW,2004,11.48600787602411,23.0,22569.9749851801,,,5.533000995,6.34000015258789,21.7,74.156,98737.0,Latin America & Caribbean,High income,2,0
Aruba,ABW,2005,11.48600787602411,25.4,23300.0395575696,,,5.533000995,6.34000015258789,21.7,74.287,100031.0,Latin America & Caribbean,High income,2,0
Aruba,ABW,2006,11.48600787602411,28.0,24045.7494206858,,,5.533000995,6.34000015258789,21.7,74.429,100832.0,Latin America & Caribbean,High income,2,0
Aruba,ABW,2007,11.48600787602411,30.9,25835.6431424885,,,5.533000995,6.34000015258789,21.7,74.576,101220.0,Latin America & Caribbean,High income,2,0
Aruba,ABW,2008,11.48600787602411,52.0,27086.0398473459,,,5.533000995,6.34000015258789,21.7,74.725,101353.0,Latin America & Caribbean,High income,2,0
Aruba,ABW,2009,11.48600787602411,58.0,24630.9392680773,,,5.533000995,6.34000015258789,21.7,74.872,101453.0,Latin America & Caribbean,High income,2,0
Aruba,ABW,2010,11.48600787602411,62.0,23512.6025956397,96.822639465332,,5.533000995,6.34000015258789,21.7,75.016,101669.0,Latin America & Caribbean,High income,2,0
Aruba,ABW,2011,11.48600787602411,69.0,24984.2794468664,,,5.533000995,6.34000015258789,21.7,75.158,102053.0,Latin America & Caribbean,High income,2,0
Aruba,ABW,2012,11.48600787602411,74.0,24709.6022647219,,,5.533000995,6.34000015258789,21.7,75.299,102577.0,Latin America & Caribbean,High income,2,0
Aruba,ABW,2013,8.35129425218293,78.9,25018.3089518065,,,5.533000995,6.34000015258789,21.7,75.44,103187.0,Latin America & Caribbean,High income,2,0
Aruba,ABW,2014,8.408362637892,83.78,25528.4037804428,,,5.533000995,6.34000015258789,21.7,75.582,103795.0,Latin America & Caribbean,High income,2,0
Aruba,ABW,2015,2.86129610832048,88.66122693,25796.3802506382,,,5.533000995,6.34000015258789,21.7,75.725,104341.0,Latin America & Caribbean,High income,2,0
Aruba,ABW,2016,2.86129610832048,93.54245387,25251.6396777554,,,5.533000995,6.34000015258789,21.7,75.867,104822.0,Latin America & Caribbean,High income,2,0
Aruba,ABW,2017,2.86129610832048,97.17,25655.1020217537,,,5.533000995,6.34000015258789,21.7,76.01,105264.0,Latin America & Caribbean,High income,2,0
Australia,AUS,2000,11.48600787602411,46.75611561,21669.410913094,,2.5,7.61707773,6.28299999237061,5.1,79.2341463414634,19153000.0,East Asia & Pacific,High income,0,0
Australia,AUS,2001,11.48600787602411,52.68926643,19482.5679026647,,2.479,7.69938881,6.74200010299683,5.0,79.6341463414634,19413000.0,East Asia & Pacific,High income,0,0
Australia,AUS,2002,11.48600787602411,20.80096366,20074.2293129481,,2.5,7.89658743,6.36800003051758,5.0,79.9365853658537,19651400.0,East Asia & Pacific,High income,0,0
Australia,AUS,2003,11.48600787602411,20.80096366,23437.3121454327,,,7.91207047,5.92899990081787,4.9,80.2390243902439,19895400.0,East Asia & Pacific,High income,0,0
Australia,AUS,2004,11.48600787602411,20.80096366,28490.211716540907,,,8.11845983,5.39499998092651,4.8,80.490243902439,20127400.0,East Asia & Pacific,High income,0,0
Australia,AUS,2005,11.48600787602411,63.0,28490.211716540907,,,7.99579299,5.03200006484985,4.8,80.8414634146341,20394800.0,East Asia & Pacific,High income,0,0
Australia,AUS,2006,11.48600787602411,66.0,28490.211716540907,,2.672,8.000101,4.78200006484985,4.6,81.0414634146342,20697900.0,East Asia & Pacific,High income,0,0
Australia,AUS,2007,11.48600787602411,69.45,28490.211716540907,,,8.07836906,4.3769998550415,4.5,81.2926829268293,20827600.0,East Asia & Pacific,High income,0,0
Australia,AUS,2008,11.48600787602411,71.67,28490.211716540907,,,8.26794704,4.23400020599365,4.4,81.3951219512195,21249200.0,East Asia & Pacific,High income,0,0
Australia,AUS,2009,11.48600787602411,74.25,28490.211716540907,,2.885,8.57721647,5.56099987030029,4.2,81.5439024390244,21691700.0,East Asia & Pacific,High income,0,0
Australia,AUS,2010,11.48600787602411,76.0,28490.211716540907,,,8.44516726,5.21099996566772,4.0,81.6951219512195,22031750.0,East Asia & Pacific,High income,0,0
Australia,AUS,2011,11.48600787602411,79.48769771,28490.211716540907,,3.287,8.55670577,5.08099985122681,3.8,81.8951219512195,22340024.0,East Asia & Pacific,High income,0,0
Australia,AUS,2012,11.48600787602411,79.0,28490.211716540907,,3.285,8.68936294,5.22399997711182,3.6,82.0463414634146,22733465.0,East Asia & Pacific,High income,0,0
Australia,AUS,2013,11.48600787602411,83.45349717,28490.211716540907,,3.371,8.77363922,5.66300010681152,3.5,82.1487804878049,23128129.0,East Asia & Pacific,High income,0,0
Australia,AUS,2014,11.48600787602411,84.0,28490.211716540907,,3.44,9.05467885,6.07800006866455,3.3,82.3,23475686.0,East Asia & Pacific,High income,0,0
Australia,AUS,2015,2.86129610832048,84.56051935,28490.211716540907,,3.496,9.33006717,6.05600023269653,3.2,82.4,23815995.0,East Asia & Pacific,High income,0,0
Australia,AUS,2016,2.86129610832048,86.54,28490.211716540907,,,9.25209201,5.71099996566772,3.1,82.4487804878049,24190907.0,East Asia & Pacific,High income,0,0
Australia,AUS,2017,2.86129610832048,86.54472054,28490.211716540907,,,5.533000995,5.5939998626709,3.0,82.4975609756098,24601860.0,East Asia & Pacific,High income,0,0
Australia,AUS,2018,2.86129610832048,20.80096366,4234.64075149378,,,5.533000995,5.38700008392334,21.7,,,East Asia & Pacific,High income,0,0
Austria,AUT,2000,7.77425973898237,33.73013295,24564.4582948404,,3.2,9.20371376,4.68699979782104,4.6,78.1268292682927,8011566.0,Europe & Central Asia,High income,1,0
Austria,AUT,2001,8.19276989783884,39.18545018,24537.5142629883,,3.3,9.26942913,4.00699996948242,4.5,78.5756097560976,8042293.0,Europe & Central Asia,High income,1,0
Austria,AUT,2002,8.29911579584004,36.56,26401.7454564357,,3.3,9.39476496,4.84899997711182,4.4,78.6780487804878,8081957.0,Europe & Central Asia,High income,1,0
Austria,AUT,2003,8.8895623340885,42.7,28490.211716540907,,3.378,9.54723934,4.77899980545044,4.3,78.6317073170732,8121423.0,Europe & Central Asia,High income,1,0
Austria,AUT,2004,8.85836370342216,54.28,28490.211716540907,,,9.70939878,5.83400011062622,4.2,79.1804878048781,8171966.0,Europe & Central Asia,High income,1,0
Austria,AUT,2005,9.02016959759373,58.0,28490.211716540907,,,9.62702946,5.62799978256226,4.1,79.3317073170732,8227829.0,Europe & Central Asia,High income,1,0
Austria,AUT,2006,8.72729787156076,63.6,28490.211716540907,,3.66,9.53113317,5.24300003051758,3.9,79.8804878048781,8268641.0,Europe & Central Asia,High income,1,0
Austria,AUT,2007,8.4064189359829,69.37,28490.211716540907,,3.794,9.5320968,4.85799980163574,3.8,80.1804878048781,8295487.0,Europe & Central Asia,High income,1,0
Austria,AUT,2008,8.29509597793474,72.87,28490.211716540907,,,9.72564585,4.12799978256226,3.8,80.4317073170732,8321496.0,Europe & Central Asia,High income,1,0
Austria,AUT,2009,7.51875110192905,73.45,28490.211716540907,,,10.22582486,5.30100011825562,3.7,80.3317073170732,8343323.0,Europe & Central Asia,High income,1,0
Austria,AUT,2010,8.07113180231399,75.17,28490.211716540907,,4.779,10.22101873,4.82000017166138,3.6,80.5804878048781,8363404.0,Europe & Central Asia,High income,1,0
Austria,AUT,2011,7.74813430456944,78.7399931,28490.211716540907,,4.824,10.0261327,4.56400012969971,3.5,80.9829268292683,8391643.0,Europe & Central Asia,High income,1,0
Austria,AUT,2012,7.38707716295308,80.02999392,28490.211716540907,,4.881,10.1991558,4.86499977111816,3.3,80.9365853658537,8429991.0,Europe & Central Asia,High income,1,0
Austria,AUT,2013,7.36874814486104,80.6188,28490.211716540907,,4.984,10.28574895,5.33500003814697,3.2,81.1365853658537,8479823.0,Europe & Central Asia,High income,1,0
Austria,AUT,2014,6.86986792967669,80.99582496,28490.211716540907,,5.064,10.301360604158114,5.61999988555908,3.1,81.490243902439,8546356.0,Europe & Central Asia,High income,1,0
Austria,AUT,2015,2.86129610832048,83.94014193,28490.211716540907,,5.15,10.301360604158114,5.72300004959106,3.0,81.190243902439,8642699.0,Europe & Central Asia,High income,1,0
Austria,AUT,2016,2.86129610832048,84.32333129,28490.211716540907,,5.23,10.301360604158114,6.01399993896484,3.0,81.6414634146342,8736668.0,Europe & Central Asia,High income,1,0
Austria,AUT,2017,2.86129610832048,87.93558659,28490.211716540907,,,5.533000995,5.49900007247925,2.9,81.6414634146342,8797566.0,Europe & Central Asia,High income,1,0
Austria,AUT,2018,2.86129610832048,20.80096366,4234.64075149378,,,5.533000995,4.78599977493286,21.7,,,Europe & Central Asia,High income,1,0
Azerbaijan,AZE,2000,3.66627102850185,0.147757576,655.097432602586,,3.607,3.83484085,11.8000001907349,61.1,66.763,8048600.0,Europe & Central Asia,Upper middle income,1,4
Azerbaijan,AZE,2001,3.54710548377552,0.305564638,703.683843432722,,3.536,3.6925085,10.8999996185303,57.3,67.054,8111200.0,Europe & Central Asia,Upper middle income,1,4
Azerbaijan,AZE,2002,3.62394434620868,4.999713678,763.080637985358,,,3.71932674,10.0,53.6,67.391,8171950.0,Europe & Central Asia,Upper middle income,1,4
Azerbaijan,AZE,2003,3.71816992749663,20.80096366,883.64399654717,,3.547,5.99169193,9.25,50.2,67.791,8234100.0,Europe & Central Asia,Upper middle income,1,4
Azerbaijan,AZE,2004,3.86322963943899,20.80096366,1045.00937916805,,,7.34419951,8.0,47.1,68.249,8306500.0,Europe & Central Asia,Upper middle income,1,4
Azerbaijan,AZE,2005,4.09180192686952,8.030375356,1578.40239029603,,,7.39779669,7.30000019073486,44.2,68.75,8391850.0,Europe & Central Asia,Upper middle income,1,4
Azerbaijan,AZE,2006,4.6162998626916,11.99217733,2473.08181863536,,3.63,5.74622122,6.61999988555908,41.6,69.269,8484550.0,Europe & Central Asia,Upper middle income,1,4
Azerbaijan,AZE,2007,3.55534009998485,14.54,3851.43786871172,99.6019134521484,3.794,4.71663216,6.53999996185303,39.2,69.774,8581300.0,Europe & Central Asia,Upper middle income,1,4
Azerbaijan,AZE,2008,4.05138348129721,17.08,5574.60380218613,,,3.9974416,6.05000019073486,36.8,70.238,8763400.0,Europe & Central Asia,Upper middle income,1,4
Azerbaijan,AZE,2009,3.56566821757272,27.4,4950.29479142375,99.7598419189453,3.782,5.38740152,5.73999977111816,34.7,70.646,8947243.0,Europe & Central Asia,Upper middle income,1,4
Azerbaijan,AZE,2010,3.38822587905988,46.0,5842.80578358576,99.7711410522461,3.636,4.91139611,5.63000011444092,32.6,70.987,9054332.0,Europe & Central Asia,Upper middle income,1,4
Azerbaijan,AZE,2011,3.64617987716669,50.0,7189.69122920765,99.7786331176758,3.407,4.63010097,5.42000007629395,30.6,71.26,9173082.0,Europe & Central Asia,Upper middle income,1,4
Azerbaijan,AZE,2012,3.82487717012357,54.2,7496.29464768263,99.7757720947266,3.454,4.97886665,5.19000005722046,28.6,71.478,9295784.0,Europe & Central Asia,Upper middle income,1,4
Azerbaijan,AZE,2013,3.78506883600917,73.00000137,7875.75695254288,99.7893600463867,3.415,5.13332142,4.96999979019165,26.8,71.656,9416801.0,Europe & Central Asia,Upper middle income,1,4
Azerbaijan,AZE,2014,3.93156060898919,75.00001564,7891.31314749986,99.7889862060547,3.402,5.56193369,4.90999984741211,25.1,71.8,9535079.0,Europe & Central Asia,Upper middle income,1,4
Azerbaijan,AZE,2015,2.86129610832048,77.0,5500.31038244408,99.7880630493164,,6.83903754,4.96000003814697,23.4,71.921,9649341.0,Europe & Central Asia,Upper middle income,1,4
Azerbaijan,AZE,2016,2.86129610832048,78.2,3880.73873089556,99.7900619506836,,6.89059972,5.0,21.9,72.026,9757812.0,Europe & Central Asia,Upper middle income,1,4
Azerbaijan,AZE,2017,2.86129610832048,79.0,4135.13860142071,,,5.533000995,5.0,20.5,72.123,9854033.0,Europe & Central Asia,Upper middle income,1,4
Azerbaijan,AZE,2018,2.86129610832048,20.80096366,4234.64075149378,,,5.533000995,5.21999979019165,21.7,,,Europe & Central Asia,Upper middle income,1,4
"Bahamas, The",BHS,2000,5.60101044009534,8.0,27112.2562019537,,,3.99950471,7.15299987792969,13.1,72.37,297890.0,Latin America & Caribbean,High income,2,0
"Bahamas, The",BHS,2001,5.17748197997592,11.8,27439.3587015686,,,3.97932195,6.86999988555908,13.0,72.668,303135.0,Latin America & Caribbean,High income,2,0
"Bahamas, The",BHS,2002,5.10035354205145,18.0,28490.211716540907,,,4.09863754,9.05000019073486,12.9,72.971,309157.0,Latin America & Caribbean,High income,2,0
"Bahamas, The",BHS,2003,4.80809891495062,20.0,28092.4857322025,,,4.31792559,10.8400001525879,12.8,73.264,315746.0,Latin America & Caribbean,High income,2,0
"Bahamas, The",BHS,2004,5.34372422688403,22.0,28076.1551006741,,,4.6051905,10.1999998092651,12.6,73.538,322526.0,Latin America & Caribbean,High income,2,0
"Bahamas, The",BHS,2005,5.29029700925439,25.0,28490.211716540907,,,4.59536397,10.1999998092651,12.4,73.787,329249.0,Latin America & Caribbean,High income,2,0
"Bahamas, The",BHS,2006,4.95732364589227,26.0,28490.211716540907,,,5.32113701,7.53999996185303,11.9,74.012,335830.0,Latin America & Caribbean,High income,2,0
"Bahamas, The",BHS,2007,4.93820838494076,27.0,28490.211716540907,,,5.4624223,7.88000011444092,11.4,74.218,342328.0,Latin America & Caribbean,High income,2,0
"Bahamas, The",BHS,2008,4.29090617077172,31.54,28490.211716540907,,2.717,5.70017101,8.18000030517578,10.8,74.41,348676.0,Latin America & Caribbean,High income,2,0
"Bahamas, The",BHS,2009,4.62952859751561,33.88,28129.6075027617,,,5.85053096,14.25,10.1,74.591,354856.0,Latin America & Caribbean,High income,2,0
"Bahamas, The",BHS,2010,4.5833434950337,43.0,27979.1149343739,,,5.92313788,14.539999961853,9.4,74.761,360832.0,Latin America & Caribbean,High income,2,0
"Bahamas, The",BHS,2011,5.0918328932149,65.0,27472.2561707514,,2.263,6.04766634,14.5200004577637,8.7,74.923,366568.0,Latin America & Caribbean,High income,2,0
"Bahamas, The",BHS,2012,5.29293703079516,71.74820281,28490.211716540907,,,6.04477612,14.0200004577637,8.1,75.079,372039.0,Latin America & Caribbean,High income,2,0
"Bahamas, The",BHS,2013,7.42654013360195,72.0,28171.9860036051,,,5.99419313,16.1800003051758,7.5,75.23,377240.0,Latin America & Caribbean,High income,2,0
"Bahamas, The",BHS,2014,6.3232575117291,76.92,28490.211716540907,,,5.94798967,13.8000001907349,6.9,75.379,382169.0,Latin America & Caribbean,High income,2,0
"Bahamas, The",BHS,2015,2.86129610832048,78.0,28490.211716540907,,,5.98754448,12.0,6.4,75.527,386838.0,Latin America & Caribbean,High income,2,0
"Bahamas, The",BHS,2016,2.86129610832048,80.0,28490.211716540907,,,6.37542177,12.6999998092651,6.1,75.675,391232.0,Latin America & Caribbean,High income,2,0
"Bahamas, The",BHS,2017,2.86129610832048,85.0,28490.211716540907,,,5.533000995,12.3809995651245,5.8,75.823,395361.0,Latin America & Caribbean,High income,2,0
"Bahamas, The",BHS,2018,2.86129610832048,20.80096366,4234.64075149378,,,5.533000995,11.8500003814697,21.7,,,Latin America & Caribbean,High income,2,0
Bahrain,BHR,2000,11.48600787602411,6.153732546,13636.3466837798,,1.017,3.56132629,1.05299997329712,10.7,74.44,664614.0,Middle East & North Africa,High income,3,0
Bahrain,BHR,2001,11.48600787602411,15.03863425,12868.2109970281,86.5487365722656,1.068,3.68104197,1.03100001811981,10.3,74.635,697549.0,Middle East & North Africa,High income,3,0
Bahrain,BHR,2002,11.48600787602411,18.05072089,13102.3345682658,,1.092,3.85486554,1.05400002002716,10.0,74.822,735148.0,Middle East & North Africa,High income,3,0
Bahrain,BHR,2003,11.48600787602411,21.55494499,14221.9925934886,,1.071,3.98856868,1.06400001049042,9.7,74.999,778711.0,Middle East & North Africa,High income,3,0
Bahrain,BHR,2004,11.48600787602411,21.45868051,15846.4764093173,,0.994,3.47338188,1.04100000858307,9.4,75.167,829848.0,Middle East & North Africa,High income,3,0
Bahrain,BHR,2005,11.48600787602411,21.30373351,17959.1785373542,,1.07,3.17561626,0.986000001430511,9.1,75.326,889168.0,Middle East & North Africa,High income,3,0
Bahrain,BHR,2006,11.48600787602411,28.24395243,19307.9954920205,,1.033,3.06248922,0.904999971389771,8.8,75.478,958414.0,Middle East & North Africa,High income,3,0
Bahrain,BHR,2007,11.48600787602411,32.91,20977.1105261075,,1.025,3.30373317,0.837999999523163,8.4,75.625,1035891.0,Middle East & North Africa,High income,3,0
Bahrain,BHR,2008,11.48600787602411,51.95,23067.5653465171,,0.989,3.28510396,0.834999978542328,8.0,75.77,1114590.0,Middle East & North Africa,High income,3,0
Bahrain,BHR,2009,11.48600787602411,53.0,19356.6723557874,,0.96,4.05684638,1.06900000572205,7.6,75.913,1185029.0,Middle East & North Africa,High income,3,0
Bahrain,BHR,2010,11.48600787602411,55.0,20722.1038895508,94.5567932128906,0.934,3.84291477,1.12999999523163,7.3,76.056,1240862.0,Middle East & North Africa,High income,3,0
Bahrain,BHR,2011,11.48600787602411,76.9999665,22512.1596038712,,0.925,3.57691312,1.13999998569489,7.0,76.199,1278269.0,Middle East & North Africa,High income,3,0
Bahrain,BHR,2012,11.48600787602411,88.0,23649.3666139101,,0.933,4.10642622,1.20000004768372,6.8,76.341,1300217.0,Middle East & North Africa,High income,3,0
Bahrain,BHR,2013,11.48600787602411,90.0000397,24737.1717830704,,0.929,4.31073968,1.21599996089935,6.7,76.482,1315411.0,Middle East & North Africa,High income,3,0
Bahrain,BHR,2014,11.48600787602411,90.50313348,24983.3790153356,,0.939,4.40681854,1.14900004863739,6.6,76.622,1336397.0,Middle East & North Africa,High income,3,0
Bahrain,BHR,2015,2.86129610832048,93.47830114,22688.8782442968,,0.922,4.97506622,1.07599997520447,6.5,76.761,1371855.0,Middle East & North Africa,High income,3,0
Bahrain,BHR,2016,2.86129610832048,95.0,22628.9567909559,94.8899993896484,,4.86947429,1.01300001144409,6.4,76.9,1425171.0,Middle East & North Africa,High income,3,0
Bahrain,BHR,2017,2.86129610832048,95.87813575,23739.1571732062,,,5.533000995,0.947000026702881,6.3,77.038,1492584.0,Middle East & North Africa,High income,3,0
Bahrain,BHR,2018,2.86129610832048,20.80096366,4234.64075149378,,,5.533000995,0.962000012397766,21.7,,,Middle East & North Africa,High income,3,0
Bangladesh,BGD,2000,0.211802224728946,0.071039423,405.603307141767,,,2.00194616,3.26999998092651,64.0,65.324,131581243.0,South Asia,Lower middle income,5,2
Bangladesh,BGD,2001,0.242020015933527,0.129807974,402.598115151563,47.4855003356934,0.243,1.98674389,3.55100011825562,61.0,65.903,134107160.0,South Asia,Lower middle income,5,2
Bangladesh,BGD,2002,0.246756218254776,0.139920289,400.613574533353,,,2.15190252,3.96099996566772,58.2,66.448,136600667.0,South Asia,Lower middle income,5,2
Bangladesh,BGD,2003,0.256602160448556,0.163877665,432.738897240785,,0.264,2.19150287,4.32000017166138,55.5,66.965,139019001.0,South Asia,Lower middle income,5,2
Bangladesh,BGD,2004,0.266823041487914,0.199036334,460.75791673039,,0.273,2.21405104,4.30200004577637,53.0,67.46,141307489.0,South Asia,Lower middle income,5,2
Bangladesh,BGD,2005,0.27524659383323,0.241637326,484.155407057992,,0.3,2.27546513,4.25,50.4,67.937,143431101.0,South Asia,Lower middle income,5,2
Bangladesh,BGD,2006,0.299529172870806,1.0,494.050146576549,,0.308,2.32201091,3.59100008010864,48.0,68.403,145368004.0,South Asia,Lower middle income,5,2
Bangladesh,BGD,2007,0.301630725970214,1.8,541.065148395087,46.6636009216309,0.32,2.38769169,3.76799988746643,45.6,68.861,147139191.0,South Asia,Lower middle income,5,2
Bangladesh,BGD,2008,0.332727819357918,2.5,615.777541053092,,0.333,2.34595662,4.0770001411438,43.3,69.312,148805814.0,South Asia,Lower middle income,5,2
Bangladesh,BGD,2009,0.357158767009139,3.1,681.120536769049,,0.345,2.40338224,5.0,41.1,69.759,150454708.0,South Asia,Lower middle income,5,2
Bangladesh,BGD,2010,0.393936699015154,3.7,757.671757176894,,0.354,2.49591565,3.37899994850159,38.9,70.198,152149102.0,South Asia,Lower middle income,5,2
Bangladesh,BGD,2011,0.41201118567064,4.5,835.789340127412,58.7691802978516,0.374,2.56593651,3.71799993515015,36.9,70.626,153911916.0,South Asia,Lower middle income,5,2
Bangladesh,BGD,2012,0.433487963070874,5.0,856.342857027401,57.8607482910156,0.389,2.57301204,4.0479998588562,35.0,71.039,155727053.0,South Asia,Lower middle income,5,2
Bangladesh,BGD,2013,0.442400827683764,6.63,951.889453456343,61.0155410766602,,2.503348,4.42600011825562,33.2,71.431,157571292.0,South Asia,Lower middle income,5,2
Bangladesh,BGD,2014,0.459141964802809,13.9,1084.56542980269,61.0932998657227,0.475,2.49601074,4.41099977493286,31.5,71.803,159405279.0,South Asia,Lower middle income,5,2
Bangladesh,BGD,2015,2.86129610832048,14.4,1210.1588492338,65.1373291015625,0.472,2.46311455,4.41599988937378,29.8,72.155,161200886.0,South Asia,Lower middle income,5,2
Bangladesh,BGD,2016,2.86129610832048,18.02,1358.77918567012,72.7587203979492,,2.36505997,4.34999990463257,28.3,72.489,162951560.0,South Asia,Lower middle income,5,2
Bangladesh,BGD,2017,2.86129610832048,18.02,1516.51326956437,72.8929672241211,,5.533000995,4.37200021743774,26.9,72.808,164669751.0,South Asia,Lower middle income,5,2
Bangladesh,BGD,2018,2.86129610832048,20.80096366,4234.64075149378,,,5.533000995,4.30800008773804,21.7,,,South Asia,Lower middle income,5,2
Barbados,BRB,2000,4.4028949738185,3.973678355,11567.6661219135,,1.353,5.22596958,9.35000038146973,13.8,73.377,269847.0,Latin America & Caribbean,High income,2,0
Barbados,BRB,2001,4.51118828158191,11.93645034,11513.9368638824,,1.552,5.41537101,9.85000038146973,14.0,73.535,270685.0,Latin America & Caribbean,High income,2,0
Barbados,BRB,2002,4.52502596895513,27.83632242,11675.3475419739,,,5.74473099,10.3199996948242,14.2,73.691,271478.0,Latin America & Caribbean,High income,2,0
Barbados,BRB,2003,4.66021935076288,39.68962712,12028.4803385025,,,6.55009757,11.0,14.4,73.847,272258.0,Latin America & Caribbean,High income,2,0
Barbados,BRB,2004,4.73999875499376,49.8,12868.7873273012,99.5999984741211,,7.16940451,9.56999969482422,14.4,74.004,273091.0,Latin America & Caribbean,High income,2,0
Barbados,BRB,2005,4.93824290443015,52.5,14223.2554405147,,1.785,6.63345647,9.07999992370605,14.4,74.163,274009.0,Latin America & Caribbean,High income,2,0
Barbados,BRB,2006,4.9864128359978,55.3,15185.1192012769,,,6.58012227,8.72999954223633,14.2,74.324,275039.0,Latin America & Caribbean,High income,2,0
Barbados,BRB,2007,4.93979359043998,58.2,16919.2467861669,,,6.0558318,7.40999984741211,14.0,74.486,276150.0,Latin America & Caribbean,High income,2,0
Barbados,BRB,2008,5.84458331380107,61.4,17243.6796613287,,,6.47608671,8.11999988555908,13.8,74.648,277319.0,Latin America & Caribbean,High income,2,0
Barbados,BRB,2009,5.80725751427443,64.7,16087.7293783891,,,7.14868432,10.0200004577637,13.6,74.811,278470.0,Latin America & Caribbean,High income,2,0
Barbados,BRB,2010,5.28599737453008,65.1,16203.155571612,,1.811,6.773987,10.6899995803833,13.4,74.973,279569.0,Latin America & Caribbean,High income,2,0
Barbados,BRB,2011,5.44951372233171,66.5,16610.4183520372,,,6.88898548,11.1899995803833,13.1,75.133,280601.0,Latin America & Caribbean,High income,2,0
Barbados,BRB,2012,5.22210700143829,71.2,16536.2146421152,,,7.74125648,11.5900001525879,12.9,75.292,281585.0,Latin America & Caribbean,High income,2,0
Barbados,BRB,2013,5.12714639179637,71.8,16326.9134788626,,,7.60749803,11.5500001907349,12.7,75.448,282509.0,Latin America & Caribbean,High income,2,0
Barbados,BRB,2014,4.49017767348307,75.16,16261.7993189477,99.5999984741211,,7.14459683,12.1700000762939,12.4,75.603,283385.0,Latin America & Caribbean,High income,2,0
Barbados,BRB,2015,2.86129610832048,76.11,16129.0492827663,,,7.01271476,11.3500003814697,12.1,75.755,284217.0,Latin America & Caribbean,High income,2,0
Barbados,BRB,2016,2.86129610832048,79.54939789,15891.6265491446,,,6.96244846,9.72000026702881,11.9,75.906,284996.0,Latin America & Caribbean,High income,2,0
Barbados,BRB,2017,2.86129610832048,81.76077839,16356.9801098282,,,5.533000995,9.48700046539307,11.5,76.057,285719.0,Latin America & Caribbean,High income,2,0
Barbados,BRB,2018,2.86129610832048,20.80096366,4234.64075149378,,,5.533000995,9.56799983978271,21.7,,,Latin America & Caribbean,High income,2,0
Belarus,BLR,2000,5.38974529064763,1.860398126,1276.2880341,,4.579,5.47175575,11.9420003890991,9.9,68.9121951219512,9979610.0,Europe & Central Asia,Upper middle income,1,4
Belarus,BLR,2001,5.31404901159273,4.300616022,1244.37318523431,,4.497,5.90256785,11.3140001296997,9.2,68.5073170731707,9928549.0,Europe & Central Asia,Upper middle income,1,4
Belarus,BLR,2002,5.31192965661918,8.950971315,1479.31458271677,,4.526,5.8155264,10.8929996490479,8.4,68.0560975609756,9865548.0,Europe & Central Asia,Upper middle income,1,4
Belarus,BLR,2003,5.46414591207757,20.80096366,1819.76605926177,,4.55,5.96834573,10.1499996185303,7.7,68.5536585365854,9796749.0,Europe & Central Asia,Upper middle income,1,4
Belarus,BLR,2004,5.97715799947914,20.80096366,2378.62328600741,,4.622,5.93158652,9.27200031280518,7.1,68.9560975609756,9730146.0,Europe & Central Asia,Upper middle income,1,4
Belarus,BLR,2005,6.12247158630845,20.80096366,3125.81053502853,,4.68,6.27653358,8.53499984741211,6.5,68.8512195121951,9663915.0,Europe & Central Asia,Upper middle income,1,4
Belarus,BLR,2006,6.46244665756856,16.2,3847.43412382153,,4.78,5.76280346,7.60500001907349,6.0,69.4048780487805,9604924.0,Europe & Central Asia,Upper middle income,1,4
Belarus,BLR,2007,6.33031403877835,19.7,4735.65760793999,,4.869,5.8850213,6.7810001373291,5.5,70.2073170731707,9560953.0,Europe & Central Asia,Upper middle income,1,4
Belarus,BLR,2008,6.62316355451861,23.0,6377.36973201232,,4.98,5.47316103,6.12200021743774,5.0,70.4560975609756,9527985.0,Europe & Central Asia,Upper middle income,1,4
Belarus,BLR,2009,6.43968426694044,27.43,5351.35538243278,99.617057800293,3.702,5.39064959,6.09999990463257,4.6,70.4073170731707,9506765.0,Europe & Central Asia,Upper middle income,1,4
Belarus,BLR,2010,6.64269666046859,31.8,6181.39991568753,,3.511,5.65694316,6.06099987030029,4.2,70.4048780487805,9490583.0,Europe & Central Asia,Upper middle income,1,4
Belarus,BLR,2011,6.76251734899356,39.64889566,6519.23019498892,,3.788,4.87452739,6.07499980926514,3.9,70.5536585365854,9473172.0,Europe & Central Asia,Upper middle income,1,4
Belarus,BLR,2012,6.67999158961994,46.91,6940.15925359735,,3.873,5.24690672,6.03800010681152,3.6,71.9658536585366,9464495.0,Europe & Central Asia,Upper middle income,1,4
Belarus,BLR,2013,6.73665225121031,54.17,7978.87261471076,,3.925,5.69563084,5.93499994277954,3.4,72.4707317073171,9465997.0,Europe & Central Asia,Upper middle income,1,4
Belarus,BLR,2014,6.70195770525782,59.02,8318.51268992675,,4.07,5.38792165,5.89300012588501,3.2,72.9707317073171,9474511.0,Europe & Central Asia,Upper middle income,1,4
Belarus,BLR,2015,2.86129610832048,67.3,5949.10630699748,,,6.06528028,5.91300010681152,3.1,73.6243902439025,9489616.0,Europe & Central Asia,Upper middle income,1,4
Belarus,BLR,2016,2.86129610832048,71.11304576,5025.40506387702,,,6.31679395,5.84000015258789,2.9,73.8268292682927,9501534.0,Europe & Central Asia,Upper middle income,1,4
Belarus,BLR,2017,2.86129610832048,74.43644541,5733.30720988764,,,5.533000995,5.65000009536743,2.8,74.1292682926829,9498264.0,Europe & Central Asia,Upper middle income,1,4
Belarus,BLR,2018,2.86129610832048,20.80096366,4234.64075149378,,,5.533000995,5.70800018310547,21.7,,,Europe & Central Asia,Upper middle income,1,4
Belgium,BEL,2000,11.2296676990611,29.43169169,23207.4059110078,,3.9,7.94200339,6.58599996566772,4.9,77.7219512195122,10251250.0,Europe & Central Asia,High income,1,0
Belgium,BEL,2001,11.1337155145009,31.28839551,23121.6011440246,,3.9,8.10531987,6.17700004577637,4.7,77.9731707317073,10286570.0,Europe & Central Asia,High income,1,0
Belgium,BEL,2002,10.3854951012723,46.33,25052.3393900855,,3.9,8.26349835,6.90999984741211,4.5,78.0756097560976,10332785.0,Europe & Central Asia,High income,1,0
Belgium,BEL,2003,10.882114174905,49.97,28490.211716540907,,,9.04339956,7.67999982833862,4.3,78.1292682926829,10376133.0,Europe & Central Asia,High income,1,0
Belgium,BEL,2004,10.6612902219787,53.86,28490.211716540907,,,9.05378647,7.36299991607666,4.3,78.8780487804878,10421137.0,Europe & Central Asia,High income,1,0
Belgium,BEL,2005,10.3553929874524,55.82,28490.211716540907,,2.045,8.96633019,8.4399995803833,4.1,78.9804878048781,10478617.0,Europe & Central Asia,High income,1,0
Belgium,BEL,2006,10.1510389973111,59.72,28490.211716540907,,2.093,8.86284512,8.24600028991699,4.0,79.380487804878,10547958.0,Europe & Central Asia,High income,1,0
Belgium,BEL,2007,9.74477719114976,64.44,28490.211716540907,,,8.88910585,7.45800018310547,3.9,79.7829268292683,10625700.0,Europe & Central Asia,High income,1,0
Belgium,BEL,2008,9.75198480892529,66.0,28490.211716540907,,,9.27231823,6.97599983215332,3.8,79.6804878048781,10709973.0,Europe & Central Asia,High income,1,0
Belgium,BEL,2009,9.24961568538969,70.0,28490.211716540907,,,9.99622285,7.90799999237061,3.7,80.0341463414634,10796493.0,Europe & Central Asia,High income,1,0
Belgium,BEL,2010,10.1714652153634,75.0,28490.211716540907,,2.911,9.84112539,8.29199981689453,3.7,80.1829268292683,10895586.0,Europe & Central Asia,High income,1,0
Belgium,BEL,2011,9.05433001058862,81.609996,28490.211716540907,,2.924,10.0035341,7.1399998664856,3.6,80.5853658536585,11038264.0,Europe & Central Asia,High income,1,0
Belgium,BEL,2012,8.56287874995543,80.71999055,28490.211716540907,,2.941,10.10650062,7.54199981689453,3.5,80.3853658536585,11106932.0,Europe & Central Asia,High income,1,0
Belgium,BEL,2013,8.68954309131301,82.1702,28490.211716540907,,2.959,10.27055629,8.42500019073486,3.4,80.5878048780488,11159407.0,Europe & Central Asia,High income,1,0
Belgium,BEL,2014,8.32815989783976,85.0,28490.211716540907,,2.971,10.301360604158114,8.52299976348877,3.3,81.2878048780488,11209057.0,Europe & Central Asia,High income,1,0
Belgium,BEL,2015,2.86129610832048,85.0529,28490.211716540907,,3.011,10.10563808,8.48200035095215,3.2,80.9926829268293,11274196.0,Europe & Central Asia,High income,1,0
Belgium,BEL,2016,2.86129610832048,86.5165,28490.211716540907,,,10.03841793,7.82999992370605,3.1,81.4390243902439,11331422.0,Europe & Central Asia,High income,1,0
Belgium,BEL,2017,2.86129610832048,87.67968082,28490.211716540907,,,5.533000995,7.08599996566772,3.1,81.4390243902439,11382393.0,Europe & Central Asia,High income,1,0
Belgium,BEL,2018,2.86129610832048,20.80096366,4234.64075149378,,,5.533000995,6.32299995422363,21.7,,,Europe & Central Asia,High income,1,0
Belize,BLZ,2000,1.60134241756464,5.963835303,3364.42371065241,,1.015,3.94203035,10.5590000152588,20.1,68.329,247315.0,Latin America & Caribbean,Upper middle income,2,4
Belize,BLZ,2001,1.75451793053682,20.80096366,3419.27571926082,,,4.2287922,9.06999969482422,19.5,68.356,254984.0,Latin America & Caribbean,Upper middle income,2,4
Belize,BLZ,2002,1.6502520918667,5.684251214,3556.56182543496,,,3.86432697,10.039999961853,18.9,68.46,262206.0,Latin America & Caribbean,Upper middle income,2,4
Belize,BLZ,2003,1.6077954891688,20.80096366,3679.90952327871,,,4.26017834,10.503999710083,18.5,68.619,269130.0,Latin America & Caribbean,Upper middle income,2,4
Belize,BLZ,2004,1.42116853623288,9.8,3831.5380185375,,,4.09160964,10.7980003356934,18.2,68.815,276089.0,Latin America & Caribbean,Upper middle income,2,4
Belize,BLZ,2005,1.48866657017689,17.0,3933.26214270837,,,4.21672778,10.9099998474121,17.9,69.023,283277.0,Latin America & Caribbean,Upper middle income,2,4
Belize,BLZ,2006,1.52609313251727,24.0,4187.29049654855,,,4.16392366,9.39000034332275,17.6,69.218,290747.0,Latin America & Caribbean,Upper middle income,2,4
Belize,BLZ,2007,1.59751614405828,24.6,4324.77304486825,,,4.56838435,8.51000022888184,17.3,69.385,298407.0,Latin America & Caribbean,Upper middle income,2,4
Belize,BLZ,2008,1.42528701843777,26.3,4470.22079597603,,,4.64610888,8.18000030517578,17.0,69.517,306165.0,Latin America & Caribbean,Upper middle income,2,4
Belize,BLZ,2009,1.86895763054703,27.2,4253.24675324675,,0.768,5.31106956,10.1149997711182,16.7,69.611,313929.0,Latin America & Caribbean,Upper middle income,2,4
Belize,BLZ,2010,1.67610569388821,28.2,4342.9631725579,,0.828,5.76487359,11.6590003967285,16.3,69.676,321608.0,Latin America & Caribbean,Upper middle income,2,4
Belize,BLZ,2011,1.82686092007096,30.7,4515.89270091618,,,5.57512577,12.7580003738403,15.8,69.731,329192.0,Latin America & Caribbean,Upper middle income,2,4
Belize,BLZ,2012,1.41582591082296,31.0,4644.55956471766,,,5.3225885,14.2700004577637,15.3,69.798,336701.0,Latin America & Caribbean,Upper middle income,2,4
Belize,BLZ,2013,1.49159889709194,33.6,4673.24503676844,,,5.72733113,11.6999998092651,14.7,69.895,344181.0,Latin America & Caribbean,Upper middle income,2,4
Belize,BLZ,2014,1.407601494481,38.7,4813.7180332903,,,5.65245816,11.5699996948242,14.1,70.027,351694.0,Latin America & Caribbean,Upper middle income,2,4
Belize,BLZ,2015,2.86129610832048,41.59,4905.53664469729,,,5.88424805,9.97000026702881,13.4,70.192,359288.0,Latin America & Caribbean,Upper middle income,2,4
Belize,BLZ,2016,2.86129610832048,44.57574032,4923.35892237174,,,6.12137415,7.90999984741211,12.8,70.384,366954.0,Latin America & Caribbean,Upper middle income,2,4
Belize,BLZ,2017,2.86129610832048,47.0826258,4971.20163552462,,,5.533000995,9.0,12.2,70.588,374681.0,Latin America & Caribbean,Upper middle income,2,4
Belize,BLZ,2018,2.86129610832048,20.80096366,4234.64075149378,,,5.533000995,9.36800003051758,21.7,,,Latin America & Caribbean,Upper middle income,2,4
Benin,BEN,2000,0.232860968567938,0.225247851,374.192394159235,,,4.23000811,0.815999984741211,88.6,55.391,6865951.0,Sub-Saharan Africa,Low income,6,1
Benin,BEN,2001,0.256497595712598,0.36341789,378.736053976421,,,4.42538029,0.712999999523163,86.5,55.668,7076733.0,Sub-Saharan Africa,Low income,6,1
Benin,BEN,2002,0.285000234394469,0.702945595,418.698576347103,34.6578483581543,,4.15323223,0.689999997615814,84.3,56.025,7295394.0,Sub-Saharan Africa,Low income,6,1
Benin,BEN,2003,0.313037269190904,0.951327115,519.292284661195,,,4.14783257,0.728999972343445,82.0,56.436,7520555.0,Sub-Saharan Africa,Low income,6,1
Benin,BEN,2004,0.323642155539533,1.182540965,583.409351430682,,0.039,4.19944892,0.768999993801117,79.9,56.887,7750004.0,Sub-Saharan Africa,Low income,6,1
Benin,BEN,2005,0.299985405071894,1.271031439,601.799976958875,,,4.01271636,0.805000007152557,77.9,57.355,7982225.0,Sub-Saharan Africa,Low income,6,1
Benin,BEN,2006,0.471267008855899,1.537854346,625.830091976463,28.7021102905273,,4.05954486,0.782999992370605,76.3,57.817,8216896.0,Sub-Saharan Africa,Low income,6,1
Benin,BEN,2007,0.531738986806416,1.79,706.053541900699,,,3.95197355,0.73199999332428,74.9,58.255,8454791.0,Sub-Saharan Africa,Low income,6,1
Benin,BEN,2008,0.507237393117284,1.85,820.151349819346,,0.06,3.68345436,0.787999987602234,73.9,58.654,8696916.0,Sub-Saharan Africa,Low income,6,1
Benin,BEN,2009,0.5210631853076,2.24,793.452430030705,,,3.8567478,0.967000007629395,72.9,59.009,8944706.0,Sub-Saharan Africa,Low income,6,1
Benin,BEN,2010,0.553283259010318,3.13,757.695907409377,,0.059,4.08980515,1.03999996185303,72.1,59.319,9199259.0,Sub-Saharan Africa,Low income,6,1
Benin,BEN,2011,0.559693353692425,4.148323066,825.942785363215,,,4.22198335,2.64599990844727,71.3,59.595,9460802.0,Sub-Saharan Africa,Low income,6,1
Benin,BEN,2012,0.562347006319148,4.5,837.950500075362,32.9488182067871,0.159,4.66644064,2.73499989509583,70.4,59.855,9729160.0,Sub-Saharan Africa,Low income,6,1
Benin,BEN,2013,0.580960914297046,4.9,915.328155408233,,0.146,3.90670457,2.66599988937378,69.3,60.113,10004451.0,Sub-Saharan Africa,Low income,6,1
Benin,BEN,2014,0.61421385181193,6.0,943.686575031401,,,3.64550634,2.54099988937378,68.0,60.373,10286712.0,Sub-Saharan Africa,Low income,6,1
Benin,BEN,2015,2.86129610832048,11.25498791,783.963077800944,,,3.99181962,2.46300005912781,66.6,60.639,10575952.0,Sub-Saharan Africa,Low income,6,1
Benin,BEN,2016,2.86129610832048,11.99404791,788.532442415695,,0.153,3.85561779,2.41899991035461,65.1,60.907,10872298.0,Sub-Saharan Africa,Low income,6,1
Benin,BEN,2017,2.86129610832048,14.11901233,827.393679394667,,,5.533000995,2.1800000667572,63.5,61.171,11175692.0,Sub-Saharan Africa,Low income,6,1
Benin,BEN,2018,2.86129610832048,20.80096366,4234.64075149378,,,5.533000995,2.125,21.7,,,Sub-Saharan Africa,Low income,6,1
Bermuda,BMU,2000,8.36199116976372,42.94986002,28490.211716540907,,,5.533000995,6.34000015258789,21.7,77.8853658536585,61833.0,North America,High income,4,0
Bermuda,BMU,2001,8.44822731345194,47.5096999,28490.211716540907,,,5.533000995,6.34000015258789,21.7,77.8853658536585,62504.0,North America,High income,4,0
Bermuda,BMU,2002,8.85974059003052,52.03159737,28490.211716540907,,,5.533000995,6.34000015258789,21.7,78.0878048780488,62912.0,North America,High income,4,0
Bermuda,BMU,2003,8.85986577181208,56.52201218,28490.211716540907,,,5.533000995,6.34000015258789,21.7,78.3341463414634,63325.0,North America,High income,4,0
Bermuda,BMU,2004,9.14736429243803,60.99086701,28490.211716540907,,,5.533000995,6.34000015258789,21.7,78.4853658536586,63740.0,North America,High income,4,0
Bermuda,BMU,2005,9.0883343205412,65.44706579,28490.211716540907,,,5.533000995,6.34000015258789,21.7,78.6853658536586,64154.0,North America,High income,4,0
Bermuda,BMU,2006,10.1161756272957,69.89965516,28490.211716540907,,,5.533000995,6.34000015258789,21.7,78.8878048780488,64523.0,North America,High income,4,0
Bermuda,BMU,2007,11.2460393293059,74.35059403,28490.211716540907,,,5.533000995,6.34000015258789,21.7,78.9341463414634,64888.0,North America,High income,4,0
Bermuda,BMU,2008,9.94375928791384,82.3,28490.211716540907,,,5.533000995,6.34000015258789,21.7,79.2365853658537,65273.0,North America,High income,4,0
Bermuda,BMU,2009,7.262934974709,83.25,28490.211716540907,,,5.533000995,6.34000015258789,21.7,79.3884390243903,65636.0,North America,High income,4,0
Bermuda,BMU,2010,9.34712241262822,84.21,28490.211716540907,,,5.533000995,6.34000015258789,21.7,79.2885365853658,65124.0,North America,High income,4,0
Bermuda,BMU,2011,6.87235920946658,88.336,28490.211716540907,,,5.533000995,6.34000015258789,21.7,81.1526829268293,64564.0,North America,High income,4,0
Bermuda,BMU,2012,7.35686286613784,91.29930452,28490.211716540907,,,5.533000995,6.34000015258789,21.7,81.6778048780488,64798.0,North America,High income,4,0
Bermuda,BMU,2013,7.05181458746789,95.3,28490.211716540907,,,5.533000995,6.34000015258789,21.7,80.5724390243902,65001.0,North America,High income,4,0
Bermuda,BMU,2014,8.83831498794885,96.8,4234.64075149378,,,5.533000995,6.34000015258789,21.7,80.7973170731707,65139.0,North America,High income,4,0
Bermuda,BMU,2015,2.86129610832048,98.32360965,4234.64075149378,,,5.533000995,6.34000015258789,21.7,81.0121951219512,65239.0,North America,High income,4,0
Bermuda,BMU,2016,2.86129610832048,98.0,4234.64075149378,,,5.533000995,6.34000015258789,21.7,81.2270731707317,65341.0,North America,High income,4,0
Bermuda,BMU,2017,2.86129610832048,98.37,4234.64075149378,,,5.533000995,6.34000015258789,21.7,81.4419512195122,65441.0,North America,High income,4,0
Bhutan,BTN,2000,0.690660881454302,0.400944447,765.863235765695,,,4.3102001,1.70799994468689,57.8,60.758,573416.0,South Asia,Lower middle income,5,2
Bhutan,BTN,2001,0.653044436906377,0.864628564,807.938767268667,,,4.85067181,1.89999997615814,55.1,61.625,589600.0,South Asia,Lower middle income,5,2
Bhutan,BTN,2002,0.689377785913235,1.675802584,885.638224530948,,,4.45450623,1.86600005626678,52.5,62.484,606399.0,South Asia,Lower middle income,5,2
Bhutan,BTN,2003,0.605839591680916,2.436912399,997.741714073303,,,4.00759189,1.79999995231628,49.9,63.322,623434.0,South Asia,Lower middle income,5,2
Bhutan,BTN,2004,0.481081773343621,3.156984196,1097.45708762103,,0.186,4.46518963,2.49000000953674,47.4,64.126,640282.0,South Asia,Lower middle income,5,2
Bhutan,BTN,2005,0.603125918503165,3.847106745,1247.06139160896,52.8146896362305,,4.01964203,3.09999990463257,44.9,64.882,656639.0,South Asia,Lower middle income,5,2
Bhutan,BTN,2006,0.583684404696026,4.518317258,1335.45690588598,,,4.29156698,3.13000011444092,42.5,65.578,672228.0,South Asia,Lower middle income,5,2
Bhutan,BTN,2007,0.571168834193648,5.92,1741.14255168898,,0.211,4.02999356,3.70000004768372,40.3,66.214,686958.0,South Asia,Lower middle income,5,2
Bhutan,BTN,2008,0.601619231043584,6.55,1795.18130720282,,0.246,3.30091976,3.46600008010864,38.1,66.792,700950.0,South Asia,Lower middle income,5,2
Bhutan,BTN,2009,0.544051574760168,7.17,1770.23449659172,,,3.46146147,3.96000003814697,36.1,67.315,714458.0,South Asia,Lower middle income,5,2
Bhutan,BTN,2010,0.670263220461739,13.6,2178.92138307967,,0.023,3.47362099,3.3199999332428,34.2,67.79,727641.0,South Asia,Lower middle income,5,2
Bhutan,BTN,2011,0.990398509135596,14.4,2458.0459761545,,,3.26993864,3.23000001907349,32.5,68.227,740510.0,South Asia,Lower middle income,5,2
Bhutan,BTN,2012,1.0860250183607,15.6,2422.00801577828,57.0335998535156,0.261,3.53426234,2.04999995231628,31.1,68.639,752967.0,South Asia,Lower middle income,5,2
Bhutan,BTN,2013,1.20322081779333,22.4,2350.88288924473,,0.269,3.62130797,2.86999988555908,29.8,69.038,764961.0,South Asia,Lower middle income,5,2
Bhutan,BTN,2014,1.28932137116716,30.3,2522.79495302098,,0.319,3.46894211,2.63000011444092,28.6,69.43,776448.0,South Asia,Lower middle income,5,2
Bhutan,BTN,2015,2.86129610832048,39.8,2616.01034294902,,0.324,3.65892296,2.45000004768372,27.6,69.817,787386.0,South Asia,Lower middle income,5,2
Bhutan,BTN,2016,2.86129610832048,41.77264453,2782.367966626,,0.381,3.45418055,2.33899998664856,26.5,70.197,797765.0,South Asia,Lower middle income,5,2
Bhutan,BTN,2017,2.86129610832048,48.10641588,3130.23354261776,,,5.533000995,2.17000007629395,25.6,70.565,807610.0,South Asia,Lower middle income,5,2
Bhutan,BTN,2018,2.86129610832048,20.80096366,4234.64075149378,,,5.533000995,2.19700002670288,21.7,,,South Asia,Lower middle income,5,2
Bolivia,BOL,2000,1.32705678701584,1.442763585,1007.00286888451,,,4.33804495,3.3659999370575,58.4,60.69,8339512.0,Latin America & Caribbean,Lower middle income,2,2
Bolivia,BOL,2001,1.01468179076371,2.120462534,958.236652408901,86.7236709594727,1.216,4.76304944,3.41799998283386,55.8,61.26,8496375.0,Latin America & Caribbean,Lower middle income,2,2
Bolivia,BOL,2002,1.20137877317962,3.117192947,913.575642272268,,,4.83112318,3.46000003814697,53.2,61.829,8653345.0,Latin America & Caribbean,Lower middle income,2,2
Bolivia,BOL,2003,1.25904043167068,3.508596401,917.36431048617,,,5.1311994,3.50300002098084,50.7,62.399,8810420.0,Latin America & Caribbean,Lower middle income,2,2
Bolivia,BOL,2004,1.23940655734817,4.439924601,978.334648481852,,,4.79972689,3.46199989318848,48.3,62.968,8967741.0,Latin America & Caribbean,Lower middle income,2,2
Bolivia,BOL,2005,1.3353309424268,5.227583957,1046.42738414317,,,4.96276208,3.25600004196167,46.0,63.538,9125409.0,Latin America & Caribbean,Lower middle income,2,2
Bolivia,BOL,2006,1.62190674169431,6.200671255,1233.59186917076,,,4.58558345,2.98799991607666,43.8,64.113,9283334.0,Latin America & Caribbean,Lower middle income,2,2
Bolivia,BOL,2007,1.3061689504275,10.49924432,1389.62934991949,90.7434692382813,0.336,4.61701452,2.72300004959106,41.6,64.692,9441444.0,Latin America & Caribbean,Lower middle income,2,2
Bolivia,BOL,2008,1.37896561979322,12.5,1736.93008403587,90.698112487793,,4.53157733,2.6029999256134,39.6,65.272,9599855.0,Latin America & Caribbean,Lower middle income,2,2
Bolivia,BOL,2009,1.43354506131319,16.8,1776.86647562189,91.1678314208984,,5.08111523,2.86299991607666,37.8,65.847,9758748.0,Latin America & Caribbean,Lower middle income,2,2
Bolivia,BOL,2010,1.53287064380966,22.4,1981.17011618476,,0.444,5.09703657,2.57699990272522,36.1,66.408,9918242.0,Latin America & Caribbean,Lower middle income,2,2
Bolivia,BOL,2011,1.60202932168512,30.0,2377.68877123935,92.2261505126953,0.473,5.06354666,2.21900010108948,34.7,66.945,10078343.0,Latin America & Caribbean,Lower middle income,2,2
Bolivia,BOL,2012,1.83546905538859,35.34,2645.22775260146,94.4605712890625,,5.12558001,2.04800009727478,33.4,67.451,10239004.0,Latin America & Caribbean,Lower middle income,2,2
Bolivia,BOL,2013,1.81899738314335,36.99,2947.93852628051,,,5.52485262,2.39400005340576,32.2,67.922,10400264.0,Latin America & Caribbean,Lower middle income,2,2
Bolivia,BOL,2014,1.93241949870287,34.6,3124.00030982516,,,5.77771607,2.00699996948242,31.1,68.357,10562159.0,Latin America & Caribbean,Lower middle income,2,2
Bolivia,BOL,2015,2.86129610832048,35.56227065,3077.02619917158,92.455078125,,6.42235639,3.06599998474121,30.0,68.756,10724705.0,Latin America & Caribbean,Lower middle income,2,2
Bolivia,BOL,2016,2.86129610832048,39.6975146,3117.3304591216,,,6.86056405,3.05599999427795,29.0,69.125,10887882.0,Latin America & Caribbean,Lower middle income,2,2
Bolivia,BOL,2017,2.86129610832048,43.83227607,3393.95581751781,,,5.533000995,3.23300004005432,28.0,69.473,11051600.0,Latin America & Caribbean,Lower middle income,2,2
Bolivia,BOL,2018,2.86129610832048,20.80096366,4234.64075149378,,,5.533000995,3.25799989700317,21.7,,,Latin America & Caribbean,Lower middle income,2,2
Bosnia and Herzegovina,BIH,2000,3.66047151012051,1.08296075,1461.75052047029,96.6631011962891,1.422,7.66593519,17.547250032424937,8.7,74.413,3766706.0,Europe & Central Asia,Upper middle income,1,4
Bosnia and Herzegovina,BIH,2001,3.54323567251896,1.200526951,1524.41202152334,,1.338,7.2888782,17.547250032424937,8.3,74.653,3771284.0,Europe & Central Asia,Upper middle income,1,4
Bosnia and Herzegovina,BIH,2002,3.78761414447296,2.648267914,1761.53764718861,,,7.13765694,17.547250032424937,8.1,74.824,3775807.0,Europe & Central Asia,Upper middle income,1,4
Bosnia and Herzegovina,BIH,2003,3.83365178301392,3.965036834,2214.73224591872,,1.34,8.04377063,17.547250032424937,8.0,74.967,3779247.0,Europe & Central Asia,Upper middle income,1,4
Bosnia and Herzegovina,BIH,2004,4.12833487645873,15.46897162,2802.27491705489,,,9.06270219,17.547250032424937,7.9,75.096,3781287.0,Europe & Central Asia,Upper middle income,1,4
Bosnia and Herzegovina,BIH,2005,4.28516314824952,21.326701,2967.83405643356,,1.418,9.05223725,17.547250032424937,7.8,75.223,3781530.0,Europe & Central Asia,Upper middle income,1,4
Bosnia and Herzegovina,BIH,2006,4.64746096540571,25.12238569,3403.81529715873,,,9.17218676,17.547250032424937,7.5,75.353,3779468.0,Europe & Central Asia,Upper middle income,1,4
Bosnia and Herzegovina,BIH,2007,4.67751404345522,27.92,4180.91353198174,,,9.53060185,17.547250032424937,7.2,75.486,3774000.0,Europe & Central Asia,Upper middle income,1,4
Bosnia and Herzegovina,BIH,2008,5.35493605987248,34.66,5078.31457720914,,,9.68943897,17.547250032424937,6.9,75.619,3763599.0,Europe & Central Asia,Upper middle income,1,4
Bosnia and Herzegovina,BIH,2009,5.52610300486233,37.74,4701.33442641347,,1.65,9.02212123,17.547250032424937,6.5,75.758,3746561.0,Europe & Central Asia,Upper middle income,1,4
Bosnia and Herzegovina,BIH,2010,5.71613483199197,42.75,4614.8290411405,,1.738,9.01888267,17.547250032424937,6.2,75.905,3722084.0,Europe & Central Asia,Upper middle income,1,4
Bosnia and Herzegovina,BIH,2011,6.47538958460123,43.88768653,5054.32534423757,98.1420364379883,1.796,9.17856037,17.547250032424937,5.9,76.06,3688865.0,Europe & Central Asia,Upper middle income,1,4
Bosnia and Herzegovina,BIH,2012,6.10128008332876,45.06450043,4722.01340306727,,1.835,9.49001539,17.547250032424937,5.7,76.223,3648200.0,Europe & Central Asia,Upper middle income,1,4
Bosnia and Herzegovina,BIH,2013,6.08081333725751,48.52131417,5042.58221304612,96.9917678833008,1.886,9.4868973,17.547250032424937,5.5,76.39,3604999.0,Europe & Central Asia,Upper middle income,1,4
Bosnia and Herzegovina,BIH,2014,6.23471916168303,49.91773243,5204.24371841169,,,9.56130986,17.547250032424937,5.4,76.561,3566002.0,Europe & Central Asia,Upper middle income,1,4
Bosnia and Herzegovina,BIH,2015,2.86129610832048,52.6,4584.24254781755,,,9.34804253,17.547250032424937,5.2,76.735,3535961.0,Europe & Central Asia,Upper middle income,1,4
Bosnia and Herzegovina,BIH,2016,2.86129610832048,60.26,4808.63604287112,,,9.22955617,17.547250032424937,5.1,76.911,3516816.0,Europe & Central Asia,Upper middle income,1,4
Bosnia and Herzegovina,BIH,2017,2.86129610832048,69.49115242,5148.20851695939,,,5.533000995,17.547250032424937,4.9,77.087,3507017.0,Europe & Central Asia,Upper middle income,1,4
Bosnia and Herzegovina,BIH,2018,2.86129610832048,20.80096366,4234.64075149378,,,5.533000995,17.547250032424937,21.7,,,Europe & Central Asia,Upper middle income,1,4
Botswana,BWA,2000,2.18746137912679,2.902666622,3349.06882277651,,0.287,5.81746631,15.8800001144409,50.0,49.03,1728340.0,Sub-Saharan Africa,Upper middle income,6,4
Botswana,BWA,2001,2.19401288366806,3.430886787,3128.09779260454,,0.289,6.58709992,17.547250032424937,49.3,48.838,1754935.0,Sub-Saharan Africa,Upper middle income,6,4
Botswana,BWA,2002,2.23528093157516,3.385922351,3055.61838247154,,0.3,4.74430497,17.547250032424937,48.4,49.108,1779953.0,Sub-Saharan Africa,Upper middle income,6,4
Botswana,BWA,2003,2.12174541480287,3.345190174,4163.06590578447,81.1887130737305,0.291,5.78467497,17.547250032424937,47.4,49.788,1804339.0,Sub-Saharan Africa,Upper middle income,6,4
Botswana,BWA,2004,2.13084626611929,3.304889253,4896.58383481133,,0.389,6.22927421,17.547250032424937,46.1,50.832,1829330.0,Sub-Saharan Africa,Upper middle income,6,4
Botswana,BWA,2005,2.20709356134002,3.262554036,5351.25373171646,,0.25,5.26284678,17.547250032424937,42.5,52.165,1855852.0,Sub-Saharan Africa,Upper middle income,6,4
Botswana,BWA,2006,2.19525134298321,4.289932975,5374.55486690776,,0.312,5.00414503,17.547250032424937,41.1,53.695,1884238.0,Sub-Saharan Africa,Upper middle income,6,4
Botswana,BWA,2007,2.210450822027,5.28,5714.04793606743,,,5.25331187,16.628999710083,41.8,55.312,1914414.0,Sub-Saharan Africa,Upper middle income,6,4
Botswana,BWA,2008,2.31548317852227,6.25,5623.37956613594,,0.338,5.71637698,15.9300003051758,41.5,56.919,1946351.0,Sub-Saharan Africa,Upper middle income,6,4
Botswana,BWA,2009,1.90028597663901,6.15,5185.72984538137,,0.345,6.74577338,16.1690006256104,40.3,58.45,1979882.0,Sub-Saharan Africa,Upper middle income,6,4
Botswana,BWA,2010,2.32592440390577,6.0,6346.15620387349,,0.336,6.0187303,17.547250032424937,38.5,59.868,2014866.0,Sub-Saharan Africa,Upper middle income,6,4
Botswana,BWA,2011,2.03609106052193,9.0,7483.87868923783,,,6.29967125,17.547250032424937,38.9,61.179,2051339.0,Sub-Saharan Africa,Upper middle income,6,4
Botswana,BWA,2012,2.02540928486131,16.0,6901.97197112909,,0.384,6.48440961,17.547250032424937,36.8,62.425,2089315.0,Sub-Saharan Africa,Upper middle income,6,4
Botswana,BWA,2013,2.45671825368674,30.0,7001.03441754297,,,5.39956098,17.547250032424937,34.8,63.63,2128507.0,Sub-Saharan Africa,Upper middle income,6,4
Botswana,BWA,2014,3.24328763661634,36.74474744,7493.75292370659,87.6999969482422,,5.30536553,17.547250032424937,34.4,64.78,2168573.0,Sub-Saharan Africa,Upper middle income,6,4
Botswana,BWA,2015,2.86129610832048,37.31205037,6521.14612848265,,,5.96507028,17.547250032424937,33.1,65.846,2209197.0,Sub-Saharan Africa,Upper middle income,6,4
Botswana,BWA,2016,2.86129610832048,39.36299738,6954.14412626757,,,5.46320154,17.547250032424937,32.3,66.797,2250260.0,Sub-Saharan Africa,Upper middle income,6,4
Botswana,BWA,2017,2.86129610832048,41.41379464,7595.6111411324,,,5.533000995,17.547250032424937,30.8,67.618,2291661.0,Sub-Saharan Africa,Upper middle income,6,4
Botswana,BWA,2018,2.86129610832048,20.80096366,4234.64075149378,,,5.533000995,17.547250032424937,21.7,,,Sub-Saharan Africa,Upper middle income,6,4
Brazil,BRA,2000,1.87111831255912,2.870685159,3739.11613889057,86.3678817749023,1.127,6.56181769,9.89400005340576,30.4,70.055,175287587.0,Latin America & Caribbean,Upper middle income,2,4
Brazil,BRA,2001,1.89835387399665,4.528494869,3146.94890373755,,1.38,6.7298316,9.60999965667725,28.6,70.486,177750670.0,Latin America & Caribbean,Upper middle income,2,4
Brazil,BRA,2002,1.84437961081553,9.149425086,2819.64812003935,,1.406,8.18188846,9.37100028991699,26.8,70.896,180151021.0,Latin America & Caribbean,Upper middle income,2,4
Brazil,BRA,2003,1.76248236204189,13.2075861,3059.58650695164,,1.46,7.84622081,9.99100017547607,25.2,71.29,182482149.0,Latin America & Caribbean,Upper middle income,2,4
Brazil,BRA,2004,1.82867198122873,19.07367227,3623.0499120237,88.6162414550781,1.569,8.06186239,9.10499954223633,23.6,71.67,184738458.0,Latin America & Caribbean,Upper middle income,2,4
Brazil,BRA,2005,1.8580879921582,21.02274725,4770.1838527168,,1.645,8.25106619,9.56799983978271,22.1,72.04,186917361.0,Latin America & Caribbean,Upper middle income,2,4
Brazil,BRA,2006,1.83939385948897,28.17838018,5860.14578561448,89.6152267456055,1.678,8.34044194,8.63899993896484,20.8,72.405,189012412.0,Latin America & Caribbean,Upper middle income,2,4
Brazil,BRA,2007,1.90137191704841,30.88,7313.55779433182,90.0093688964844,1.707,8.2778788,8.32699966430664,19.5,72.768,191026637.0,Latin America & Caribbean,Upper middle income,2,4
Brazil,BRA,2008,2.00867025815536,33.83,8787.61062665204,90.03662109375,1.755,8.11638847,7.34299993515015,18.5,73.129,192979029.0,Latin America & Caribbean,Upper middle income,2,4
Brazil,BRA,2009,1.88381178441449,39.22,8553.3813818067,90.298210144043,1.791,8.44724142,8.52200031280518,17.5,73.488,194895996.0,Latin America & Caribbean,Upper middle income,2,4
Brazil,BRA,2010,2.13293757108779,40.65,11224.1540829355,90.3791809082031,1.787,9.723471,7.72599983215332,16.7,73.838,196796269.0,Latin America & Caribbean,Upper middle income,2,4
Brazil,BRA,2011,2.21158723527567,45.69,13167.4728917533,91.4112396240234,1.821,9.7830923,6.91699981689453,16.0,74.174,198686688.0,Latin America & Caribbean,Upper middle income,2,4
Brazil,BRA,2012,2.3435701150308,48.56,12291.4668523291,91.3378524780273,,10.03918369,7.19299983978271,15.4,74.488,200560983.0,Latin America & Caribbean,Upper middle income,2,4
Brazil,BRA,2013,2.48841718370983,51.04,12216.9044643396,91.4842376708984,1.852,10.23850921,6.9850001335144,14.9,74.777,202408632.0,Latin America & Caribbean,Upper middle income,2,4
Brazil,BRA,2014,2.59438828549778,54.55100188,12026.6193906313,91.7294311523438,,10.301360604158114,6.67000007629395,14.5,75.042,204213133.0,Latin America & Caribbean,Upper middle income,2,4
Brazil,BRA,2015,2.86129610832048,58.32795173,8750.22299607324,92.0478973388672,,10.301360604158114,8.4370002746582,14.0,75.284,205962108.0,Latin America & Caribbean,Upper middle income,2,4
Brazil,BRA,2016,2.86129610832048,60.87254007,8650.37637254844,,,10.301360604158114,11.6090002059937,14.6,75.509,207652865.0,Latin America & Caribbean,Upper middle income,2,4
Brazil,BRA,2017,2.86129610832048,67.47,9812.27853101845,,,5.533000995,12.8269996643066,13.2,75.723,209288278.0,Latin America & Caribbean,Upper middle income,2,4
Brazil,BRA,2018,2.86129610832048,20.80096366,4234.64075149378,,,5.533000995,12.543999671936,21.7,,,Latin America & Caribbean,Upper middle income,2,4
British Virgin Islands,VGB,2000,4.97340760474691,20.80096366,4234.64075149378,,,5.533000995,6.34000015258789,21.7,,20645.0,Latin America & Caribbean,High income,2,0
British Virgin Islands,VGB,2001,5.04353806023239,20.80096366,4234.64075149378,,,5.533000995,6.34000015258789,21.7,,21085.0,Latin America & Caribbean,High income,2,0
British Virgin Islands,VGB,2002,5.2801802220261,18.88574127,4234.64075149378,,,5.533000995,6.34000015258789,21.7,,21529.0,Latin America & Caribbean,High income,2,0
British Virgin Islands,VGB,2003,5.5005,20.80096366,4234.64075149378,,,5.533000995,6.34000015258789,21.7,,22000.0,Latin America & Caribbean,High income,2,0
British Virgin Islands,VGB,2004,5.53116543187969,20.80096366,4234.64075149378,,,5.533000995,6.34000015258789,21.7,,22541.0,Latin America & Caribbean,High income,2,0
British Virgin Islands,VGB,2005,5.6980317679558,20.80096366,4234.64075149378,,,5.533000995,6.34000015258789,21.7,,23168.0,Latin America & Caribbean,High income,2,0
British Virgin Islands,VGB,2006,5.98255595063794,20.80096366,4234.64075149378,,,5.533000995,6.34000015258789,21.7,,23905.0,Latin America & Caribbean,High income,2,0
British Virgin Islands,VGB,2007,6.07929319477579,20.80096366,4234.64075149378,,,5.533000995,6.34000015258789,21.7,,24731.0,Latin America & Caribbean,High income,2,0
British Virgin Islands,VGB,2008,6.30167161381034,20.80096366,4234.64075149378,,,5.533000995,6.34000015258789,21.7,,25604.0,Latin America & Caribbean,High income,2,0
British Virgin Islands,VGB,2009,6.23946005217983,36.0,4234.64075149378,,,5.533000995,6.34000015258789,21.7,,26447.0,Latin America & Caribbean,High income,2,0
British Virgin Islands,VGB,2010,6.33077431677931,37.0,4234.64075149378,,,5.533000995,6.34000015258789,21.7,,27224.0,Latin America & Caribbean,High income,2,0
British Virgin Islands,VGB,2011,6.30859108992509,37.4,4234.64075149378,,,5.533000995,6.34000015258789,21.7,,27901.0,Latin America & Caribbean,High income,2,0
British Virgin Islands,VGB,2012,6.17405029990529,37.6,4234.64075149378,,,5.533000995,6.34000015258789,21.7,,28509.0,Latin America & Caribbean,High income,2,0
British Virgin Islands,VGB,2013,6.05781938325991,20.80096366,4234.64075149378,,,5.533000995,6.34000015258789,21.7,,29056.0,Latin America & Caribbean,High income,2,0
British Virgin Islands,VGB,2014,6.07283358118156,20.80096366,4234.64075149378,,,5.533000995,6.34000015258789,21.7,,29588.0,Latin America & Caribbean,High income,2,0
British Virgin Islands,VGB,2015,2.86129610832048,20.80096366,4234.64075149378,,,5.533000995,6.34000015258789,21.7,,30113.0,Latin America & Caribbean,High income,2,0
British Virgin Islands,VGB,2016,2.86129610832048,20.80096366,4234.64075149378,,,5.533000995,6.34000015258789,21.7,,30661.0,Latin America & Caribbean,High income,2,0
British Virgin Islands,VGB,2017,2.86129610832048,20.80096366,4234.64075149378,,,5.533000995,6.34000015258789,21.7,,31196.0,Latin America & Caribbean,High income,2,0
Brunei Darussalam,BRN,2000,11.48600787602411,8.996284534,18008.4482589612,,1.016,2.54324771,5.59999990463257,9.6,75.202,333241.0,East Asia & Pacific,High income,0,0
Brunei Darussalam,BRN,2001,11.48600787602411,12.91776908,16468.1288626009,92.6711273193359,,2.54193896,5.63399982452393,9.6,75.425,340117.0,East Asia & Pacific,High income,0,0
Brunei Darussalam,BRN,2002,11.48600787602411,15.32987986,16846.0219841083,,1.165,2.52989703,5.77199983596802,9.6,75.65,346867.0,East Asia & Pacific,High income,0,0
Brunei Darussalam,BRN,2003,11.48600787602411,19.59500322,18555.5664851075,,,2.59788566,5.88100004196167,9.6,75.875,353389.0,East Asia & Pacific,High income,0,0
Brunei Darussalam,BRN,2004,11.48600787602411,29.71560414,21896.6052658777,,1.302,2.54709627,5.91499996185303,9.5,76.093,359523.0,East Asia & Pacific,High income,0,0
Brunei Darussalam,BRN,2005,11.48600787602411,36.46639195,26102.1334542119,,1.078,2.22967588,5.86899995803833,9.5,76.291,365158.0,East Asia & Pacific,High income,0,0
Brunei Darussalam,BRN,2006,11.48600787602411,42.18634916,28490.211716540907,,1.084,1.90329323,5.74300003051758,9.4,76.455,370250.0,East Asia & Pacific,High income,0,0
Brunei Darussalam,BRN,2007,11.48600787602411,44.68,28490.211716540907,,1.05,1.94069532,5.62400007247925,9.2,76.577,374864.0,East Asia & Pacific,High income,0,0
Brunei Darussalam,BRN,2008,11.48600787602411,46.0,28490.211716540907,,1.481,1.86958547,5.69700002670288,9.1,76.656,379252.0,East Asia & Pacific,High income,0,0
Brunei Darussalam,BRN,2009,11.48600787602411,49.0,27965.4750379503,,1.15,2.39306613,6.42399978637695,9.0,76.699,383772.0,East Asia & Pacific,High income,0,0
Brunei Darussalam,BRN,2010,11.48600787602411,53.0,28490.211716540907,,1.431,2.278261,6.65799999237061,8.9,76.719,388662.0,East Asia & Pacific,High income,0,0
Brunei Darussalam,BRN,2011,11.48600787602411,56.0,28490.211716540907,96.085563659668,1.522,1.86409724,6.71999979019165,8.9,76.734,394013.0,East Asia & Pacific,High income,0,0
Brunei Darussalam,BRN,2012,11.48600787602411,60.27306504,28490.211716540907,,1.47,1.8509721,6.89699983596802,8.9,76.764,399748.0,East Asia & Pacific,High income,0,0
Brunei Darussalam,BRN,2013,11.48600787602411,64.5,28490.211716540907,,,1.89831397,7.02899980545044,8.9,76.823,405716.0,East Asia & Pacific,High income,0,0
Brunei Darussalam,BRN,2014,11.48600787602411,68.77,28490.211716540907,,,1.91436808,6.96500015258789,9.0,76.917,411704.0,East Asia & Pacific,High income,0,0
Brunei Darussalam,BRN,2015,2.86129610832048,71.2,28490.211716540907,,1.746,2.3870891,7.75600004196167,9.0,77.046,417542.0,East Asia & Pacific,High income,0,0
Brunei Darussalam,BRN,2016,2.86129610832048,90.0,26939.4180218582,,,2.3409551,8.55900001525879,9.0,77.203,423196.0,East Asia & Pacific,High income,0,0
Brunei Darussalam,BRN,2017,2.86129610832048,94.86669164,28290.5851955712,,,5.533000995,9.31599998474121,9.0,77.374,428697.0,East Asia & Pacific,High income,0,0
Brunei Darussalam,BRN,2018,2.86129610832048,20.80096366,4234.64075149378,,,5.533000995,9.22399997711182,21.7,,,East Asia & Pacific,High income,0,0
Bulgaria,BGR,2000,5.32803434248386,5.370923469,1609.88245178581,,3.399,5.8708527,16.2180004119873,14.4,71.6634146341463,8170172.0,Europe & Central Asia,Upper middle income,1,4
Bulgaria,BGR,2001,5.80006647403679,7.612297749,1757.44377980694,98.2035598754883,,6.91216546,17.547250032424937,13.8,71.7682926829268,8009142.0,Europe & Central Asia,Upper middle income,1,4
Bulgaria,BGR,2002,5.69526694679362,9.08,2076.83068237844,,,7.13596914,17.547250032424937,13.1,71.8658536585366,7837161.0,Europe & Central Asia,Upper middle income,1,4
Bulgaria,BGR,2003,6.08437008501379,12.04,2698.62424839705,,3.562,7.25556114,13.7329998016357,12.5,72.0658536585366,7775327.0,Europe & Central Asia,Upper middle income,1,4
Bulgaria,BGR,2004,6.06489180832618,18.13,3363.79964421813,,,6.94398137,12.0369997024536,11.7,72.5634146341463,7716860.0,Europe & Central Asia,Upper middle income,1,4
Bulgaria,BGR,2005,6.25628204411767,19.97,3869.52945510511,,,6.94420055,10.0830001831055,11.0,72.5609756097561,7658972.0,Europe & Central Asia,Upper middle income,1,4
Bulgaria,BGR,2006,6.44533327228891,27.09,4490.20177692701,,3.66,6.57317955,8.95100021362305,10.4,72.6121951219512,7601022.0,Europe & Central Asia,Upper middle income,1,4
Bulgaria,BGR,2007,6.92543528202448,33.64,5885.94925197955,,3.665,6.15947624,6.87799978256226,9.9,72.6634146341463,7545338.0,Europe & Central Asia,Upper middle income,1,4
Bulgaria,BGR,2008,6.77208754122923,39.67,7261.75449200277,,3.635,6.29068295,5.60900020599365,9.6,72.9634146341463,7492561.0,Europe & Central Asia,Upper middle income,1,4
Bulgaria,BGR,2009,5.73119372396296,45.0,6969.55855668357,,,6.61345274,6.81699991226196,9.3,73.4121951219512,7444443.0,Europe & Central Asia,Upper middle income,1,4
Bulgaria,BGR,2010,5.9649002061902,46.23,6843.26694975885,,3.775,7.10581466,10.2790002822876,9.0,73.5121951219512,7395599.0,Europe & Central Asia,Upper middle income,1,4
Bulgaria,BGR,2011,6.71538056004032,47.97999305,7813.80669236432,98.3524475097656,3.859,7.1348085,11.2600002288818,8.7,74.1634146341463,7348328.0,Europe & Central Asia,Upper middle income,1,4
Bulgaria,BGR,2012,6.11945652602394,51.89998767,7378.02473005713,,3.916,7.59439374,12.2700004577637,8.3,74.3146341463415,7305888.0,Europe & Central Asia,Upper middle income,1,4
Bulgaria,BGR,2013,5.4506959628306,53.0615,7646.83986554542,,3.984,7.84915068,12.9409999847412,7.8,74.8609756097561,7265115.0,Europe & Central Asia,Upper middle income,1,4
Bulgaria,BGR,2014,5.87161586934993,55.49,7864.76067225524,,3.999,8.51112283,11.423999786377,7.4,74.4658536585366,7223938.0,Europe & Central Asia,Upper middle income,1,4
Bulgaria,BGR,2015,2.86129610832048,56.6563,6993.78348267387,,,8.20309288,9.14299964904785,7.0,74.6146341463415,7177991.0,Europe & Central Asia,Upper middle income,1,4
Bulgaria,BGR,2016,2.86129610832048,59.82554766,7469.45563823624,,,8.23011604,7.57499980926514,6.7,74.8121951219512,7127822.0,Europe & Central Asia,Upper middle income,1,4
Bulgaria,BGR,2017,2.86129610832048,63.41010138,8228.0115697265,,,5.533000995,6.16400003433228,6.3,74.8121951219512,7075947.0,Europe & Central Asia,Upper middle income,1,4
Bulgaria,BGR,2018,2.86129610832048,20.80096366,4234.64075149378,,,5.533000995,5.26100015640259,21.7,,,Europe & Central Asia,Upper middle income,1,4
Burkina Faso,BFA,2000,0.0897168507561461,0.077080169,226.47598136698,,,3.31752214,2.66400003433228,91.04999999999998,50.489,11607942.0,Sub-Saharan Africa,Low income,6,1
Burkina Faso,BFA,2001,0.0835042685025443,0.157732465,235.491232436187,,0.04,3.24898607,2.77800011634827,90.0,50.893,11944587.0,Sub-Saharan Africa,Low income,6,1
Burkina Faso,BFA,2002,0.0817334927723682,0.200992598,260.763541319743,,,3.34058614,2.80900001525879,88.3,51.384,12293100.0,Sub-Saharan Africa,Low income,6,1
Burkina Faso,BFA,2003,0.0851940172684745,0.373440303,332.344305065633,21.8229198455811,,3.53623761,2.77999997138977,86.3,51.956,12654621.0,Sub-Saharan Africa,Low income,6,1
Burkina Faso,BFA,2004,0.0847059710132382,0.400295285,371.323086483012,,0.054,4.74466418,3.39000010490417,83.9,52.602,13030569.0,Sub-Saharan Africa,Low income,6,1
Burkina Faso,BFA,2005,0.0838753443059232,0.469914489,406.998807060623,23.5537204742432,,4.44255899,4.0,81.2,53.31,13421930.0,Sub-Saharan Africa,Low income,6,1
Burkina Faso,BFA,2006,0.098375846950256,0.632707564,420.582523292431,22.4725799560547,0.028,5.07866682,3.69899988174438,78.2,54.063,13829177.0,Sub-Saharan Africa,Low income,6,1
Burkina Faso,BFA,2007,0.115526282202363,0.75,475.110012184526,28.7292098999023,,5.88637817,3.29999995231628,75.0,54.841,14252021.0,Sub-Saharan Africa,Low income,6,1
Burkina Faso,BFA,2008,0.130556621682392,0.92,569.761278420207,,0.032,5.22738885,3.59400010108948,71.9,55.618,14689726.0,Sub-Saharan Africa,Low income,6,1
Burkina Faso,BFA,2009,0.127633337580053,1.13,552.745552106433,,0.045,5.71526658,4.39699983596802,68.9,56.376,15141099.0,Sub-Saharan Africa,Low income,6,1
Burkina Faso,BFA,2010,0.125717252121518,2.4,575.446452687734,,0.046,5.8929595,4.90899991989136,66.0,57.096,15605217.0,Sub-Saharan Africa,Low income,6,1
Burkina Faso,BFA,2011,0.137496219353131,3.0,666.840410055466,,0.038,5.20144013,5.29300022125244,63.2,57.762,16081904.0,Sub-Saharan Africa,Low income,6,1
Burkina Faso,BFA,2012,0.158663009401362,3.725034916,673.822818226635,,0.047,4.89312958,5.80900001525879,60.6,58.377,16571216.0,Sub-Saharan Africa,Low income,6,1
Burkina Faso,BFA,2013,0.179132409048047,9.1,699.781537016479,,,6.14418635,6.27799987792969,58.2,58.942,17072723.0,Sub-Saharan Africa,Low income,6,1
Burkina Faso,BFA,2014,0.162018806234081,9.4,703.821656461717,34.5993995666504,,5.6191598,6.47900009155273,56.1,59.457,17585977.0,Sub-Saharan Africa,Low income,6,1
Burkina Faso,BFA,2015,2.86129610832048,11.38764617,575.314454176311,,,5.82531598,6.7039999961853,54.3,59.927,18110624.0,Sub-Saharan Africa,Low income,6,1
Burkina Faso,BFA,2016,2.86129610832048,13.96,583.830898212126,,,6.75254452,6.36399984359741,52.6,60.361,18646433.0,Sub-Saharan Africa,Low income,6,1
Burkina Faso,BFA,2017,2.86129610832048,15.87620691,642.037148269037,,,5.533000995,6.0149998664856,51.2,60.77,19193382.0,Sub-Saharan Africa,Low income,6,1
Burkina Faso,BFA,2018,2.86129610832048,20.80096366,4234.64075149378,,,5.533000995,6.05900001525879,21.7,,,Sub-Saharan Africa,Low income,6,1
Burundi,BDI,2000,0.0423950108003711,0.077248447,135.998445465725,59.3036193847656,0.052,6.1769717,2.10599994659424,91.04999999999998,51.545,6400706.0,Sub-Saharan Africa,Low income,6,1
Burundi,BDI,2001,0.0313235747912278,0.106001245,133.742768926491,,,6.40484397,2.06200003623962,91.04999999999998,51.779,6555829.0,Sub-Saharan Africa,Low income,6,1
Burundi,BDI,2002,0.0315484422098179,0.118228412,122.433589296366,,,6.47216086,2.12199997901917,89.6,51.977,6741569.0,Sub-Saharan Africa,Low income,6,1
Burundi,BDI,2003,0.0232051456664087,0.201273197,112.849370292195,,,6.31327698,2.06699991226196,86.3,52.19,6953113.0,Sub-Saharan Africa,Low income,6,1
Burundi,BDI,2004,0.0275696973080638,0.349060462,127.429664803296,,0.026,7.70102642,2.04500007629395,82.6,52.437,7182451.0,Sub-Saharan Africa,Low income,6,1
Burundi,BDI,2005,0.0207474072476499,0.542142866,150.487613462472,,,8.42368558,1.94799995422363,78.7,52.735,7423289.0,Sub-Saharan Africa,Low income,6,1
Burundi,BDI,2006,0.0243659627758413,0.65759259,165.904748464318,,,9.9423231,1.79999995231628,74.6,53.09,7675338.0,Sub-Saharan Africa,Low income,6,1
Burundi,BDI,2007,0.0235550450886968,0.7,170.815151502331,,,10.301360604158114,1.63999998569489,70.5,53.492,7939573.0,Sub-Saharan Africa,Low income,6,1
Burundi,BDI,2008,0.0232194191516493,0.81,196.271807860329,48.0840606689453,,9.23542747,1.63399994373322,66.4,53.926,8212264.0,Sub-Saharan Africa,Low income,6,1
Burundi,BDI,2009,0.0224623988297369,0.9,209.853762116211,,,10.301360604158114,1.79499995708466,62.6,54.386,8489031.0,Sub-Saharan Africa,Low income,6,1
Burundi,BDI,2010,0.0242600317328871,1.0,231.795536921138,,,10.301360604158114,1.79999995231628,59.2,54.861,8766930.0,Sub-Saharan Africa,Low income,6,1
Burundi,BDI,2011,0.0267619600712467,1.11,247.229379111229,,,9.96448336,1.76600003242493,56.1,55.338,9043508.0,Sub-Saharan Africa,Low income,6,1
Burundi,BDI,2012,0.030296972759882,1.219999945,250.362736551083,,,8.63756421,1.71200001239777,53.1,55.807,9319710.0,Sub-Saharan Africa,Low income,6,1
Burundi,BDI,2013,0.0301757695111324,1.264218111,255.372690981804,,,8.22941463,1.67400002479553,50.5,56.259,9600186.0,Sub-Saharan Africa,Low income,6,1
Burundi,BDI,2014,0.0444853762564713,1.38,273.538284989312,61.5697288513184,,5.39602419,1.57000005245209,48.0,56.688,9891790.0,Sub-Saharan Africa,Low income,6,1
Burundi,BDI,2015,2.86129610832048,4.866224464,304.374220715324,,,4.88310844,1.59200000762939,45.9,57.094,10199270.0,Sub-Saharan Africa,Low income,6,1
Burundi,BDI,2016,2.86129610832048,5.173626777,281.181337625778,,,6.19156298,1.56599998474121,44.1,57.481,10524117.0,Sub-Saharan Africa,Low income,6,1
Burundi,BDI,2017,2.86129610832048,5.594670768,292.005210338326,,,5.533000995,1.50100004673004,42.5,57.857,10864245.0,Sub-Saharan Africa,Low income,6,1
Burundi,BDI,2018,2.86129610832048,20.80096366,4234.64075149378,,,5.533000995,1.52799999713898,21.7,,,Sub-Saharan Africa,Low income,6,1
Cabo Verde,CPV,2000,0.497272909057895,1.822443852,1239.37785465723,,,4.43401194,11.7279996871948,29.2,69.747,435079.0,Sub-Saharan Africa,Lower middle income,6,2
Cabo Verde,CPV,2001,0.52891489150718,2.685332713,1268.88456421816,,,4.75244355,11.6969995498657,26.5,70.358,443716.0,Sub-Saharan Africa,Lower middle income,6,2
Cabo Verde,CPV,2002,0.608319730328728,3.518757175,1373.51563622315,,,4.75569435,11.7150001525879,24.5,70.882,452106.0,Sub-Saharan Africa,Lower middle income,6,2
Cabo Verde,CPV,2003,0.669412166112134,4.324885391,1768.92130162582,,,4.50008628,11.8129997253418,23.2,71.293,460147.0,Sub-Saharan Africa,Lower middle income,6,2
Cabo Verde,CPV,2004,0.705698963358308,5.31883207,1976.45850602099,81.0,0.493,4.37710666,11.3590002059937,22.5,71.584,467664.0,Sub-Saharan Africa,Lower middle income,6,2
Cabo Verde,CPV,2005,0.927245257255561,6.074087107,2048.13459038853,,,4.27364095,11.2340002059937,22.2,71.76,474567.0,Sub-Saharan Africa,Lower middle income,6,2
Cabo Verde,CPV,2006,0.983876704208654,6.808911008,2304.2899020136,,,4.48974972,10.9650001525879,22.1,71.842,480795.0,Sub-Saharan Africa,Lower middle income,6,2
Cabo Verde,CPV,2007,1.04030935083197,8.28321982,3112.28560109199,,,4.18900156,10.1059999465942,22.1,71.869,486438.0,Sub-Saharan Africa,Lower middle income,6,2
Cabo Verde,CPV,2008,0.954553681645967,14.0,3638.90594639645,,,3.58313537,9.96100044250488,21.9,71.881,491723.0,Sub-Saharan Africa,Lower middle income,6,2
Cabo Verde,CPV,2009,1.055171109318,21.0,3444.55659984684,,0.516,3.88152912,10.6400003433228,21.7,71.899,496963.0,Sub-Saharan Africa,Lower middle income,6,2
Cabo Verde,CPV,2010,1.10947800885379,30.0,3312.82598480901,,0.595,4.47556163,10.6700000762939,21.2,71.941,502384.0,Sub-Saharan Africa,Lower middle income,6,2
Cabo Verde,CPV,2011,1.21254873865061,32.0,3670.42945259692,,0.59,4.30527433,10.9759998321533,20.6,72.019,508067.0,Sub-Saharan Africa,Lower middle income,6,2
Cabo Verde,CPV,2012,0.984565517268215,34.74,3408.48276238421,85.3277893066406,0.519,5.08776221,11.6020002365112,19.8,72.127,513979.0,Sub-Saharan Africa,Lower middle income,6,2
Cabo Verde,CPV,2013,0.958866077299627,37.5,3557.87097713315,,0.607,5.24587932,12.1120004653931,18.9,72.259,520106.0,Sub-Saharan Africa,Lower middle income,6,2
Cabo Verde,CPV,2014,0.933403237234465,40.26,3532.99352680108,,,5.28356233,11.9930000305176,17.9,72.418,526437.0,Sub-Saharan Africa,Lower middle income,6,2
Cabo Verde,CPV,2015,2.86129610832048,42.68,2996.36204627031,86.7902908325195,0.788,5.31378574,12.1140003204346,16.9,72.599,532913.0,Sub-Saharan Africa,Lower middle income,6,2
Cabo Verde,CPV,2016,2.86129610832048,50.32281787,3082.1571041127,,,5.23696219,12.3120002746582,15.9,72.798,539560.0,Sub-Saharan Africa,Lower middle income,6,2
Cabo Verde,CPV,2017,2.86129610832048,57.16214635,3244.40956093627,,,5.533000995,12.2410001754761,15.0,73.004,546388.0,Sub-Saharan Africa,Lower middle income,6,2
Cabo Verde,CPV,2018,2.86129610832048,20.80096366,4234.64075149378,,,5.533000995,12.2760000228882,21.7,,,Sub-Saharan Africa,Lower middle income,6,2
Cambodia,KHM,2000,0.162644455551575,0.04702264,302.648996159615,,0.168,6.54095479,2.45000004768372,79.6,58.432,12152354.0,East Asia & Pacific,Lower middle income,0,2
Cambodia,KHM,2001,0.181539439755281,0.076956056,321.226300353441,,,7.02196342,1.63999998569489,73.9,59.335,12402473.0,East Asia & Pacific,Lower middle income,0,2
Cambodia,KHM,2002,0.174719536920816,0.226983238,339.067698447482,,,7.25370723,1.62800002098083,67.7,60.283,12634729.0,East Asia & Pacific,Lower middle income,0,2
Cambodia,KHM,2003,0.185159887977429,0.260570198,362.421378512409,,,6.94903872,1.57299995422363,62.1,61.241,12853124.0,East Asia & Pacific,Lower middle income,0,2
Cambodia,KHM,2004,0.187232520350595,0.300436644,408.610518401118,73.6099472045898,,7.09304496,1.56200003623962,57.3,62.186,13063377.0,East Asia & Pacific,Lower middle income,0,2
Cambodia,KHM,2005,0.209184397433016,0.317321781,474.223876626482,,,6.85278971,1.47000002861023,53.3,63.088,13270201.0,East Asia & Pacific,Lower middle income,0,2
Cambodia,KHM,2006,0.222613710991192,0.46835672,539.879152869659,,,6.11800393,1.27900004386902,49.8,63.927,13474489.0,East Asia & Pacific,Lower middle income,0,2
Cambodia,KHM,2007,0.25337375051118,0.49,631.675789036191,,,4.90211227,1.16799998283386,46.7,64.695,13676693.0,East Asia & Pacific,Lower middle income,0,2
Cambodia,KHM,2008,0.280826949501636,0.51,745.787787261428,77.586540222168,0.244,6.60109416,1.15100002288818,43.6,65.391,13880509.0,East Asia & Pacific,Lower middle income,0,2
Cambodia,KHM,2009,0.330259354581565,0.53,738.232668432632,73.900032043457,0.237,7.5833059,1.28100001811981,40.6,66.01,14090208.0,East Asia & Pacific,Lower middle income,0,2
Cambodia,KHM,2010,0.3503305671918,1.26,785.692884137826,,0.229,6.91169962,1.37699997425079,37.8,66.555,14308740.0,East Asia & Pacific,Lower middle income,0,2
Cambodia,KHM,2011,0.358177248053809,3.1,882.49014616105,,0.226,7.50353116,1.317999958992,35.1,67.034,14537886.0,East Asia & Pacific,Lower middle income,0,2
Cambodia,KHM,2012,0.369259354453103,4.94,951.111231127353,,0.165,7.26524264,1.27900004386902,32.6,67.466,14776866.0,East Asia & Pacific,Lower middle income,0,2
Cambodia,KHM,2013,0.372980821280234,6.8,1013.66595249507,,0.168,7.09383048,1.28400003910065,30.6,67.868,15022692.0,East Asia & Pacific,Lower middle income,0,2
Cambodia,KHM,2014,0.437759998009271,14.0,1093.7620674767,78.0550918579102,0.143,6.69680331,1.23199999332428,28.9,68.251,15270790.0,East Asia & Pacific,Lower middle income,0,2
Cambodia,KHM,2015,2.86129610832048,22.32743536,1163.18977018231,80.5264892578125,,6.17148507,1.19599997997284,27.5,68.62,15517635.0,East Asia & Pacific,Lower middle income,0,2
Cambodia,KHM,2016,2.86129610832048,32.39845171,1269.90723818939,,,6.08196009,1.13100004196167,26.3,68.981,15762370.0,East Asia & Pacific,Lower middle income,0,2
Cambodia,KHM,2017,2.86129610832048,33.99999913,1384.42318730336,,,5.533000995,1.06200003623962,25.1,69.331,16005373.0,East Asia & Pacific,Lower middle income,0,2
Cambodia,KHM,2018,2.86129610832048,20.80096366,4234.64075149378,,,5.533000995,1.04799997806549,21.7,,,East Asia & Pacific,Lower middle income,0,2
Cameroon,CMR,2000,0.224712545323058,0.252120078,660.192697065032,68.4091567993164,,3.98234822,7.61800003051758,91.04999999999998,50.026,15274234.0,Sub-Saharan Africa,Lower middle income,6,2
Cameroon,CMR,2001,0.218308252711999,0.277051322,661.777441692704,,,4.18255225,7.46000003814697,89.8,50.495,15671927.0,Sub-Saharan Africa,Lower middle income,6,2
Cameroon,CMR,2002,0.212475487858602,0.360871584,719.889658413577,,,4.3510747,6.81899976730347,87.7,51.059,16084886.0,Sub-Saharan Africa,Lower middle income,6,2
Cameroon,CMR,2003,0.229828382551296,0.587622611,881.010208571491,,,4.41482643,6.08900022506714,85.5,51.671,16513822.0,Sub-Saharan Africa,Lower middle income,6,2
Cameroon,CMR,2004,0.233308219944229,0.976075415,1027.82300039134,,0.177,4.0504169,5.11600017547607,83.3,52.301,16959081.0,Sub-Saharan Africa,Lower middle income,6,2
Cameroon,CMR,2005,0.212179524528014,1.402654226,1030.03819294642,,0.058,4.14209544,4.40000009536743,81.2,52.916,17420795.0,Sub-Saharan Africa,Lower middle income,6,2
Cameroon,CMR,2006,0.21572321155121,2.028744791,1081.36983060812,,,4.10265315,3.67000007629395,79.0,53.494,17899562.0,Sub-Saharan Africa,Lower middle income,6,2
Cameroon,CMR,2007,0.317155402367409,2.93,1215.80821289835,70.6799392700195,0.069,4.16005531,3.06299996376038,76.8,54.033,18395389.0,Sub-Saharan Africa,Lower middle income,6,2
Cameroon,CMR,2008,0.293251264293113,3.4,1396.82498760165,,,4.39934418,3.10899996757507,74.2,54.535,18907008.0,Sub-Saharan Africa,Lower middle income,6,2
Cameroon,CMR,2009,0.34608330428841,3.84,1338.88437707877,,0.067,4.32968175,3.69300007820129,71.9,54.996,19432541.0,Sub-Saharan Africa,Lower middle income,6,2
Cameroon,CMR,2010,0.339515019532565,4.3,1309.12220801948,71.2905120849609,0.083,4.5039171,4.1100001335144,69.1,55.424,19970495.0,Sub-Saharan Africa,Lower middle income,6,2
Cameroon,CMR,2011,0.28109480266195,5.0,1429.64755266211,,,3.398842,3.99300003051758,66.8,55.832,20520447.0,Sub-Saharan Africa,Lower middle income,6,2
Cameroon,CMR,2012,0.290648215621545,7.5,1380.50984820072,,,4.54202158,3.84500002861023,64.4,56.241,21082383.0,Sub-Saharan Africa,Lower middle income,6,2
Cameroon,CMR,2013,0.31275573214738,10.0,1493.74656747065,,,4.50318004,3.74200010299683,62.1,56.665,21655715.0,Sub-Saharan Africa,Lower middle income,6,2
Cameroon,CMR,2014,0.314928068034826,16.21487223,1571.18253466367,,,4.53427929,3.53399991989136,60.3,57.111,22239904.0,Sub-Saharan Africa,Lower middle income,6,2
Cameroon,CMR,2015,2.86129610832048,20.68014766,1353.92448961447,,,4.69952298,3.53900003433228,58.2,57.582,22834522.0,Sub-Saharan Africa,Lower middle income,6,2
Cameroon,CMR,2016,2.86129610832048,23.20297197,1391.75188266553,,,4.6902491,3.47099995613098,56.6,58.073,23439189.0,Sub-Saharan Africa,Lower middle income,6,2
Cameroon,CMR,2017,2.86129610832048,23.20297197,1451.86574665297,,,5.533000995,3.35899996757507,55.1,58.575,24053727.0,Sub-Saharan Africa,Lower middle income,6,2
Cameroon,CMR,2018,2.86129610832048,20.80096366,4234.64075149378,,,5.533000995,3.36100006103516,21.7,,,Sub-Saharan Africa,Lower middle income,6,2
Canada,CAN,2000,11.48600787602411,51.3,24124.169174631,,,8.27570121,6.8289999961853,5.3,79.1365853658537,30769700.0,North America,High income,4,0
Canada,CAN,2001,11.48600787602411,60.2,23691.5947188738,,1.889,8.6552998,7.2189998626709,5.2,79.3390243902439,31081900.0,North America,High income,4,0
Canada,CAN,2002,11.48600787602411,61.59329927,24167.8043060561,,1.899,8.88823837,7.66499996185303,5.2,79.490243902439,31362000.0,North America,High income,4,0
Canada,CAN,2003,11.48600787602411,64.2,28172.1488309084,,,9.04280641,7.57399988174438,5.2,79.7414634146342,31676000.0,North America,High income,4,0
Canada,CAN,2004,11.48600787602411,65.95596346,28490.211716540907,,1.899,9.09724312,7.18499994277954,5.2,79.8926829268293,31995000.0,North America,High income,4,0
Canada,CAN,2005,11.48600787602411,71.66,28490.211716540907,,,9.06438659,6.75799989700317,5.2,80.1926829268293,32312000.0,North America,High income,4,0
Canada,CAN,2006,11.48600787602411,72.4,28490.211716540907,,1.911,9.20660398,6.32000017166138,5.2,80.3439024390244,32570505.0,North America,High income,4,0
Canada,CAN,2007,11.48600787602411,73.2,28490.211716540907,,,9.29805095,6.03599977493286,5.1,80.5439024390244,32887928.0,North America,High income,4,0
Canada,CAN,2008,11.48600787602411,76.7,28490.211716540907,,1.961,9.46493194,6.13700008392334,5.0,80.6951219512195,33245773.0,North America,High income,4,0
Canada,CAN,2009,11.48600787602411,80.3,28490.211716540907,,,10.301360604158114,8.3439998626709,5.0,80.9951219512195,33628571.0,North America,High income,4,0
Canada,CAN,2010,11.48600787602411,80.3,28490.211716540907,,2.041,10.301360604158114,8.05599975585938,4.9,81.2463414634146,34005274.0,North America,High income,4,0
Canada,CAN,2011,11.48600787602411,83.0,28490.211716540907,,,10.23029303,7.51100015640259,4.8,81.4487804878049,34342780.0,North America,High income,4,0
Canada,CAN,2012,11.48600787602411,83.0,28490.211716540907,,,10.24045785,7.29199981689453,4.8,81.6487804878049,34750545.0,North America,High income,4,0
Canada,CAN,2013,11.48600787602411,85.8,28490.211716540907,,2.453,10.13275665,7.07399988174438,4.8,81.7487804878049,35152370.0,North America,High income,4,0
Canada,CAN,2014,11.48600787602411,87.12,28490.211716540907,,2.497,9.96972621,6.91400003433228,4.7,81.8,35535348.0,North America,High income,4,0
Canada,CAN,2015,2.86129610832048,88.47,28490.211716540907,,2.539,10.301360604158114,6.9060001373291,4.7,81.9,35832513.0,North America,High income,4,0
Canada,CAN,2016,2.86129610832048,91.16,28490.211716540907,,,10.301360604158114,6.99900007247925,4.6,82.300512195122,36264604.0,North America,High income,4,0
Canada,CAN,2017,2.86129610832048,92.70137191,28490.211716540907,,,5.533000995,6.34000015258789,4.5,82.4704878048781,36708083.0,North America,High income,4,0
Canada,CAN,2018,2.86129610832048,20.80096366,4234.64075149378,,,5.533000995,5.92000007629395,21.7,,,North America,High income,4,0
Caribbean small states,CSS,2000,6.5066921708591,4.92255485509568,5233.29990212047,88.3203277587891,,4.81817377303992,11.6258696490533,23.4714624336682,70.2037685439382,6530691.0,,,7,3
Caribbean small states,CSS,2001,6.92453159513083,8.30832074507591,5354.94795465867,88.5860290527344,,4.61990395330506,11.2677939168525,23.0303946042329,70.3412206530439,6577216.0,,,7,3
Caribbean small states,CSS,2002,7.04081680101066,11.7462745449285,5579.45317665152,88.8324813842773,,4.79229746878434,11.1291428282795,22.6229808152912,70.5733907007662,6623792.0,,,7,3
Caribbean small states,CSS,2003,7.56734129142482,14.8983457767644,5921.58250580376,89.0721206665039,,4.68862044338092,10.1869646085377,22.2786646438812,70.6873763948263,6670276.0,,,7,3
Caribbean small states,CSS,2004,7.77692781505732,16.8166997278952,6435.24424081199,89.3108978271484,,4.98696616633303,9.81532440632423,21.9585349031182,70.8917401236704,6716373.0,,,7,3
Caribbean small states,CSS,2005,8.3921022867429,19.4252818911377,7228.48920263317,89.5531311035156,,4.79272950310842,9.55296265138159,21.6702434647655,71.1130569511406,6761932.0,,,7,3
Caribbean small states,CSS,2006,9.14751607133885,22.2939335680043,8016.2636208685,89.7662734985352,,4.87956142299669,8.74589083591294,21.357527896158,71.3454059082784,6806838.0,,,7,3
Caribbean small states,CSS,2007,9.29378690309362,24.5022874667975,8889.54405955634,90.2944793701172,,4.91914269235716,8.24849503403374,21.0642584494667,71.582385356307,6851221.0,,,7,3
Caribbean small states,CSS,2008,9.18808770882839,27.6745283224914,10021.6123600399,90.5104904174805,,4.75105131065494,8.49603356672836,20.6865157286399,71.8165811915985,6895315.0,,,7,3
Caribbean small states,CSS,2009,8.91500164132058,31.7555302992968,8381.41514211352,90.7151565551758,,5.55753214441388,9.86912539116802,20.2875633618238,72.0421471122722,6939534.0,,,7,3
Caribbean small states,CSS,2010,9.27710944981283,35.4076901105025,9059.00005333995,,,5.4157021933198,10.4635709192263,19.8916837680392,72.2523920321063,6984096.0,,,7,3
Caribbean small states,CSS,2011,9.1437342207778,42.1843231922309,9724.12450960753,,,5.26865763893641,10.6800624226984,19.4267189525107,72.4446318371778,7029022.0,,,7,3
Caribbean small states,CSS,2012,8.88637753142472,42.552482472857,9978.38714712077,,,5.35665826645943,11.3602028279943,18.9454173062805,72.6191798536699,7074129.0,,,7,3
Caribbean small states,CSS,2013,9.13802548937418,45.3352870420212,10020.5733168546,,0.917576739821882,5.49951747771501,11.8015288663321,18.4395347473038,72.7791798911218,7118888.0,,,7,3
Caribbean small states,CSS,2014,8.88454138458529,48.4072687487676,10121.3104823512,,,5.52303234952852,11.0289968197368,17.9074884414239,72.9261802778276,7162679.0,,,7,3
Caribbean small states,CSS,2015,2.86129610832048,50.8981648471804,9835.1901156853,,,5.94840908071832,10.7933943471441,17.3725671887043,73.0627324010547,7204948.0,,,7,3
Caribbean small states,CSS,2016,2.86129610832048,53.5582024889664,9339.01278293871,,,6.12507855831825,10.6216326084568,16.8463504489984,73.192408496541,7245472.0,,,7,3
Caribbean small states,CSS,2017,2.86129610832048,57.3983745247711,9448.2241394676,,,5.533000995,9.94226903164933,16.323118579963,73.3183723076261,7284294.0,,,7,3
Caribbean small states,CSS,2018,2.86129610832048,20.80096366,4234.64075149378,,,5.533000995,8.98088768908348,21.7,,,,,7,3
Cayman Islands,CYM,2000,11.171564276633,20.80096366,4234.64075149378,,,5.533000995,6.34000015258789,21.7,,41687.0,Latin America & Caribbean,High income,2,0
Cayman Islands,CYM,2001,10.8360882814664,20.80096366,4234.64075149378,,,5.533000995,6.34000015258789,21.7,,43316.0,Latin America & Caribbean,High income,2,0
Cayman Islands,CYM,2002,10.9014931378247,20.80096366,4234.64075149378,,,5.533000995,6.34000015258789,21.7,,44738.0,Latin America & Caribbean,High income,2,0
Cayman Islands,CYM,2003,10.7553011210567,20.80096366,4234.64075149378,,,5.533000995,6.34000015258789,21.7,,46028.0,Latin America & Caribbean,High income,2,0
Cayman Islands,CYM,2004,9.76853633269202,20.80096366,4234.64075149378,,,5.533000995,6.34000015258789,21.7,,47299.0,Latin America & Caribbean,High income,2,0
Cayman Islands,CYM,2005,9.72899099173214,38.03438308,28490.211716540907,,,5.533000995,6.34000015258789,21.7,,48622.0,Latin America & Caribbean,High income,2,0
Cayman Islands,CYM,2006,9.67488157342448,44.5,28490.211716540907,,,5.533000995,6.34000015258789,21.7,,50031.0,Latin America & Caribbean,High income,2,0
Cayman Islands,CYM,2007,11.1114736903444,52.0,4234.64075149378,98.8678207397461,,5.533000995,6.34000015258789,21.7,,51483.0,Latin America & Caribbean,High income,2,0
Cayman Islands,CYM,2008,11.0163813626573,61.0,4234.64075149378,,,5.533000995,6.34000015258789,21.7,,52926.0,Latin America & Caribbean,High income,2,0
Cayman Islands,CYM,2009,10.268870097091,64.5,4234.64075149378,,,5.533000995,6.34000015258789,21.7,,54279.0,Latin America & Caribbean,High income,2,0
Cayman Islands,CYM,2010,10.0416884356928,66.0,4234.64075149378,,,5.533000995,6.34000015258789,21.7,82.190243902439,55507.0,Latin America & Caribbean,High income,2,0
Cayman Islands,CYM,2011,10.3699252372788,69.46594499,4234.64075149378,,,5.533000995,6.34000015258789,21.7,,56579.0,Latin America & Caribbean,High income,2,0
Cayman Islands,CYM,2012,9.30726839698903,69.7,4234.64075149378,,,5.533000995,6.34000015258789,21.7,,57523.0,Latin America & Caribbean,High income,2,0
Cayman Islands,CYM,2013,9.17205461616213,71.4,4234.64075149378,,,5.533000995,6.34000015258789,21.7,,58371.0,Latin America & Caribbean,High income,2,0
Cayman Islands,CYM,2014,9.17183803150139,74.1,4234.64075149378,,,5.533000995,6.34000015258789,21.7,,59172.0,Latin America & Caribbean,High income,2,0
Cayman Islands,CYM,2015,2.86129610832048,77.0,4234.64075149378,,,5.533000995,6.34000015258789,21.7,,59963.0,Latin America & Caribbean,High income,2,0
Cayman Islands,CYM,2016,2.86129610832048,79.0,4234.64075149378,,,5.533000995,6.34000015258789,21.7,,60765.0,Latin America & Caribbean,High income,2,0
Cayman Islands,CYM,2017,2.86129610832048,81.06769325,4234.64075149378,,,5.533000995,6.34000015258789,21.7,,61559.0,Latin America & Caribbean,High income,2,0
Central African Republic,CAF,2000,0.0712894801738275,0.053394174,243.542931743829,50.6451683044434,,4.99260326,7.59100008010864,91.04999999999998,43.937,3754986.0,Sub-Saharan Africa,Low income,6,1
Central African Republic,CAF,2001,0.0641116871940239,0.078543428,243.158648629224,,,4.14760574,7.59700012207031,91.04999999999998,43.755,3832203.0,Sub-Saharan Africa,Low income,6,1
Central African Republic,CAF,2002,0.0628744614357823,0.128537117,253.706834282582,,,4.56579243,7.68100023269653,91.04999999999998,43.718,3907612.0,Sub-Saharan Africa,Low income,6,1
Central African Republic,CAF,2003,0.0589421762001575,0.151563338,286.250801903988,,,4.61035911,7.71700000762939,91.04999999999998,43.827,3981665.0,Sub-Saharan Africa,Low income,6,1
Central African Republic,CAF,2004,0.0578756884032596,0.223401395,313.210598044673,,0.083,4.19610652,7.59999990463257,91.04999999999998,44.08,4055036.0,Sub-Saharan Africa,Low income,6,1
Central African Republic,CAF,2005,0.0568539527266825,0.268195609,323.980511239888,,,4.76289313,7.32999992370605,91.04999999999998,44.466,4127910.0,Sub-Saharan Africa,Low income,6,1
Central African Republic,CAF,2006,0.0593456358029187,0.311159173,347.607171913446,,,4.46036383,6.95900011062622,91.04999999999998,44.967,4201758.0,Sub-Saharan Africa,Low income,6,1
Central African Republic,CAF,2007,0.0591755928715094,0.375815961,397.01715436953,,,4.77105972,6.60599994659424,91.04999999999998,45.552,4275800.0,Sub-Saharan Africa,Low income,6,1
Central African Republic,CAF,2008,0.0582279687005942,1.0,456.861826817016,,0.04,4.02206895,6.38899993896484,91.04999999999998,46.19,4345386.0,Sub-Saharan Africa,Low income,6,1
Central African Republic,CAF,2009,0.057449996934765,1.8,449.961204097,,0.047,4.34508499,6.87200021743774,91.04999999999998,46.862,4404230.0,Sub-Saharan Africa,Low income,6,1
Central African Republic,CAF,2010,0.0593509084471819,2.0,446.443687795492,36.7526092529297,,3.74203272,6.92600011825562,91.04999999999998,47.56,4448525.0,Sub-Saharan Africa,Low income,6,1
Central African Republic,CAF,2011,0.0622614999978776,2.2,490.510390672227,,,3.82265913,7.0019998550415,91.04999999999998,48.284,4476153.0,Sub-Saharan Africa,Low income,6,1
Central African Republic,CAF,2012,0.0653302500258328,3.0,483.186093239243,,,3.87415262,6.91800022125244,91.04999999999998,49.041,4490416.0,Sub-Saharan Africa,Low income,6,1
Central African Republic,CAF,2013,0.0660110901885101,3.4,337.484979032029,,,4.84334549,6.89499998092651,91.04999999999998,49.825,4499653.0,Sub-Saharan Africa,Low income,6,1
Central African Republic,CAF,2014,0.066593110852834,3.6,377.1321263233,,,4.85324878,6.90100002288818,91.04999999999998,50.621,4515392.0,Sub-Saharan Africa,Low income,6,1
Central African Republic,CAF,2015,2.86129610832048,3.8,348.381427149795,,,6.30899109,6.75400018692017,91.04999999999998,51.41,4546100.0,Sub-Saharan Africa,Low income,6,1
Central African Republic,CAF,2016,2.86129610832048,4.0,382.07028106683,,,4.28252151,6.64699983596802,89.2,52.171,4594621.0,Sub-Saharan Africa,Low income,6,1
Central African Republic,CAF,2017,2.86129610832048,4.339254945,418.411287036182,,,5.533000995,6.44700002670288,87.6,52.89,4659080.0,Sub-Saharan Africa,Low income,6,1
Central African Republic,CAF,2018,2.86129610832048,20.80096366,4234.64075149378,,,5.533000995,6.48299980163574,21.7,,,Sub-Saharan Africa,Low income,6,1
Central Europe and the Baltics,CEB,2000,6.60384328227738,7.05416929275156,3945.04324674802,,2.63639044622048,5.70595509232441,12.4356268798349,10.4412210653312,72.719724722779,108447824.0,,,7,3
Central Europe and the Baltics,CEB,2001,6.83101960735832,10.2393218026952,4350.49594397586,,,5.90899352526359,13.2291481753855,9.95660484906636,73.0961481937343,107660041.0,,,7,3
Central Europe and the Baltics,CEB,2002,6.76524677025473,18.2553190537072,4931.03068740915,,,6.16221456856421,13.7448239189522,9.60072998084329,73.2424154880921,106959751.0,,,7,3
Central Europe and the Baltics,CEB,2003,7.00633756885529,22.5921245778324,5953.59226362378,,,6.37925922944294,12.9601932984177,9.21323709508923,73.3822527825258,106624167.0,,,7,3
Central Europe and the Baltics,CEB,2004,6.93263216969055,29.2447368560949,7173.98399681398,,,6.35764503869653,12.9367945952353,8.78488775903065,73.7371529961276,106331716.0,,,7,3
Central Europe and the Baltics,CEB,2005,6.98799200252059,34.7495541297388,8357.27369477719,,,6.35726876230125,12.056483005865,8.33181930055521,73.8383001838611,106041911.0,,,7,3
Central Europe and the Baltics,CEB,2006,7.25218306073392,40.7996109435207,9476.53932878519,,,6.2194351066363,10.1059573819756,7.75179517440706,74.0926027308098,105772481.0,,,7,3
Central Europe and the Baltics,CEB,2007,7.27980180595807,45.284274473314,12012.6307173753,,,6.1360163332334,7.80913834818808,7.18044275666449,74.2506487210769,105378748.0,,,7,3
Central Europe and the Baltics,CEB,2008,7.15719209530747,50.6885905652787,14567.1358073162,,,6.38132964339503,6.60450316075799,6.71927523230505,74.5759526780779,105001883.0,,,7,3
Central Europe and the Baltics,CEB,2009,6.51550866539489,55.1028333732934,12273.5515283888,,,6.86039565087078,8.48807299189933,6.29314355218982,74.9303639266576,104800475.0,,,7,3
Central Europe and the Baltics,CEB,2010,6.82803356479057,58.5992965115256,12566.5876709582,,,6.80689980719837,9.89987927604531,6.01254455794884,75.2939657786314,104421447.0,,,7,3
Central Europe and the Baltics,CEB,2011,6.86434946488299,59.122246476774,13871.6324240632,,,6.53557877443473,9.78945752628143,5.74049215465621,75.8884748834282,104174038.0,,,7,3
Central Europe and the Baltics,CEB,2012,6.50436699486502,61.7286949249523,12997.9262217424,,,6.54727913847982,9.97836164660574,5.54590570553961,75.993488603453,103935318.0,,,7,3
Central Europe and the Baltics,CEB,2013,6.3448382618131,63.4756186303987,13709.6625071329,,2.89722107081564,6.714128595108,10.0460739565888,5.34636261095676,76.3551629869808,103713726.0,,,7,3
Central Europe and the Baltics,CEB,2014,6.14888253990517,66.4950362489627,14151.433636928,,,6.5850958598846,8.95168453392107,5.07893239405104,76.6756236113045,103496179.0,,,7,3
Central Europe and the Baltics,CEB,2015,2.86129610832048,67.344347593522,12461.0100922197,,,6.56011075867091,7.81630304845494,4.86261662337145,76.5910702431929,103257751.0,,,7,3
Central Europe and the Baltics,CEB,2016,2.86129610832048,71.3504111090356,12774.2588786756,,,6.67717354959808,6.48852931115477,4.65153051753083,76.9889398347238,102994343.0,,,7,3
Central Europe and the Baltics,CEB,2017,2.86129610832048,73.4357593826207,14176.8657058064,,,5.533000995,5.29368556048706,4.40962372580083,77.0340247307933,102735349.0,,,7,3
Central Europe and the Baltics,CEB,2018,2.86129610832048,20.80096366,4234.64075149378,,,5.533000995,4.32997570565973,21.7,,,,,7,3
Chad,TCD,2000,0.0210985622037555,0.035707076,166.023178471673,25.6542091369629,0.028,5.45750708,1.27699995040894,91.04999999999998,47.593,8342559.0,Sub-Saharan Africa,Low income,6,1
Chad,TCD,2001,0.0198948125663453,0.045934134,197.315644181115,,0.025,5.29329943,1.17400002479553,91.04999999999998,47.603,8663012.0,Sub-Saharan Africa,Low income,6,1
Chad,TCD,2002,0.0187389277723325,0.166069665,220.805482072823,,,7.26787447,1.04700005054474,91.04999999999998,47.638,9001689.0,Sub-Saharan Africa,Low income,6,1
Chad,TCD,2003,0.0407740622702324,0.320308555,292.591436432233,,,5.50940964,1.16199994087219,91.04999999999998,47.716,9353201.0,Sub-Saharan Africa,Low income,6,1
Chad,TCD,2004,0.0388979739842553,0.360920107,454.676587940598,28.3814296722412,0.036,5.50012693,1.46899998188019,91.04999999999998,47.848,9710043.0,Sub-Saharan Africa,Low income,6,1
Chad,TCD,2005,0.0397042458191902,0.3992577,660.242139573492,,,4.84111159,1.48800003528595,91.04999999999998,48.054,10067009.0,Sub-Saharan Africa,Low income,6,1
Chad,TCD,2006,0.0390570658220616,0.581045764,712.184769377316,,0.035,4.86643066,1.35500001907349,91.04999999999998,48.349,10421597.0,Sub-Saharan Africa,Low income,6,1
Chad,TCD,2007,0.0428781106540749,0.847224521,801.683884044603,,,4.3431338,1.26999998092651,90.4,48.729,10775708.0,Sub-Saharan Africa,Low income,6,1
Chad,TCD,2008,0.0457804350171068,1.19,929.770239130465,,,4.05955125,1.28600001335144,88.7,49.182,11133861.0,Sub-Saharan Africa,Low income,6,1
Chad,TCD,2009,0.0427181727974423,1.5,804.455903856423,,,4.44166933,1.61199998855591,87.0,49.691,11502786.0,Sub-Saharan Africa,Low income,6,1
Chad,TCD,2010,0.0434961061484444,1.7,896.569734113861,,,4.0602333,1.61899995803833,85.2,50.233,11887202.0,Sub-Saharan Africa,Low income,6,1
Chad,TCD,2011,0.0438655959877126,1.9,989.236363298336,,,3.91046356,1.76300001144409,83.4,50.778,12288651.0,Sub-Saharan Africa,Low income,6,1
Chad,TCD,2012,0.0482001175115416,2.1,973.470257398779,,0.042,3.57734906,1.77799999713898,81.7,51.3,12705135.0,Sub-Saharan Africa,Low income,6,1
Chad,TCD,2013,0.0533286826624467,2.5,986.010317729048,,0.044,4.79459852,2.11400008201599,80.1,51.778,13133589.0,Sub-Saharan Africa,Low income,6,1
Chad,TCD,2014,0.0537776877715938,2.9,1025.99851471508,,,4.55046895,2.05299997329712,78.4,52.204,13569438.0,Sub-Saharan Africa,Low income,6,1
Chad,TCD,2015,2.86129610832048,3.5,781.331057313294,26.0029907226563,,4.54621344,2.17199993133545,76.7,52.575,14009413.0,Sub-Saharan Africa,Low income,6,1
Chad,TCD,2016,2.86129610832048,5.0,698.210886304957,22.3115501403809,,4.5381013,2.41700005531311,75.0,52.903,14452543.0,Sub-Saharan Africa,Low income,6,1
Chad,TCD,2017,2.86129610832048,6.49999812,662.50011455695,,,5.533000995,2.19899988174438,73.4,53.208,14899994.0,Sub-Saharan Africa,Low income,6,1
Chad,TCD,2018,2.86129610832048,20.80096366,4234.64075149378,,,5.533000995,2.22900009155273,21.7,,,Sub-Saharan Africa,Low income,6,1
Channel Islands,CHI,2000,2.86129610832048,20.80096366,28490.211716540907,,,5.533000995,7.84700012207031,21.7,77.602,148725.0,Europe & Central Asia,High income,1,0
Channel Islands,CHI,2001,2.86129610832048,20.80096366,28490.211716540907,,,5.533000995,7.77799987792969,21.7,77.864,149793.0,Europe & Central Asia,High income,1,0
Channel Islands,CHI,2002,2.86129610832048,20.80096366,28490.211716540907,,,5.533000995,7.84999990463257,21.7,78.137,150901.0,Europe & Central Asia,High income,1,0
Channel Islands,CHI,2003,2.86129610832048,20.80096366,28490.211716540907,,,5.533000995,7.88100004196167,21.7,78.417,152038.0,Europe & Central Asia,High income,1,0
Channel Islands,CHI,2004,2.86129610832048,20.80096366,28490.211716540907,,,5.533000995,7.81199979782104,21.7,78.699,153170.0,Europe & Central Asia,High income,1,0
Channel Islands,CHI,2005,2.86129610832048,20.80096366,28490.211716540907,,,5.533000995,7.63600015640259,21.7,78.975,154294.0,Europe & Central Asia,High income,1,0
Channel Islands,CHI,2006,2.86129610832048,20.80096366,28490.211716540907,,,5.533000995,7.35599994659424,21.7,79.241,155411.0,Europe & Central Asia,High income,1,0
Channel Islands,CHI,2007,2.86129610832048,20.80096366,28490.211716540907,,,5.533000995,7.09200000762939,21.7,79.493,156513.0,Europe & Central Asia,High income,1,0
Channel Islands,CHI,2008,2.86129610832048,20.80096366,4234.64075149378,,,5.533000995,7.0789999961853,21.7,79.729,157581.0,Europe & Central Asia,High income,1,0
Channel Islands,CHI,2009,2.86129610832048,20.80096366,4234.64075149378,,,5.533000995,7.89599990844727,21.7,79.947,158603.0,Europe & Central Asia,High income,1,0
Channel Islands,CHI,2010,2.86129610832048,20.80096366,4234.64075149378,,,5.533000995,8.07600021362305,21.7,80.145,159581.0,Europe & Central Asia,High income,1,0
Channel Islands,CHI,2011,2.86129610832048,20.80096366,4234.64075149378,,,5.533000995,8.03800010681152,21.7,80.326,160497.0,Europe & Central Asia,High income,1,0
Channel Islands,CHI,2012,2.86129610832048,20.80096366,4234.64075149378,,,5.533000995,8.13899993896484,21.7,80.494,161358.0,Europe & Central Asia,High income,1,0
Channel Islands,CHI,2013,2.86129610832048,20.80096366,4234.64075149378,,,5.533000995,8.1850004196167,21.7,80.654,162180.0,Europe & Central Asia,High income,1,0
Channel Islands,CHI,2014,2.86129610832048,20.80096366,4234.64075149378,,,5.533000995,7.99300003051758,21.7,80.807,162969.0,Europe & Central Asia,High income,1,0
Channel Islands,CHI,2015,2.86129610832048,20.80096366,4234.64075149378,,,5.533000995,7.77699995040894,21.7,80.958,163758.0,Europe & Central Asia,High income,1,0
Channel Islands,CHI,2016,2.86129610832048,20.80096366,4234.64075149378,,,5.533000995,7.57499980926514,21.7,81.107,164541.0,Europe & Central Asia,High income,1,0
Channel Islands,CHI,2017,2.86129610832048,20.80096366,4234.64075149378,,,5.533000995,7.34700012207031,21.7,81.255,165314.0,Europe & Central Asia,High income,1,0
Channel Islands,CHI,2018,2.86129610832048,20.80096366,4234.64075149378,,,5.533000995,7.28800010681152,21.7,,,Europe & Central Asia,High income,1,0
Chile,CHL,2000,3.8534993750145,16.6,5101.36847857517,,,7.03517653,10.4910001754761,9.2,76.793,15262754.0,Latin America & Caribbean,High income,2,0
Chile,CHL,2001,3.453563551989,19.1,4595.6663273571,,,7.15104141,10.3900003433228,8.7,77.034,15444969.0,Latin America & Caribbean,High income,2,0
Chile,CHL,2002,3.53072002770162,22.1,4463.54586721356,95.7166213989258,0.9,7.26602369,10.1680002212524,8.3,77.255,15623635.0,Latin America & Caribbean,High income,2,0
Chile,CHL,2003,3.51926157099997,25.47377889,4787.69953202446,,0.954,7.3333044,9.76500034332275,8.1,77.453,15799542.0,Latin America & Caribbean,High income,2,0
Chile,CHL,2004,3.74211830163159,28.17791012,6210.82832487165,,0.991,6.90114757,10.1619997024536,7.9,77.632,15973778.0,Latin America & Caribbean,High income,2,0
Chile,CHL,2005,3.82845364333727,31.17534703,7615.30467991411,,0.986,6.58871514,9.34000015258789,7.8,77.791,16147064.0,Latin America & Caribbean,High income,2,0
Chile,CHL,2006,3.97151048248654,34.49775117,9484.68122668526,,1.045,6.0351678,9.02400016784668,7.7,77.934,16319792.0,Latin America & Caribbean,High income,2,0
Chile,CHL,2007,4.34391654413524,35.9,10526.8774613085,,1.041,6.17537454,8.42700004577637,7.7,78.066,16491687.0,Latin America & Caribbean,High income,2,0
Chile,CHL,2008,4.31229432919644,37.3,10781.3660783703,98.6490097045898,1.043,6.74047957,9.28499984741211,7.7,78.193,16661942.0,Latin America & Caribbean,High income,2,0
Chile,CHL,2009,3.96955561568827,41.56,10243.328236588,98.5536804199219,1.033,7.20918362,11.3129997253418,7.7,78.32,16829442.0,Latin America & Caribbean,High income,2,0
Chile,CHL,2010,4.25171517053079,45.0,12860.1776447469,,,6.77489384,8.42399978637695,7.5,78.454,16993354.0,Latin America & Caribbean,High income,2,0
Chile,CHL,2011,4.61972953748937,52.24960729,14705.6924209903,96.703010559082,,6.771789,7.3439998626709,7.2,78.599,17153357.0,Latin America & Caribbean,High income,2,0
Chile,CHL,2012,4.67798279651244,55.05,15431.9029324117,,,7.02092081,6.65899991989136,7.2,78.758,17309746.0,Latin America & Caribbean,High income,2,0
Chile,CHL,2013,4.765865990127,58.0,15941.3972192355,96.2670593261719,,7.44478367,6.21400022506714,7.1,78.931,17462982.0,Latin America & Caribbean,High income,2,0
Chile,CHL,2014,4.68737662371284,61.11,14794.315829612,,,7.80602661,6.66499996185303,6.9,79.117,17613798.0,Latin America & Caribbean,High income,2,0
Chile,CHL,2015,2.86129610832048,76.63,13736.6356879313,96.8741302490234,,8.29995557,6.50799989700317,6.7,79.315,17762681.0,Latin America & Caribbean,High income,2,0
Chile,CHL,2016,2.86129610832048,82.32748693,13960.894209996,,,8.52893972,6.73799991607666,6.6,79.522,17909754.0,Latin America & Caribbean,High income,2,0
Chile,CHL,2017,2.86129610832048,82.32748693,15346.4496997595,,,5.533000995,6.95800018310547,6.3,79.732,18054726.0,Latin America & Caribbean,High income,2,0
Chile,CHL,2018,2.86129610832048,20.80096366,4234.64075149378,,,5.533000995,7.22300004959106,21.7,,,Latin America & Caribbean,High income,2,0
China,CHN,2000,2.69686243322549,1.775913207,959.372483639691,90.9202117919922,1.255,4.47341372,3.29999995231628,30.1,71.955,1262645000.0,East Asia & Pacific,Upper middle income,0,4
China,CHN,2001,2.74212081298895,2.639650215,1053.10824300452,,1.055,4.21248348,3.79999995231628,28.2,72.401,1271850000.0,East Asia & Pacific,Upper middle income,0,4
China,CHN,2002,3.0070831974383,4.595704331,1148.5082904417,,1.133,4.34347862,4.19999980926514,26.2,72.84,1280400000.0,East Asia & Pacific,Upper middle income,0,4
China,CHN,2003,3.52407409267308,6.2,1288.64325183381,,,4.38032391,4.59999990463257,24.1,73.257,1288400000.0,East Asia & Pacific,Upper middle income,0,4
China,CHN,2004,4.03799065100399,7.3,1508.66809788266,,,4.25689544,4.5,22.2,73.642,1296075000.0,East Asia & Pacific,Upper middle income,0,4
China,CHN,2005,4.52317806354125,8.523257003,1753.41782925823,,,4.14221514,4.5,20.3,73.987,1303720000.0,East Asia & Pacific,Upper middle income,0,4
China,CHN,2006,4.98031419657976,10.52315262,2099.22943460447,,,3.91870987,4.40000009536743,18.6,74.291,1311020000.0,East Asia & Pacific,Upper middle income,0,4
China,CHN,2007,5.33490992916681,16.0,2695.36591709669,,,3.65868461,4.30000019073486,17.1,74.562,1317885000.0,East Asia & Pacific,Upper middle income,0,4
China,CHN,2008,5.7019150246668,22.6,3471.2480543115,,,3.87722767,4.59999990463257,15.8,74.808,1324655000.0,East Asia & Pacific,Upper middle income,0,4
China,CHN,2009,6.01010243303337,28.9,3838.43397176904,,1.421,4.32182388,4.69999980926514,14.6,75.032,1331260000.0,East Asia & Pacific,Upper middle income,0,4
China,CHN,2010,6.56052000702696,34.3,4560.51258600929,95.1244812011719,1.462,4.20799171,4.5,13.6,75.236,1337705000.0,East Asia & Pacific,Upper middle income,0,4
China,CHN,2011,7.24151541889549,38.3,5633.7957168394,,1.5,4.32551324,4.5,12.6,75.425,1344130000.0,East Asia & Pacific,Upper middle income,0,4
China,CHN,2012,7.42475091638009,42.30011749,6337.88332279255,,1.569,4.549399,4.59999990463257,11.6,75.602,1350695000.0,East Asia & Pacific,Upper middle income,0,4
China,CHN,2013,7.55721104480691,45.8,7077.77076539558,,1.668,4.71002249,4.59999990463257,10.8,75.769,1357380000.0,East Asia & Pacific,Upper middle income,0,4
China,CHN,2014,7.54390764144927,47.9,7683.50261309118,,1.724,4.77322745,4.59999990463257,10.0,75.932,1364270000.0,East Asia & Pacific,Upper middle income,0,4
China,CHN,2015,2.86129610832048,50.3,8069.21302389511,,1.812,4.88872272,4.59999990463257,9.2,76.092,1371220000.0,East Asia & Pacific,Upper middle income,0,4
China,CHN,2016,2.86129610832048,53.2,8117.26746543179,,,4.98188075,4.5,8.6,76.252,1378665000.0,East Asia & Pacific,Upper middle income,0,4
China,CHN,2017,2.86129610832048,54.3,8826.99409574835,,,5.533000995,4.40000009536743,8.0,76.41,1386395000.0,East Asia & Pacific,Upper middle income,0,4
China,CHN,2018,2.86129610832048,20.80096366,4234.64075149378,,,5.533000995,4.41699981689453,21.7,,,East Asia & Pacific,Upper middle income,0,4
Colombia,COL,2000,1.43362024086848,2.207532993,2472.19783098297,,,5.4769317,17.547250032424937,21.2,71.019,40403958.0,Latin America & Caribbean,Upper middle income,2,4
Colombia,COL,2001,1.37290265520363,2.854199971,2395.85655125171,,,5.56101361,15.039999961853,20.6,71.293,40988909.0,Latin America & Caribbean,Upper middle income,2,4
Colombia,COL,2002,1.33889963437601,4.6,2355.72585669892,,1.413,5.36520046,15.6330003738403,20.0,71.556,41572491.0,Latin America & Caribbean,Upper middle income,2,4
Colombia,COL,2003,1.36224490655293,7.388923711,2246.2574724306,,,5.6840998,14.1890001296997,19.5,71.813,42152151.0,Latin America & Caribbean,Upper middle income,2,4
Colombia,COL,2004,1.28898969887368,9.118690303,2740.24944202769,92.8037796020508,,5.17538681,13.7170000076294,19.0,72.062,42724163.0,Latin America & Caribbean,Upper middle income,2,4
Colombia,COL,2005,1.40798538378807,11.00726389,3354.02180373059,92.8486633300781,1.451,5.52796211,11.8699998855591,18.4,72.303,43285634.0,Latin America & Caribbean,Upper middle income,2,4
Colombia,COL,2006,1.43582414360598,15.34167454,3677.13404157319,92.2996826171875,1.474,5.77809346,11.5069999694824,17.9,72.532,43835722.0,Latin America & Caribbean,Upper middle income,2,4
Colombia,COL,2007,1.40690202037329,21.8,4635.69227663314,92.6517868041992,1.497,5.76738502,11.2040004730225,17.4,72.749,44374572.0,Latin America & Caribbean,Upper middle income,2,4
Colombia,COL,2008,1.51640344483477,25.6,5383.13269367517,93.3781814575195,1.521,6.03380973,11.2729997634888,16.9,72.952,44901544.0,Latin America & Caribbean,Upper middle income,2,4
Colombia,COL,2009,1.59990565917465,30.0,5119.19164052311,93.2446899414063,1.544,6.39557747,12.0659999847412,16.4,73.143,45416181.0,Latin America & Caribbean,Upper middle income,2,4
Colombia,COL,2010,1.65892308211292,36.5,6230.73836562837,93.3723297119141,1.568,6.25592621,10.9840002059937,15.9,73.325,45918097.0,Latin America & Caribbean,Upper middle income,2,4
Colombia,COL,2011,1.64912348976912,40.35091575,7207.02890473028,93.5805282592773,1.669,5.79617882,10.1110000610352,15.4,73.5,46406646.0,Latin America & Caribbean,Upper middle income,2,4
Colombia,COL,2012,1.70539858227583,48.98,7904.49578864701,,1.713,5.68462271,9.73999977111816,14.9,73.673,46881475.0,Latin America & Caribbean,Upper middle income,2,4
Colombia,COL,2013,1.89310316137465,51.7,8065.96037623402,,1.766,5.81053737,9.05200004577637,14.4,73.847,47342981.0,Latin America & Caribbean,Upper middle income,2,4
Colombia,COL,2014,1.75953717356061,52.57,7974.40637302503,94.1862487792969,1.821,5.80630699,8.57199954986572,14.0,74.022,47791911.0,Latin America & Caribbean,Upper middle income,2,4
Colombia,COL,2015,2.86129610832048,55.90497251,6085.20997863116,94.2450485229492,,6.0226695,8.29899978637695,13.5,74.2,48228697.0,Latin America & Caribbean,Upper middle income,2,4
Colombia,COL,2016,2.86129610832048,58.13649357,5813.69451945762,94.6538467407227,,5.91234407,8.69200038909912,13.1,74.381,48653419.0,Latin America & Caribbean,Upper middle income,2,4
Colombia,COL,2017,2.86129610832048,62.25988032,6408.92001169297,,,5.533000995,8.87199974060059,12.7,74.562,49065615.0,Latin America & Caribbean,Upper middle income,2,4
Colombia,COL,2018,2.86129610832048,20.80096366,4234.64075149378,,,5.533000995,9.0930004119873,21.7,,,Latin America & Caribbean,Upper middle income,2,4
Comoros,COM,2000,0.189314418362813,0.271740607,645.818690802056,68.4892272949219,,10.301360604158114,4.66599988937378,72.7,59.46,542357.0,Sub-Saharan Africa,Low income,6,1
Comoros,COM,2001,0.184706271766975,0.443068373,680.318541425182,,,10.301360604158114,4.64400005340576,72.4,59.529,555888.0,Sub-Saharan Africa,Low income,6,1
Comoros,COM,2002,0.180298132152371,0.554869675,744.475172433634,,,10.301360604158114,4.70599985122681,72.3,59.617,569479.0,Sub-Saharan Africa,Low income,6,1
Comoros,COM,2003,0.226353755330404,0.84818937,935.611518034788,,,10.301360604158114,4.67199993133545,72.0,59.738,583211.0,Sub-Saharan Africa,Low income,6,1
Comoros,COM,2004,0.239461311258012,1.327327178,1059.17688421808,,0.19,10.301360604158114,4.57100009918213,71.4,59.904,597228.0,Sub-Saharan Africa,Low income,6,1
Comoros,COM,2005,0.227828398680895,2.0,1068.60032134875,,,9.8681874,4.48299980163574,70.3,60.126,611627.0,Sub-Saharan Africa,Low income,6,1
Comoros,COM,2006,0.257569541445504,2.2,1113.95775719606,,,9.71064849,4.19799995422363,69.0,60.407,626425.0,Sub-Saharan Africa,Low income,6,1
Comoros,COM,2007,0.160026183722453,2.5,1238.46151380518,,,9.35156869,3.92400002479553,67.5,60.734,641620.0,Sub-Saharan Africa,Low income,6,1
Comoros,COM,2008,0.161805093810529,3.0,1387.59462639938,,,8.9874242,3.78600001335144,65.9,61.094,657229.0,Sub-Saharan Africa,Low income,6,1
Comoros,COM,2009,0.19608111078764,3.5,1339.33719065958,,,8.57702449,4.19700002670288,64.3,61.475,673252.0,Sub-Saharan Africa,Low income,6,1
Comoros,COM,2010,0.23394210749146,5.1,1315.21480648394,,,8.52293619,4.23099994659424,62.6,61.862,689692.0,Sub-Saharan Africa,Low income,6,1
Comoros,COM,2011,0.192025124227075,5.5,1446.06801802192,,,9.09870956,4.24900007247925,60.9,62.24,706569.0,Sub-Saharan Africa,Low income,6,1
Comoros,COM,2012,0.197567788602342,5.975296308,1403.43433529356,49.1961402893066,,7.94528634,4.19899988174438,59.5,62.596,723868.0,Sub-Saharan Africa,Low income,6,1
Comoros,COM,2013,0.237378287255563,6.5,1504.93100711702,,,7.78423737,4.15000009536743,57.9,62.923,741500.0,Sub-Saharan Africa,Low income,6,1
Comoros,COM,2014,0.202814119320239,6.98,1511.82603748603,,,7.59488902,4.07499980926514,56.4,63.216,759385.0,Sub-Saharan Africa,Low income,6,1
Comoros,COM,2015,2.86129610832048,7.459161386,1271.05704163196,,,7.68427435,3.99000000953674,54.9,63.473,777424.0,Sub-Saharan Africa,Low income,6,1
Comoros,COM,2016,2.86129610832048,7.938322771,1287.40640173668,,,7.63108978,3.85199999809265,53.6,63.701,795601.0,Sub-Saharan Africa,Low income,6,1
Comoros,COM,2017,2.86129610832048,8.478170295,1312.3339253661,,,5.533000995,3.69600009918213,52.2,63.912,813912.0,Sub-Saharan Africa,Low income,6,1
Comoros,COM,2018,2.86129610832048,20.80096366,4234.64075149378,,,5.533000995,3.71000003814697,21.7,,,Sub-Saharan Africa,Low income,6,1
"Congo, Dem. Rep.",COD,2000,0.0172926184840821,0.005902114,405.469653093749,,,1.57238174,3.04800009727478,91.04999999999998,50.041,47076387.0,Sub-Saharan Africa,Low income,6,1
"Congo, Dem. Rep.",COD,2001,0.0172763185643742,0.011475782,153.69957329168,67.1729888916016,,2.72973283,3.06399989128113,91.04999999999998,50.667,48394338.0,Sub-Saharan Africa,Low income,6,1
"Congo, Dem. Rep.",COD,2002,0.0186161718907204,0.092790702,175.136071481294,,,2.6767524,3.09699988365173,91.04999999999998,51.385,49835756.0,Sub-Saharan Africa,Low income,6,1
"Congo, Dem. Rep.",COD,2003,0.0191948310288106,0.134914837,173.916351831834,,,3.84015653,3.06200003623962,91.04999999999998,52.144,51390033.0,Sub-Saharan Africa,Low income,6,1
"Congo, Dem. Rep.",COD,2004,0.0226101009467152,0.196208375,194.166786345182,,0.107,4.44226491,2.93499994277954,91.04999999999998,52.917,53034217.0,Sub-Saharan Africa,Low income,6,1
"Congo, Dem. Rep.",COD,2005,0.0273929236172555,0.238037799,218.523509172798,,,4.27463655,2.84899997711182,91.04999999999998,53.675,54751476.0,Sub-Saharan Africa,Low income,6,1
"Congo, Dem. Rep.",COD,2006,0.0284705920595562,0.29605361,255.591313804132,,,4.45607982,2.90400004386902,91.04999999999998,54.401,56543011.0,Sub-Saharan Africa,Low income,6,1
"Congo, Dem. Rep.",COD,2007,0.0300678929394554,0.37,286.507537174865,61.2055511474609,,4.44069383,2.98399996757507,91.04999999999998,55.091,58417562.0,Sub-Saharan Africa,Low income,6,1
"Congo, Dem. Rep.",COD,2008,0.0307943994336068,0.44,327.767654268638,,,5.14113002,3.17000007629395,89.2,55.743,60373608.0,Sub-Saharan Africa,Low income,6,1
"Congo, Dem. Rep.",COD,2009,0.0280271564708125,0.56,298.806956230642,,0.091,4.64417372,3.66899991035461,87.0,56.35,62409435.0,Sub-Saharan Africa,Low income,6,1
"Congo, Dem. Rep.",COD,2010,0.0313145508465683,0.72,334.231702517329,,,4.01927698,3.94600009918213,84.8,56.907,64523263.0,Sub-Saharan Africa,Low income,6,1
"Congo, Dem. Rep.",COD,2011,0.0373770882118678,1.2,387.323579611864,,,3.43164138,4.2979998588562,82.5,57.418,66713597.0,Sub-Saharan Africa,Low income,6,1
"Congo, Dem. Rep.",COD,2012,0.0348206856141438,1.679961015,424.859318512183,75.0171890258789,,3.56752988,4.4850001335144,80.4,57.894,68978682.0,Sub-Saharan Africa,Low income,6,1
"Congo, Dem. Rep.",COD,2013,0.0503392133435128,2.2,458.238406189045,,,3.56509235,4.42999982833862,78.3,58.347,71316033.0,Sub-Saharan Africa,Low income,6,1
"Congo, Dem. Rep.",COD,2014,0.0633691910487466,3.0,487.081486881176,,,3.97941198,4.16099977493286,76.1,58.782,73722860.0,Sub-Saharan Africa,Low income,6,1
"Congo, Dem. Rep.",COD,2015,2.86129610832048,3.799999507,497.629755725505,,,3.9869163,4.17399978637695,74.1,59.205,76196619.0,Sub-Saharan Africa,Low income,6,1
"Congo, Dem. Rep.",COD,2016,2.86129610832048,6.20997406,471.635945618558,77.0426788330078,,3.87116143,4.29500007629395,72.1,59.621,78736153.0,Sub-Saharan Africa,Low income,6,1
"Congo, Dem. Rep.",COD,2017,2.86129610832048,8.619904916,462.779544082555,,,5.533000995,4.10200023651123,70.0,60.031,81339988.0,Sub-Saharan Africa,Low income,6,1
"Congo, Dem. Rep.",COD,2018,2.86129610832048,20.80096366,4234.64075149378,,,5.533000995,4.15500020980835,21.7,,,Sub-Saharan Africa,Low income,6,1
"Congo, Rep.",COG,2000,0.325124227809731,0.026354732,998.196856210498,,,1.69392456,17.547250032424937,72.5,51.397,3225727.0,Sub-Saharan Africa,Lower middle income,6,2
"Congo, Rep.",COG,2001,0.231136260685939,0.032223616,842.709067744304,,,2.37584221,17.547250032424937,71.2,51.577,3315806.0,Sub-Saharan Africa,Lower middle income,6,2
"Congo, Rep.",COG,2002,0.168972287933129,0.157249517,886.361665299432,,,1.87626667,17.547250032424937,68.8,52.017,3407180.0,Sub-Saharan Africa,Lower middle income,6,2
"Congo, Rep.",COG,2003,0.261740193272328,0.460014187,998.101311670601,,,2.11587856,17.547250032424937,65.6,52.703,3502519.0,Sub-Saharan Africa,Lower middle income,6,2
"Congo, Rep.",COG,2004,0.263422290600396,1.07750493,1289.33783690965,,0.222,2.10554645,17.547250032424937,62.0,53.608,3605439.0,Sub-Saharan Africa,Lower middle income,6,2
"Congo, Rep.",COG,2005,0.264306555542497,1.46342006,1637.06438124572,,,1.87587189,17.547250032424937,58.1,54.687,3718243.0,Sub-Saharan Africa,Lower middle income,6,2
"Congo, Rep.",COG,2006,0.291079842753096,2.007990079,2012.11007047306,,0.217,1.78239931,17.547250032424937,54.4,55.881,3842365.0,Sub-Saharan Africa,Lower middle income,6,2
"Congo, Rep.",COG,2007,0.305257018806181,2.759704374,2111.20948856339,,0.108,2.24364157,16.4419994354248,51.0,57.115,3976246.0,Sub-Saharan Africa,Lower middle income,6,2
"Congo, Rep.",COG,2008,0.318099787750262,4.287509903,2881.59411605216,,,2.55324653,16.1110000610352,48.0,58.321,4115435.0,Sub-Saharan Africa,Lower middle income,6,2
"Congo, Rep.",COG,2009,0.410345599325953,4.5,2255.33311863864,,,2.2214418,16.1000003814697,45.6,59.452,4253712.0,Sub-Saharan Africa,Lower middle income,6,2
"Congo, Rep.",COG,2010,0.451406104780982,5.0,2737.34233022991,,0.095,1.98057464,14.1490001678467,43.6,60.473,4386693.0,Sub-Saharan Africa,Lower middle income,6,2
"Congo, Rep.",COG,2011,0.500555539551447,5.6,3196.64752370824,79.3111724853516,,1.85153641,11.960000038147,42.0,61.37,4512730.0,Sub-Saharan Africa,Lower middle income,6,2
"Congo, Rep.",COG,2012,0.641061362988395,6.106695024,2952.05234806594,,,2.47433199,10.0,40.5,62.169,4633363.0,Sub-Saharan Africa,Lower middle income,6,2
"Congo, Rep.",COG,2013,0.649833427796859,6.6,2964.57298903058,,,2.48846715,10.0290002822876,39.2,62.89,4751393.0,Sub-Saharan Africa,Lower middle income,6,2
"Congo, Rep.",COG,2014,0.635369293307611,7.11,2910.52022576864,,,2.50741981,9.57600021362305,38.0,63.536,4871101.0,Sub-Saharan Africa,Lower middle income,6,2
"Congo, Rep.",COG,2015,2.86129610832048,7.615974662,1712.12114632566,,,3.41535064,9.75899982452393,36.9,64.112,4995648.0,Sub-Saharan Africa,Lower middle income,6,2
"Congo, Rep.",COG,2016,2.86129610832048,8.121949323,1762.80991296879,,,4.63481785,9.70899963378906,35.8,64.625,5125821.0,Sub-Saharan Africa,Lower middle income,6,2
"Congo, Rep.",COG,2017,2.86129610832048,8.65,1654.01032176396,,,5.533000995,10.1560001373291,34.7,65.088,5260750.0,Sub-Saharan Africa,Lower middle income,6,2
"Congo, Rep.",COG,2018,2.86129610832048,20.80096366,4234.64075149378,,,5.533000995,10.3819999694824,21.7,,,Sub-Saharan Africa,Lower middle income,6,2
Costa Rica,CRI,2000,1.3947039862762,5.800253023,3808.36366581367,94.8681869506836,1.326,6.59314299,5.08199977874756,11.1,77.448,3925443.0,Latin America & Caribbean,Upper middle income,2,4
Costa Rica,CRI,2001,1.44136806513614,9.559482135,3981.5280733492,,,6.50019625,5.91499996185303,10.5,77.597,3996798.0,Latin America & Caribbean,Upper middle income,2,4
Costa Rica,CRI,2002,1.55679483481509,19.89485113,4062.01499922899,,,6.90020818,6.33400011062622,10.1,77.736,4063204.0,Latin America & Caribbean,Upper middle income,2,4
Costa Rica,CRI,2003,1.60599020206395,20.33361481,4167.71408921892,,,6.99989289,6.55800008773804,9.6,77.868,4125971.0,Latin America & Caribbean,Upper middle income,2,4
Costa Rica,CRI,2004,1.65525844284193,20.79230671,4425.50746330786,,,6.65927276,6.39099979400635,9.3,77.993,4187038.0,Latin America & Caribbean,Upper middle income,2,4
Costa Rica,CRI,2005,1.61688985063236,22.07,4697.01113800306,,,6.69515948,6.57100009918213,9.0,78.114,4247841.0,Latin America & Caribbean,Upper middle income,2,4
Costa Rica,CRI,2006,1.64763318924042,25.1,5245.18737330548,,,6.96992493,5.73999977111816,9.0,78.234,4308794.0,Latin America & Caribbean,Upper middle income,2,4
Costa Rica,CRI,2007,1.85889978850977,28.4,6120.62339974311,,,7.03324129,4.48999977111816,9.0,78.355,4369469.0,Latin America & Caribbean,Upper middle income,2,4
Costa Rica,CRI,2008,1.83535936722543,32.29,6911.1361524468,,,7.51461349,4.7810001373291,9.0,78.481,4429508.0,Latin America & Caribbean,Upper middle income,2,4
Costa Rica,CRI,2009,1.76067779450536,34.33,6809.39622366387,,,7.9073468,7.71299982070923,8.8,78.613,4488263.0,Latin America & Caribbean,Upper middle income,2,4
Costa Rica,CRI,2010,1.66517530273163,36.5,8199.41462069479,,,8.11340128,7.1710000038147,8.7,78.756,4545280.0,Latin America & Caribbean,Upper middle income,2,4
Costa Rica,CRI,2011,1.68266074321907,39.212196,9186.59638994181,97.4065780639648,,8.08732839,10.1389999389648,8.6,78.911,4600474.0,Latin America & Caribbean,Upper middle income,2,4
Costa Rica,CRI,2012,1.66878006206111,47.5,9985.36958968047,,,7.75122422,9.78400039672852,8.5,79.077,4654122.0,Latin America & Caribbean,Upper middle income,2,4
Costa Rica,CRI,2013,1.61440217270054,45.96,10569.6663143709,,1.15,7.67780718,8.76799964904785,8.4,79.254,4706401.0,Latin America & Caribbean,Upper middle income,2,4
Costa Rica,CRI,2014,1.63095106225335,53.0,10630.9979007564,,,7.80327592,9.05900001525879,8.3,79.44,4757575.0,Latin America & Caribbean,Upper middle income,2,4
Costa Rica,CRI,2015,2.86129610832048,59.76295014,11393.0284206956,,,7.78042454,8.99899959564209,8.2,79.634,4807852.0,Latin America & Caribbean,Upper middle income,2,4
Costa Rica,CRI,2016,2.86129610832048,66.02871285,11767.5042491362,,,7.55572353,8.59799957275391,8.0,79.831,4857274.0,Latin America & Caribbean,Upper middle income,2,4
Costa Rica,CRI,2017,2.86129610832048,71.58166462,11677.2690372725,,,5.533000995,8.14200019836426,7.8,80.03,4905769.0,Latin America & Caribbean,Upper middle income,2,4
Costa Rica,CRI,2018,2.86129610832048,20.80096366,4234.64075149378,,,5.533000995,8.12800025939941,21.7,,,Latin America & Caribbean,Upper middle income,2,4
Cote d'Ivoire,CIV,2000,0.406991230847387,0.231461671,642.254713999242,48.7407608032227,,5.67222788,4.67199993133545,91.04999999999998,46.672,16686561.0,Sub-Saharan Africa,Lower middle income,6,2
Cote d'Ivoire,CIV,2001,0.453421366194386,0.395747702,656.834565049434,,,4.85069361,4.94199991226196,91.04999999999998,46.567,17040152.0,Sub-Saharan Africa,Lower middle income,6,2
Cote d'Ivoire,CIV,2002,0.419561907548877,0.497929361,710.961168329605,,,4.47686869,5.36999988555908,91.04999999999998,46.637,17366517.0,Sub-Saharan Africa,Lower middle income,6,2
Cote d'Ivoire,CIV,2003,0.308844016085428,0.758669629,865.789649014533,,,4.64530601,5.45699977874756,91.04999999999998,46.856,17679355.0,Sub-Saharan Africa,Lower middle income,6,2
Cote d'Ivoire,CIV,2004,0.425832957452764,0.849282415,919.806802750387,,0.117,5.21358812,5.63100004196167,90.3,47.205,17997738.0,Sub-Saharan Africa,Lower middle income,6,2
Cote d'Ivoire,CIV,2005,0.426769671072735,1.039238205,931.754286971344,,0.094,5.3535558,5.67199993133545,87.9,47.658,18336303.0,Sub-Saharan Africa,Lower middle income,6,2
Cote d'Ivoire,CIV,2006,0.374162962677749,1.524900791,951.947895564691,,,5.80885012,5.69399976730347,85.8,48.183,18699435.0,Sub-Saharan Africa,Lower middle income,6,2
Cote d'Ivoire,CIV,2007,0.355057997926327,1.8,1065.89637469891,,,6.2591541,5.56099987030029,83.4,48.747,19085941.0,Sub-Saharan Africa,Lower middle income,6,2
Cote d'Ivoire,CIV,2008,0.347554665389543,1.9,1242.43104388465,,0.143,6.12160449,5.60799980163574,80.8,49.321,19497986.0,Sub-Saharan Africa,Lower middle income,6,2
Cote d'Ivoire,CIV,2009,0.283812054814804,2.0,1217.74920575106,,,6.22332889,6.49300003051758,78.7,49.883,19936366.0,Sub-Saharan Africa,Lower middle income,6,2
Cote d'Ivoire,CIV,2010,0.341512031739498,2.7,1219.74909551521,,0.144,6.14656571,6.75,76.8,50.423,20401331.0,Sub-Saharan Africa,Lower middle income,6,2
Cote d'Ivoire,CIV,2011,0.3469514763384,2.9,1214.70394645331,,,5.97884029,7.29199981689453,75.1,50.945,20895311.0,Sub-Saharan Africa,Lower middle income,6,2
Cote d'Ivoire,CIV,2012,0.434007997627109,5.0,1250.80892415322,40.9816284179688,,6.01966007,7.22300004959106,73.1,51.463,21418603.0,Sub-Saharan Africa,Lower middle income,6,2
Cote d'Ivoire,CIV,2013,0.486455714550535,12.0,1423.68228222575,,,5.07494225,4.25400018692017,71.2,51.989,21966312.0,Sub-Saharan Africa,Lower middle income,6,2
Cote d'Ivoire,CIV,2014,0.490206046242236,19.2742298,1568.62762832733,43.9084205627441,,5.04346217,3.66000008583069,69.5,52.52,22531350.0,Sub-Saharan Africa,Lower middle income,6,2
Cote d'Ivoire,CIV,2015,2.86129610832048,38.44,1715.10551782589,,,5.26271074,3.11299991607666,67.8,53.053,23108472.0,Sub-Saharan Africa,Lower middle income,6,2
Cote d'Ivoire,CIV,2016,2.86129610832048,41.21,1493.50606064011,,,4.40362075,2.59899997711182,66.0,53.582,23695919.0,Sub-Saharan Africa,Lower middle income,6,2
Cote d'Ivoire,CIV,2017,2.86129610832048,43.83992085,1537.50403108704,,,5.533000995,2.48799991607666,64.2,54.102,24294750.0,Sub-Saharan Africa,Lower middle income,6,2
Cote d'Ivoire,CIV,2018,2.86129610832048,20.80096366,4234.64075149378,,,5.533000995,2.48000001907349,21.7,,,Sub-Saharan Africa,Lower middle income,6,2
Croatia,HRV,2000,4.32821192479828,6.644882544,4873.05330560885,,2.383,7.66469819,16.0639991760254,7.2,72.8078048780488,4468302.0,Europe & Central Asia,High income,1,0
Croatia,HRV,2001,4.7436167941424,11.55857318,5416.65354943346,98.1466827392578,2.374,7.17390364,15.8219995498657,6.9,74.5129268292683,4299642.0,Europe & Central Asia,High income,1,0
Croatia,HRV,2002,4.9914187571214,17.76,6245.31941639884,,2.4,6.20668472,15.0530004501343,6.6,74.7173170731707,4302174.0,Europe & Central Asia,High income,1,0
Croatia,HRV,2003,5.34107016337551,22.75,8055.7881609182,,2.444,6.3604686,13.923999786377,6.4,74.6139024390244,4303399.0,Europe & Central Asia,High income,1,0
Croatia,HRV,2004,5.19816800631882,30.91,9646.28958732824,,2.4,6.58066855,13.6639995574951,6.0,75.520243902439,4304600.0,Europe & Central Asia,High income,1,0
Croatia,HRV,2005,5.2416767881359,33.14,10521.0338553116,,2.5,6.91240217,12.5979995727539,5.8,75.2446341463415,4310145.0,Europe & Central Asia,High income,1,0
Croatia,HRV,2006,5.24384626036757,37.98,11684.8150662588,,2.47,6.98403537,11.1300001144409,5.5,75.8368292682927,4311159.0,Europe & Central Asia,High income,1,0
Croatia,HRV,2007,5.52829845921911,41.44,13942.197367096,,2.59,7.47048971,9.90900039672852,5.3,75.7056097560976,4310217.0,Europe & Central Asia,High income,1,0
Croatia,HRV,2008,5.24221193794007,44.24,16352.5351651307,,2.661,7.70337044,8.52999973297119,5.1,75.9121951219512,4309705.0,Europe & Central Asia,High income,1,0
Croatia,HRV,2009,4.91638423564538,50.58,14576.4280384655,,,8.16123568,9.20199966430664,4.9,76.1682926829268,4305181.0,Europe & Central Asia,High income,1,0
Croatia,HRV,2010,4.69619597772236,56.55,13932.074214961,,2.851,8.09578904,11.6199998855591,4.7,76.4756097560976,4295427.0,Europe & Central Asia,High income,1,0
Croatia,HRV,2011,4.62762981641453,57.78997899,14578.2900965525,99.125358581543,2.903,7.78569055,13.6780004501343,4.5,76.7756097560976,4280622.0,Europe & Central Asia,High income,1,0
Croatia,HRV,2012,4.21645564043887,61.93997315,13250.7571183202,,2.979,7.78825844,15.9350004196167,4.5,76.9243902439024,4267558.0,Europe & Central Asia,High income,1,0
Croatia,HRV,2013,4.12395313661313,66.7476,13663.5191275233,,3.021,6.82082237,17.2509994506836,4.3,77.1268292682927,4255689.0,Europe & Central Asia,High income,1,0
Croatia,HRV,2014,3.97380490559031,68.57,13606.8934415442,,3.126,7.05065058,17.2900009155273,4.2,77.4780487804878,4238389.0,Europe & Central Asia,High income,1,0
Croatia,HRV,2015,2.86129610832048,69.8031,11773.2646636326,,,7.15420884,16.1749992370605,4.1,77.2756097560976,4203604.0,Europe & Central Asia,High income,1,0
Croatia,HRV,2016,2.86129610832048,72.69730605,12371.0021596835,,,7.18008037,13.1029996871948,4.0,78.0219512195122,4174349.0,Europe & Central Asia,High income,1,0
Croatia,HRV,2017,2.86129610832048,67.09619204,13386.512859434,,,5.533000995,11.2080001831055,3.9,77.8268292682927,4124531.0,Europe & Central Asia,High income,1,0
Croatia,HRV,2018,2.86129610832048,20.80096366,4234.64075149378,,,5.533000995,8.85000038146973,21.7,,,Europe & Central Asia,High income,1,0
Cuba,CUB,2000,2.33916137912332,0.541182549,2741.11054194091,,5.937,6.58082967,5.44999980926514,6.3,76.658,11150736.0,Latin America & Caribbean,Upper middle income,2,4
Cuba,CUB,2001,2.27529177470571,1.079751722,2832.18889268909,,5.948,6.97944519,4.07999992370605,6.1,76.88,11186542.0,Latin America & Caribbean,Upper middle income,2,4
Cuba,CUB,2002,2.32578977104471,3.770585038,2994.33998829381,99.799072265625,5.997,7.11155879,3.30999994277954,6.0,77.119,11217998.0,Latin America & Caribbean,Upper middle income,2,4
Cuba,CUB,2003,2.26642157745499,5.241269054,3192.6693781217,,6.065,7.09771076,2.32999992370605,6.0,77.381,11244885.0,Latin America & Caribbean,Upper middle income,2,4
Cuba,CUB,2004,2.21934888981845,8.407984759,3390.71625563673,,6.202,6.82610737,1.85399997234344,5.8,77.663,11266941.0,Latin America & Caribbean,Upper middle income,2,4
Cuba,CUB,2005,2.30465977677034,9.738062208,3779.05706959956,,6.269,8.75385175,1.95000004768372,5.6,77.95,11284253.0,Latin America & Caribbean,Upper middle income,2,4
Cuba,CUB,2006,2.42622102430076,11.15960131,4669.06091614789,,6.34,8.27164137,1.91299998760223,5.4,78.225,11296233.0,Latin America & Caribbean,Upper middle income,2,4
Cuba,CUB,2007,2.37044505920944,11.69,5184.49422741447,,6.418,10.301360604158114,1.78799998760223,5.1,78.469,11303687.0,Latin America & Caribbean,Upper middle income,2,4
Cuba,CUB,2008,2.69178569224406,12.94,5376.4476221145,,6.603,10.301360604158114,1.58299994468689,5.0,78.672,11309754.0,Latin America & Caribbean,Upper middle income,2,4
Cuba,CUB,2009,2.64140845309341,14.33,5484.77630011197,,6.628,10.301360604158114,1.66999995708466,4.8,78.833,11318602.0,Latin America & Caribbean,Upper middle income,2,4
Cuba,CUB,2010,3.38612744264541,15.9,5676.14140269906,,6.766,10.301360604158114,2.5,4.6,78.959,11333051.0,Latin America & Caribbean,Upper middle income,2,4
Cuba,CUB,2011,3.16944466192752,16.0172908,6075.92430626005,,6.943,10.301360604158114,3.1800000667572,4.5,79.064,11354651.0,Latin America & Caribbean,Upper middle income,2,4
Cuba,CUB,2012,3.17660834784583,21.2,6425.94111866075,99.7525329589844,7.235,9.29862453,3.46000003814697,4.5,79.167,11382146.0,Latin America & Caribbean,Upper middle income,2,4
Cuba,CUB,2013,3.0493621413006,27.93,6760.15343974549,,7.366,10.301360604158114,3.28999996185303,4.4,79.282,11412167.0,Latin America & Caribbean,Upper middle income,2,4
Cuba,CUB,2014,3.04521062360798,29.07018437,7050.49324868243,,7.519,10.301360604158114,2.70000004768372,4.3,79.415,11439767.0,Latin America & Caribbean,Upper middle income,2,4
Cuba,CUB,2015,2.86129610832048,37.30509742,7602.27866814548,,,10.301360604158114,2.40000009536743,4.3,79.57,11461432.0,Latin America & Caribbean,Upper middle income,2,4
Cuba,CUB,2016,2.86129610832048,42.98,7961.8458795073,,,10.301360604158114,2.36199998855591,4.2,79.742,11475982.0,Latin America & Caribbean,Upper middle income,2,4
Cuba,CUB,2017,2.86129610832048,49.1046873,8433.09269880212,,,5.533000995,2.27800011634827,4.1,79.921,11484636.0,Latin America & Caribbean,Upper middle income,2,4
Cuba,CUB,2018,2.86129610832048,20.80096366,4234.64075149378,,,5.533000995,2.26399993896484,21.7,,,Latin America & Caribbean,Upper middle income,2,4
Curacao,CUW,2000,2.86129610832048,20.80096366,4234.64075149378,,,5.533000995,6.34000015258789,21.7,,133860.0,Latin America & Caribbean,High income,2,0
Curacao,CUW,2001,2.86129610832048,20.80096366,4234.64075149378,,,5.533000995,6.34000015258789,21.7,,129047.0,Latin America & Caribbean,High income,2,0
Curacao,CUW,2002,2.86129610832048,20.80096366,4234.64075149378,,,5.533000995,6.34000015258789,21.7,,129205.0,Latin America & Caribbean,High income,2,0
Curacao,CUW,2003,2.86129610832048,20.80096366,4234.64075149378,,,5.533000995,6.34000015258789,21.7,,131897.0,Latin America & Caribbean,High income,2,0
Curacao,CUW,2004,2.86129610832048,20.80096366,4234.64075149378,,,5.533000995,6.34000015258789,21.7,,134192.0,Latin America & Caribbean,High income,2,0
Curacao,CUW,2005,2.86129610832048,20.80096366,4234.64075149378,,,5.533000995,6.34000015258789,21.7,,137658.0,Latin America & Caribbean,High income,2,0
Curacao,CUW,2006,2.86129610832048,20.80096366,4234.64075149378,,,5.533000995,6.34000015258789,21.7,74.709756097561,141239.0,Latin America & Caribbean,High income,2,0
Curacao,CUW,2007,2.86129610832048,20.80096366,4234.64075149378,,,5.533000995,6.34000015258789,21.7,75.3634146341464,144056.0,Latin America & Caribbean,High income,2,0
Curacao,CUW,2008,2.86129610832048,20.80096366,4234.64075149378,,,5.533000995,6.34000015258789,21.7,75.309756097561,145880.0,Latin America & Caribbean,High income,2,0
Curacao,CUW,2009,2.86129610832048,20.80096366,4234.64075149378,,,5.533000995,6.34000015258789,21.7,76.1560975609756,146833.0,Latin America & Caribbean,High income,2,0
Curacao,CUW,2010,2.86129610832048,20.80096366,4234.64075149378,,,5.533000995,6.34000015258789,21.7,,148703.0,Latin America & Caribbean,High income,2,0
Curacao,CUW,2011,2.86129610832048,20.80096366,4234.64075149378,,,5.533000995,6.34000015258789,21.7,77.4731707317073,150831.0,Latin America & Caribbean,High income,2,0
Curacao,CUW,2012,11.48600787602411,20.80096366,4234.64075149378,,,5.533000995,6.34000015258789,21.7,77.5243902439024,152088.0,Latin America & Caribbean,High income,2,0
Curacao,CUW,2013,11.48600787602411,20.80096366,4234.64075149378,,,5.533000995,6.34000015258789,21.7,77.8268292682927,153822.0,Latin America & Caribbean,High income,2,0
Curacao,CUW,2014,11.48600787602411,20.80096366,4234.64075149378,,,5.533000995,6.34000015258789,21.7,77.9756097560976,155909.0,Latin America & Caribbean,High income,2,0
Curacao,CUW,2015,2.86129610832048,20.80096366,4234.64075149378,,,5.533000995,6.34000015258789,21.7,78.0756097560976,157980.0,Latin America & Caribbean,High income,2,0
Curacao,CUW,2016,2.86129610832048,61.85551074,4234.64075149378,,,5.533000995,6.34000015258789,21.7,77.719512195122,159664.0,Latin America & Caribbean,High income,2,0
Curacao,CUW,2017,2.86129610832048,20.80096366,4234.64075149378,,,5.533000995,6.34000015258789,21.7,78.0170731707317,160175.0,Latin America & Caribbean,High income,2,0
Cyprus,CYP,2000,7.34732626160041,15.25539437,14388.3467029574,,,5.31196586,4.96700000762939,5.7,78.01,943286.0,Europe & Central Asia,High income,1,0
Cyprus,CYP,2001,7.12945676374232,18.81875904,14821.4455185468,96.8036270141602,,5.34238735,3.98399996757507,5.3,78.14,960282.0,Europe & Central Asia,High income,1,0
Cyprus,CYP,2002,7.18787040695377,28.32,16093.218676255,,,5.61591572,3.29900002479553,5.0,78.264,976966.0,Europe & Central Asia,High income,1,0
Cyprus,CYP,2003,7.79857039764967,30.09,20252.2421378578,,,5.53012386,4.13500022888184,4.6,78.386,993563.0,Europe & Central Asia,High income,1,0
Cyprus,CYP,2004,7.25843964331311,33.83,23792.617929064,,,5.28464825,4.33300018310547,4.3,78.506,1010410.0,Europe & Central Asia,High income,1,0
Cyprus,CYP,2005,7.30075764505312,32.81,24959.2659053822,,,5.28617016,5.30399990081787,4.1,78.631,1027658.0,Europe & Central Asia,High income,1,0
Cyprus,CYP,2006,7.44968049055532,35.83,26729.3267457419,,,5.3085,4.54300022125244,3.8,78.764,1045509.0,Europe & Central Asia,High income,1,0
Cyprus,CYP,2007,7.70485338136639,40.77,28490.211716540907,,2.016,5.19121611,3.92199993133545,3.6,78.911,1063712.0,Europe & Central Asia,High income,1,0
Cyprus,CYP,2008,7.93029439801472,42.31,28490.211716540907,,2.059,6.01929897,3.65499997138977,3.4,79.071,1081563.0,Europe & Central Asia,High income,1,0
Cyprus,CYP,2009,7.38692403804473,49.81,28490.211716540907,,2.121,6.46461028,5.36399984359741,3.2,79.245,1098076.0,Europe & Central Asia,High income,1,0
Cyprus,CYP,2010,6.92790356343255,52.99,28490.211716540907,,2.174,6.27779476,6.26300001144409,3.0,79.43,1112607.0,Europe & Central Asia,High income,1,0
Cyprus,CYP,2011,6.60156823000707,56.85989235,28490.211716540907,98.6784286499023,2.265,6.59137905,7.85599994659424,2.8,79.62,1124835.0,Europe & Central Asia,High income,1,0
Cyprus,CYP,2012,6.09625641594908,60.6898684,28490.211716540907,,2.308,6.68578788,11.7950000762939,2.7,79.81,1135062.0,Europe & Central Asia,High income,1,0
Cyprus,CYP,2013,5.1996632561002,65.4548,27942.3012696028,,2.412,6.9036741,15.871000289917,2.5,79.995,1143896.0,Europe & Central Asia,High income,1,0
Cyprus,CYP,2014,5.26035204098901,69.33,27407.1528617811,,2.496,6.78616827,16.0879993438721,2.4,80.173,1152309.0,Europe & Central Asia,High income,1,0
Cyprus,CYP,2015,2.86129610832048,71.7159,23217.4841507892,,,6.8085447,14.9079999923706,2.3,80.344,1160985.0,Europe & Central Asia,High income,1,0
Cyprus,CYP,2016,2.86129610832048,75.90036019,24019.1378679236,,,6.87966475,12.9499998092651,2.2,80.508,1170125.0,Europe & Central Asia,High income,1,0
Cyprus,CYP,2017,2.86129610832048,80.74318897,25658.7996638379,,,5.533000995,11.0520000457764,2.1,80.67,1179551.0,Europe & Central Asia,High income,1,0
Cyprus,CYP,2018,2.86129610832048,20.80096366,4234.64075149378,,,5.533000995,8.10900020599365,21.7,,,Europe & Central Asia,High income,1,0
Czech Republic,CZE,2000,11.48600787602411,9.780527888,6011.61522035701,,3.4,5.71755317,8.76200008392334,4.5,74.9682926829268,10255063.0,Europe & Central Asia,High income,1,0
Czech Republic,CZE,2001,11.48600787602411,14.69717212,6609.20552986054,,3.4,5.88764748,7.99100017547607,4.3,75.1731707317073,10216605.0,Europe & Central Asia,High income,1,0
Czech Republic,CZE,2002,11.48600787602411,23.93,8032.89661245767,,3.5,6.19887241,7.01900005340576,4.1,75.2219512195122,10196916.0,Europe & Central Asia,High income,1,0
Czech Republic,CZE,2003,11.48600787602411,34.3,9773.11750251281,,3.513,6.55446573,7.54400014877319,3.9,75.1707317073171,10193998.0,Europe & Central Asia,High income,1,0
Czech Republic,CZE,2004,11.451844499726,35.5,11685.8872407234,,,6.38547255,8.21000003814697,3.7,75.7219512195122,10197101.0,Europe & Central Asia,High income,1,0
Czech Republic,CZE,2005,11.48600787602411,35.27,13346.1763898857,,,6.38101044,7.92700004577637,3.5,75.9243902439025,10211216.0,Europe & Central Asia,High income,1,0
Czech Republic,CZE,2006,11.48600787602411,47.93,15183.6360541375,,3.58,6.19553143,7.14799976348877,3.4,76.5243902439024,10238905.0,Europe & Central Asia,High income,1,0
Czech Republic,CZE,2007,11.48600787602411,51.93,18373.6489976913,,3.61,6.01604855,5.32000017166138,3.2,76.7243902439025,10298828.0,Europe & Central Asia,High income,1,0
Czech Republic,CZE,2008,11.2337728269439,62.97,22698.8539572605,,3.625,6.35973328,4.39200019836426,3.0,76.9756097560976,10384603.0,Europe & Central Asia,High income,1,0
Czech Republic,CZE,2009,10.3083217859627,64.43,19741.5976279826,,,7.29290504,6.66200017929077,2.8,77.0780487804878,10443936.0,Europe & Central Asia,High income,1,0
Czech Republic,CZE,2010,10.6525786177933,68.82,19808.0710912518,,3.585,6.92806211,7.27899980545044,2.7,77.4243902439025,10474410.0,Europe & Central Asia,High income,1,0
Czech Republic,CZE,2011,10.1854822482433,70.49,21717.4579392202,,3.624,6.97689183,6.71099996566772,2.6,77.8731707317073,10496088.0,Europe & Central Asia,High income,1,0
Czech Republic,CZE,2012,9.61198587926592,73.43000782,19729.8705111763,,3.663,7.02843525,6.97800016403198,2.5,78.0756097560976,10510785.0,Europe & Central Asia,High income,1,0
Czech Republic,CZE,2013,9.384891602576,74.1104,19916.0193873722,,3.677,7.8066952,6.95300006866455,2.5,78.1756097560976,10514272.0,Europe & Central Asia,High income,1,0
Czech Republic,CZE,2014,9.16597837581982,74.23171164,19744.5586092159,,,7.65308523,6.10799980163574,2.5,78.8243902439024,10525347.0,Europe & Central Asia,High income,1,0
Czech Republic,CZE,2015,2.86129610832048,75.6688387,17715.6168523009,,,7.24275683,5.0460000038147,2.5,78.5780487804878,10546059.0,Europe & Central Asia,High income,1,0
Czech Republic,CZE,2016,2.86129610832048,76.48120138,18463.3865756564,,,7.14959908,3.95099997520447,2.6,79.0268292682927,10566332.0,Europe & Central Asia,High income,1,0
Czech Republic,CZE,2017,2.86129610832048,78.71917285,20379.8960396417,,,5.533000995,2.89000010490417,2.6,79.4756097560976,10594438.0,Europe & Central Asia,High income,1,0
Czech Republic,CZE,2018,2.86129610832048,20.80096366,4234.64075149378,,,5.533000995,2.3970000743866,21.7,,,Europe & Central Asia,High income,1,0
Denmark,DNK,2000,9.61317555419716,39.17243086,28490.211716540907,,,8.1043807,4.47599983215332,4.6,76.5926829268293,5339616.0,Europe & Central Asia,High income,1,0
Denmark,DNK,2001,9.87509234839328,42.95752472,28490.211716540907,,3.66,8.4483269,4.16400003433228,4.5,76.7926829268293,5358783.0,Europe & Central Asia,High income,1,0
Denmark,DNK,2002,9.68193192955788,64.25,28490.211716540907,,2.925,8.70251179,4.27400016784668,4.4,76.8951219512195,5375931.0,Europe & Central Asia,High income,1,0
Denmark,DNK,2003,10.3882734936947,76.26,28490.211716540907,,3.001,8.90363048,5.39799976348877,4.3,77.1439024390244,5390574.0,Europe & Central Asia,High income,1,0
Denmark,DNK,2004,9.36270101912787,80.93,28490.211716540907,,3.045,9.00743094,5.2039999961853,4.2,77.4926829268293,5404523.0,Europe & Central Asia,High income,1,0
Denmark,DNK,2005,8.69007693057132,82.74,28490.211716540907,,3.202,9.0905709,4.82999992370605,4.0,77.8439024390244,5419432.0,Europe & Central Asia,High income,1,0
Denmark,DNK,2006,10.1129141598949,86.65,28490.211716540907,,3.163,9.16879674,3.8970000743866,3.8,78.0951219512195,5437272.0,Europe & Central Asia,High income,1,0
Denmark,DNK,2007,9.20201511030611,85.03,28490.211716540907,,3.419,9.32515549,3.80100011825562,3.8,78.1951219512195,5461438.0,Europe & Central Asia,High income,1,0
Denmark,DNK,2008,8.54335109757298,85.02,28490.211716540907,,3.395,9.51134351,3.43400001525879,3.6,78.4463414634146,5493621.0,Europe & Central Asia,High income,1,0
Denmark,DNK,2009,8.05889560110771,86.84,28490.211716540907,,3.403,10.301360604158114,6.00699996948242,3.5,78.5975609756098,5523095.0,Europe & Central Asia,High income,1,0
Denmark,DNK,2010,8.40721667045503,88.72,28490.211716540907,,3.582,10.301360604158114,7.46400022506714,3.5,79.1,5547683.0,Europe & Central Asia,High income,1,0
Denmark,DNK,2011,7.29638320804399,89.81001339,28490.211716540907,,3.622,10.15290857,7.57299995422363,3.5,79.8,5570572.0,Europe & Central Asia,High income,1,0
Denmark,DNK,2012,6.51480084670286,92.26001172,28490.211716540907,,3.652,10.24135399,7.52600002288818,3.5,80.0512195121951,5591572.0,Europe & Central Asia,High income,1,0
Denmark,DNK,2013,6.86256503195408,94.6297,28490.211716540907,,3.648,10.16958128,6.99700021743774,3.5,80.3,5614932.0,Europe & Central Asia,High income,1,0
Denmark,DNK,2014,5.9357124821143,95.99,28490.211716540907,,3.655,10.17190456,6.58900022506714,3.6,80.7,5643475.0,Europe & Central Asia,High income,1,0
Denmark,DNK,2015,2.86129610832048,96.3305,28490.211716540907,,,10.27382498,6.16800022125244,3.6,80.7024390243902,5683483.0,Europe & Central Asia,High income,1,0
Denmark,DNK,2016,2.86129610832048,96.96778525,28490.211716540907,,,10.301360604158114,6.18100023269653,3.7,80.8536585365854,5728010.0,Europe & Central Asia,High income,1,0
Denmark,DNK,2017,2.86129610832048,97.09936216,28490.211716540907,,,5.533000995,5.74300003051758,3.7,81.0048780487805,5764980.0,Europe & Central Asia,High income,1,0
Denmark,DNK,2018,2.86129610832048,20.80096366,4234.64075149378,,,5.533000995,4.97499990463257,21.7,,,Europe & Central Asia,High income,1,0
Djibouti,DJI,2000,0.475248890722201,0.194500528,768.17607674712,,,4.1253036,13.6359996795654,80.3,57.021,717584.0,Middle East & North Africa,Lower middle income,3,2
Djibouti,DJI,2001,0.500470171732102,0.343526263,781.232219551995,,,3.94019625,13.6129999160767,78.7,57.1,732711.0,Middle East & North Africa,Lower middle income,3,2
Djibouti,DJI,2002,0.535636225729375,0.486971705,792.154120027978,,,5.03592168,13.6079998016357,76.9,57.233,746221.0,Middle East & North Africa,Lower middle income,3,2
Djibouti,DJI,2003,0.55588803279661,0.625940229,819.974117984813,,,5.58189947,13.293999671936,75.2,57.424,758615.0,Middle East & North Africa,Lower middle income,3,2
Djibouti,DJI,2004,0.528103722079216,0.781317175,864.184720607284,,0.168,4.66613397,13.0019998550415,73.4,57.677,770752.0,Middle East & North Africa,Lower middle income,3,2
Djibouti,DJI,2005,0.529037834470044,0.953611449,904.729748876566,,0.18,4.52727705,12.6969995498657,71.7,57.999,783254.0,Middle East & North Africa,Lower middle income,3,2
Djibouti,DJI,2006,0.515825010550007,1.270041159,965.669377892257,,0.234,4.89260073,11.7840003967285,69.8,58.393,796208.0,Middle East & North Africa,Lower middle income,3,2
Djibouti,DJI,2007,0.570843659887176,1.62,1047.58689638521,,,4.79323895,11.0290002822876,67.9,58.848,809402.0,Middle East & North Africa,Lower middle income,3,2
Djibouti,DJI,2008,0.606017007439236,2.26,1214.07711829591,,,4.47885684,10.7790002822876,66.1,59.345,822934.0,Middle East & North Africa,Lower middle income,3,2
Djibouti,DJI,2009,0.552127049376225,4.0,1253.65743119943,,,4.51186996,11.7170000076294,64.3,59.865,836840.0,Middle East & North Africa,Lower middle income,3,2
Djibouti,DJI,2010,0.607471573619567,6.5,1325.99072352076,,0.229,4.29711004,12.4770002365112,62.6,60.383,851146.0,Middle East & North Africa,Lower middle income,3,2
Djibouti,DJI,2011,0.546278770857464,7.0,1430.98689832546,,,4.73829396,12.4180002212524,60.9,60.87,865937.0,Middle East & North Africa,Lower middle income,3,2
Djibouti,DJI,2012,0.586763278993628,8.267232892,1536.15068518041,,,4.63176867,12.2889995574951,59.3,61.31,881185.0,Middle East & North Africa,Lower middle income,3,2
Djibouti,DJI,2013,0.678855967739058,9.5,1477.36304247321,,,4.09869831,11.7259998321533,57.7,61.691,896688.0,Middle East & North Africa,Lower middle income,3,2
Djibouti,DJI,2014,0.791961752491876,10.71,1595.1463648488,,0.229,4.13814365,11.7449998855591,56.1,62.006,912164.0,Middle East & North Africa,Lower middle income,3,2
Djibouti,DJI,2015,2.86129610832048,11.92243143,1761.6101575859,,,4.38930145,11.0939998626709,54.5,62.26,927414.0,Middle East & North Africa,Lower middle income,3,2
Djibouti,DJI,2016,2.86129610832048,13.13491511,1872.23462294105,,,3.50192451,11.0459995269775,53.0,62.465,942333.0,Middle East & North Africa,Lower middle income,3,2
Djibouti,DJI,2017,2.86129610832048,55.68140925,1927.58970569415,,,5.533000995,11.1639995574951,51.5,62.643,956985.0,Middle East & North Africa,Lower middle income,3,2
Djibouti,DJI,2018,2.86129610832048,20.80096366,4234.64075149378,,,5.533000995,11.1219997406006,21.7,,,Middle East & North Africa,Lower middle income,3,2
Dominica,DMA,2000,1.47362075894139,8.814844198,4785.99358299685,,,5.12931806,6.34000015258789,13.4,,69676.0,Latin America & Caribbean,Upper middle income,2,4
Dominica,DMA,2001,1.57901535811684,13.24522804,4883.09278131296,,1.78,5.223328,6.34000015258789,13.4,,69670.0,Latin America & Caribbean,Upper middle income,2,4
Dominica,DMA,2002,1.47049725022915,18.42489277,4771.92921037444,,,5.34098516,6.34000015258789,13.4,76.5975609756098,69824.0,Latin America & Caribbean,Upper middle income,2,4
Dominica,DMA,2003,1.67411867090865,23.62041985,4897.93084425929,,,5.27230132,6.34000015258789,13.6,,70093.0,Latin America & Caribbean,Upper middle income,2,4
Dominica,DMA,2004,1.61521192401142,30.31961309,5217.45280710313,,,5.15229974,6.34000015258789,13.8,,70379.0,Latin America & Caribbean,Upper middle income,2,4
Dominica,DMA,2005,1.66146091438119,38.54364326,5157.44791756798,,,5.24445266,6.34000015258789,14.3,,70627.0,Latin America & Caribbean,Upper middle income,2,4
Dominica,DMA,2006,1.60544861383761,39.3981743,5511.46282356474,,,5.24618724,6.34000015258789,14.8,,70807.0,Latin America & Caribbean,Upper middle income,2,4
Dominica,DMA,2007,2.1707399577167,40.27446301,5939.05358494506,,,5.37814195,6.34000015258789,15.6,,70950.0,Latin America & Caribbean,Upper middle income,2,4
Dominica,DMA,2008,1.85738807440133,41.16,6446.66383185391,,,5.49472914,6.34000015258789,16.5,,71074.0,Latin America & Caribbean,Upper middle income,2,4
Dominica,DMA,2009,1.85334624942088,42.02,6866.22489903457,,,5.74783559,6.34000015258789,17.6,,71229.0,Latin America & Caribbean,Upper middle income,2,4
Dominica,DMA,2010,1.95053191489362,47.45,6912.43571398947,,,5.60128406,6.34000015258789,18.9,,71440.0,Latin America & Caribbean,Upper middle income,2,4
Dominica,DMA,2011,1.78957862740177,48.6,6986.04668697253,,,5.71225311,6.34000015258789,20.5,,71718.0,Latin America & Caribbean,Upper middle income,2,4
Dominica,DMA,2012,1.88327966242852,49.8,6745.84975848093,,,5.87236836,6.34000015258789,22.4,,72044.0,Latin America & Caribbean,Upper middle income,2,4
Dominica,DMA,2013,1.82337016574586,51.0,6933.41364845508,,,5.43430873,6.34000015258789,24.4,,72400.0,Latin America & Caribbean,Upper middle income,2,4
Dominica,DMA,2014,1.86428591057737,57.5,7193.66811093706,,,5.48942884,6.34000015258789,26.6,,72778.0,Latin America & Caribbean,Upper middle income,2,4
Dominica,DMA,2015,2.86129610832048,65.0,7392.23458443819,,,5.45513319,6.34000015258789,28.8,,73162.0,Latin America & Caribbean,Upper middle income,2,4
Dominica,DMA,2016,2.86129610832048,67.03,7824.92177667789,,,5.30393975,6.34000015258789,30.4,,73543.0,Latin America & Caribbean,Upper middle income,2,4
Dominica,DMA,2017,2.86129610832048,69.61966879,6719.33716604667,,,5.533000995,6.34000015258789,31.5,,73925.0,Latin America & Caribbean,Upper middle income,2,4
Dominican Republic,DOM,2000,2.3113012579558,3.704692356,2838.5133349557,,1.83,4.88427497,6.43200016021729,33.2,70.568,8562622.0,Latin America & Caribbean,Upper middle income,2,4
Dominican Republic,DOM,2001,2.27850763574082,4.429390697,2943.4219360953,,,4.88183301,7.26200008392334,32.4,70.775,8697126.0,Latin America & Caribbean,Upper middle income,2,4
Dominican Republic,DOM,2002,2.41510990643984,6.823725733,3098.05170491001,86.996467590332,,4.98649017,6.77899980545044,31.7,70.99,8832285.0,Latin America & Caribbean,Upper middle income,2,4
Dominican Republic,DOM,2003,2.39907055942621,7.898392937,2413.41013323558,,,4.38888279,6.93800020217896,31.1,71.207,8967760.0,Latin America & Caribbean,Upper middle income,2,4
Dominican Republic,DOM,2004,2.01135175466368,8.865553461,2492.86822575889,,,4.28767555,6.30299997329712,30.6,71.425,9102998.0,Latin America & Caribbean,Upper middle income,2,4
Dominican Republic,DOM,2005,2.0177783844792,11.48319778,3910.01777439852,,,4.35398197,6.58699989318848,30.1,71.644,9237566.0,Latin America & Caribbean,Upper middle income,2,4
Dominican Republic,DOM,2006,2.111060875192,14.84492837,4067.33291727245,,,3.99365784,5.65500020980835,29.7,71.862,9371338.0,Latin America & Caribbean,Upper middle income,2,4
Dominican Republic,DOM,2007,2.22774322460456,17.66,4647.31035906985,88.2444610595703,,4.20737005,5.15799999237061,29.3,72.078,9504353.0,Latin America & Caribbean,Upper middle income,2,4
Dominican Republic,DOM,2008,2.14924225757846,20.82,5011.03793729372,,1.078,4.72508234,4.76399993896484,29.0,72.29,9636520.0,Latin America & Caribbean,Upper middle income,2,4
Dominican Republic,DOM,2009,2.07081010811283,27.72,4952.67750344452,,,5.08703423,5.46700000762939,28.7,72.498,9767758.0,Latin America & Caribbean,Upper middle income,2,4
Dominican Republic,DOM,2010,2.123958664314,31.4,5453.92686069139,89.5387268066406,,5.58233888,5.21199989318848,28.3,72.702,9897985.0,Latin America & Caribbean,Upper middle income,2,4
Dominican Republic,DOM,2011,2.11709004452436,38.0,5765.49645330522,90.1063766479492,1.494,5.67143533,6.08699989318848,28.0,72.901,10027095.0,Latin America & Caribbean,Upper middle income,2,4
Dominican Republic,DOM,2012,2.17854455216422,42.32,5973.22293666431,90.1551818847656,,5.88949284,6.72200012207031,27.7,73.098,10154950.0,Latin America & Caribbean,Upper middle income,2,4
Dominican Republic,DOM,2013,2.08543251745694,45.9,6094.73490421055,90.8581466674805,,5.82878304,7.35200023651123,27.2,73.292,10281296.0,Latin America & Caribbean,Upper middle income,2,4
Dominican Republic,DOM,2014,2.0699866344335,49.58,6348.83776943483,91.7637634277344,,5.92203373,6.7189998626709,26.8,73.483,10405844.0,Latin America & Caribbean,Upper middle income,2,4
Dominican Republic,DOM,2015,2.86129610832048,54.21576634,6534.90855499375,91.9912109375,,6.04389175,7.60500001907349,26.2,73.673,10528394.0,Latin America & Caribbean,Upper middle income,2,4
Dominican Republic,DOM,2016,2.86129610832048,63.87,6793.53812543935,93.7784576416016,,6.16130052,7.28399991989136,25.6,73.861,10648791.0,Latin America & Caribbean,Upper middle income,2,4
Dominican Republic,DOM,2017,2.86129610832048,64.99320547,7052.25883896858,,,5.533000995,5.83199977874756,25.0,74.048,10766998.0,Latin America & Caribbean,Upper middle income,2,4
Dominican Republic,DOM,2018,2.86129610832048,20.80096366,4234.64075149378,,,5.533000995,5.8289999961853,21.7,,,Latin America & Caribbean,Upper middle income,2,4
Early-demographic dividend,EAR,2000,1.71211190477899,1.23292008858779,1331.67163768789,68.2621231079102,0.734469672570034,4.79586943209208,5.09279738847539,57.9799246079469,64.4860730448729,2474600589.0,,,7,3
Early-demographic dividend,EAR,2001,1.70339711277269,1.68904538511734,1295.74276853336,68.7165603637695,,5.03622846458093,5.21763885687953,55.9630063658327,64.8062736240023,2518353223.0,,,7,3
Early-demographic dividend,EAR,2002,1.70594111028349,2.83749768699835,1236.99068779545,69.3787384033203,,4.76836625676796,5.56160791562648,54.0097507579408,65.1247881341541,2561812502.0,,,7,3
Early-demographic dividend,EAR,2003,1.7653565378987,3.40094540602629,1353.00684570138,70.4130325317383,,4.88860995642947,5.48783063793218,52.0779544038265,65.4481229286196,2605067367.0,,,7,3
Early-demographic dividend,EAR,2004,1.82510641979969,4.20901432369339,1546.27691430308,71.1862564086914,,4.83264430237894,5.27998588114166,50.2810954608219,65.7804328845503,2648271523.0,,,7,3
Early-demographic dividend,EAR,2005,1.85868413257951,4.88355331767249,1773.45324826812,71.087646484375,,4.80674273520179,5.22938393735103,48.3802875156474,66.1228608395386,2691528375.0,,,7,3
Early-demographic dividend,EAR,2006,1.93022013785169,5.76660326858817,2000.40155463293,71.2424621582031,,4.75300953444345,4.79284300661641,46.6475144776851,66.4795137928266,2734859659.0,,,7,3
Early-demographic dividend,EAR,2007,1.97591264014637,7.33292182450383,2334.99633459632,72.1490173339844,,4.75216094782601,4.54446139651896,44.8567385785408,66.8453227814686,2778276175.0,,,7,3
Early-demographic dividend,EAR,2008,2.07957472508864,8.49874324718698,2589.79857346858,73.1498870849609,,4.68728504040735,4.33809901115375,43.206358488369,67.2173836075783,2821797496.0,,,7,3
Early-demographic dividend,EAR,2009,2.12852237731529,9.69785764384365,2455.9989353807,73.9793319702148,,5.09551962792092,4.63601373507021,41.4058757246849,67.5901777188973,2865439651.0,,,7,3
Early-demographic dividend,EAR,2010,2.11982654072511,12.8354250470902,2937.73534092983,75.2004013061523,,4.91697289624222,4.46766296803374,39.8592572644598,67.9557324425197,2909410986.0,,,7,3
Early-demographic dividend,EAR,2011,2.20137008449608,15.4762500929705,3244.51968337292,74.6903228759766,,4.85514310660206,4.45697385408834,38.1565056111807,68.3081043461813,2953406021.0,,,7,3
Early-demographic dividend,EAR,2012,2.29594268221608,18.129745640282,3351.49904161265,76.4946365356445,,4.89962674783717,4.49801114658107,36.6129847618399,68.6427759351782,2997066325.0,,,7,3
Early-demographic dividend,EAR,2013,2.21086506287639,20.9688841013591,3364.37541287667,76.9537963867188,0.900465395545367,4.97215094808557,4.61691623872705,35.1588923774187,68.9576575246554,3040700765.0,,,7,3
Early-demographic dividend,EAR,2014,2.29530215229644,25.5160900112713,3430.71477013468,77.6761016845703,,5.04727311668804,4.5254013562892,33.7844247579001,69.2486396460121,3084236443.0,,,7,3
Early-demographic dividend,EAR,2015,2.86129610832048,30.3068094929774,3282.14090387369,78.1656036376953,,5.11683581692397,4.66758159086018,32.4644472363477,69.5169409710616,3127578757.0,,,7,3
Early-demographic dividend,EAR,2016,2.86129610832048,33.6139502734669,3310.64446850756,78.6802368164063,,4.98763515336404,4.66814876866071,31.2629848230541,69.7662711291935,3170657660.0,,,7,3
Early-demographic dividend,EAR,2017,2.86129610832048,37.858568818703,3530.38562507311,,,5.533000995,4.54925220708935,30.1176171454807,70.0010251402738,3213427823.0,,,7,3
Early-demographic dividend,EAR,2018,2.86129610832048,20.80096366,4234.64075149378,,,5.533000995,4.55545645696188,21.7,,,,,7,3
East Asia & Pacific,EAS,2000,3.19837264791158,5.6219434343535,4045.0990599896,91.4602890014648,1.07930280904711,6.18601530483833,3.59865617355184,31.5,71.5789799477441,2047138744.0,,,7,3
East Asia & Pacific,EAS,2001,3.23483319694791,7.29818963654167,3728.80553876739,91.7093124389648,,6.22920133855911,3.97241597240402,30.0,71.952150372523,2065520252.0,,,7,3
East Asia & Pacific,EAS,2002,3.42447188351139,9.04950831634766,3756.37128329712,92.0383682250977,,6.19744261700549,4.24714348490116,28.4,72.3032169499588,2082947843.0,,,7,3
East Asia & Pacific,EAS,2003,3.76287925677891,10.6049402811365,4096.95339682106,92.3622283935547,,6.29445770295592,4.50101438803933,26.8,72.641319406636,2099537166.0,,,7,3
East Asia & Pacific,EAS,2004,4.11997552840047,12.6620157843444,4559.68811131665,92.8465881347656,,6.26754197204706,4.43562666974121,25.4,72.9632280818052,2115550779.0,,,7,3
East Asia & Pacific,EAS,2005,4.39809905673954,14.7196417154672,4829.32833841937,93.1670684814453,,6.21991828183755,4.45875256903584,23.8,73.2337615652391,2131355884.0,,,7,3
East Asia & Pacific,EAS,2006,4.67112957727635,16.6695480679667,5084.37365853911,93.5426635742188,,6.02348746339774,4.32169425526174,22.5,73.515794034154,2147020812.0,,,7,3
East Asia & Pacific,EAS,2007,4.91880017453505,20.8154929914651,5647.09464164251,94.5048370361328,,5.81590014377642,4.25426413539933,21.2,73.7609778184086,2162088472.0,,,7,3
East Asia & Pacific,EAS,2008,5.15512320822904,25.2995101051286,6476.45828127653,94.71875,,5.95751759948264,4.3981126664834,20.3,73.9808323115713,2177418325.0,,,7,3
East Asia & Pacific,EAS,2009,5.30531826668782,29.5535990899651,6628.17204081698,94.9885864257813,,6.45043891576105,4.45607617650363,19.1,74.2072435282217,2192343164.0,,,7,3
East Asia & Pacific,EAS,2010,5.70178263843552,34.2697996825574,7676.51926359955,95.0649795532227,,6.33306838186628,4.21697644480678,18.1,74.3839154884679,2207155022.0,,,7,3
East Asia & Pacific,EAS,2011,6.1900228643384,37.3984393435399,8842.71595701148,94.9190521240234,,6.75325439082064,4.11095297731132,17.2,74.5460654639697,2221935061.0,,,7,3
East Asia & Pacific,EAS,2012,6.30711795666516,40.7375318390325,9401.30825235938,95.1205215454102,,6.81310565049715,4.08432088793246,16.3,74.741154232451,2237073498.0,,,7,3
East Asia & Pacific,EAS,2013,6.33049800520395,44.6038360585575,9446.00609426832,95.203498840332,1.56581557644549,6.58481999261474,4.0624273488751,15.5,74.9190149761044,2252293463.0,,,7,3
East Asia & Pacific,EAS,2014,6.29360497638158,46.8366418502125,9663.54427593006,95.5164337158203,,6.52995992334713,4.021065328858,14.8,75.085917675475,2267716950.0,,,7,3
East Asia & Pacific,EAS,2015,2.86129610832048,49.8363961620171,9546.45196828858,95.6330108642578,,6.48618545448556,4.06306845368328,14.2,75.248805846478,2283072846.0,,,7,3
East Asia & Pacific,EAS,2016,2.86129610832048,52.9321632977852,9792.96702162429,95.7439880371094,,6.64178073464925,3.96719819316638,13.6,75.4008577612082,2298707239.0,,,7,3
East Asia & Pacific,EAS,2017,2.86129610832048,55.095399741453,10367.7994250078,,,5.533000995,3.87013879747992,13.1,75.5558844143143,2314367614.0,,,7,3
East Asia & Pacific,EAS,2018,2.86129610832048,20.80096366,4234.64075149378,,,5.533000995,3.86809807921444,21.7,,,,,7,3
East Asia & Pacific (IDA & IBRD countries),TEA,2000,2.30216826275951,1.91864649855333,965.76218152699,90.4522933959961,0.987094464260447,3.95893134180873,3.46138530871866,33.3401633274086,70.662426224485,1792988790.0,,,7,3
East Asia & Pacific (IDA & IBRD countries),TEA,2001,2.35936459250776,2.81444860493884,1017.9418646913,90.7362823486328,,3.85461769757805,3.85542058578921,31.7362265341234,71.0341380754328,1809863171.0,,,7,3
East Asia & Pacific (IDA & IBRD countries),TEA,2002,2.55625053689846,4.46094475615555,1116.67623726742,91.1123580932617,,3.91399678825151,4.14266510184183,30.0507651802645,71.399436899226,1825997060.0,,,7,3
East Asia & Pacific (IDA & IBRD countries),TEA,2003,2.94210215699329,5.8348240988235,1253.31690815181,91.4821624755859,,3.9799835677908,4.43683836126646,28.328427426746,71.7488744213025,1841494233.0,,,7,3
East Asia & Pacific (IDA & IBRD countries),TEA,2004,3.32586792353651,6.96993646493393,1441.73090729874,92.0304107666016,,3.88862740193379,4.41861684733422,26.94419381879,72.0759588694576,1856577921.0,,,7,3
East Asia & Pacific (IDA & IBRD countries),TEA,2005,3.66807407535873,8.41935418359881,1656.84853340535,92.3993988037109,,3.88146421325675,4.4783982079546,25.1727682145165,72.3755705163525,1871547818.0,,,7,3
East Asia & Pacific (IDA & IBRD countries),TEA,2006,3.97555869926586,10.2971960173711,1980.2378998631,92.8290328979492,,3.73396600824895,4.36098720187132,23.7239796356197,72.6468109886706,1886075684.0,,,7,3
East Asia & Pacific (IDA & IBRD countries),TEA,2007,4.24117064801752,14.5601609235511,2485.91116896985,93.9220275878906,,3.56773447105384,4.31713995702261,22.3810846600718,72.894350669698,1900087547.0,,,7,3
East Asia & Pacific (IDA & IBRD countries),TEA,2008,4.52284960191798,19.5008006552382,3124.28515915042,94.1653518676758,,3.7317472754115,4.474211688126,21.3475512052878,73.1234997434121,1913991988.0,,,7,3
East Asia & Pacific (IDA & IBRD countries),TEA,2009,4.74979148692273,24.0646803790134,3364.52907863274,94.4711532592773,,4.12738608402389,4.40874375518704,20.057028018804,73.3356359984053,1927809542.0,,,7,3
East Asia & Pacific (IDA & IBRD countries),TEA,2010,5.13658805605719,29.3201332503983,4051.86738251018,94.5566787719727,,4.03266448313854,4.15373945717072,19.0600548007243,73.5318739586159,1941604842.0,,,7,3
East Asia & Pacific (IDA & IBRD countries),TEA,2011,5.68848786862672,32.7867706969835,4917.92916490085,94.3902435302734,,4.13867067973569,4.09073489850591,18.089104402934,73.7153837228984,1955546907.0,,,7,3
East Asia & Pacific (IDA & IBRD countries),TEA,2012,5.82125352176721,36.5105275879563,5446.80926769003,94.6172332763672,,4.3422747204422,4.07970656058768,17.151854012492,73.8886926133351,1969762859.0,,,7,3
East Asia & Pacific (IDA & IBRD countries),TEA,2013,5.84531756868058,39.6964037227658,5968.18553522363,94.7095794677734,1.43634689689778,4.49975253774952,4.07148676340603,16.377666832713,74.0534307804421,1984152637.0,,,7,3
East Asia & Pacific (IDA & IBRD countries),TEA,2014,5.82786717938883,42.0464015786338,6370.64782996502,95.0623397827148,,4.5940759419663,4.04036378426382,15.6380526318285,74.2139076788083,1998686391.0,,,7,3
East Asia & Pacific (IDA & IBRD countries),TEA,2015,2.86129610832048,45.2142923755773,6579.68608784113,95.1931991577148,,4.70149843827374,4.10042030799491,14.9284048632962,74.3710640140637,2013132699.0,,,7,3
East Asia & Pacific (IDA & IBRD countries),TEA,2016,2.86129610832048,48.4267745851979,6648.45733619168,95.3173065185547,,4.77945647332574,4.01091946822514,14.3689763248199,74.5276559956051,2027896410.0,,,7,3
East Asia & Pacific (IDA & IBRD countries),TEA,2017,2.86129610832048,50.7876210341096,7201.538993446,,,5.533000995,3.92674244775339,13.7841215757068,74.6824035555001,2042782723.0,,,7,3
East Asia & Pacific (IDA & IBRD countries),TEA,2018,2.86129610832048,20.80096366,4234.64075149378,,,5.533000995,3.94733744604558,21.7,,,,,7,3
East Asia & Pacific (excluding high income),EAP,2000,2.31133094574131,1.89406231836407,955.518252121759,90.5749664306641,0.987081503696754,3.95853034264871,3.47249078191574,33.5020618238969,70.594312681957,1815956211.0,,,7,3
East Asia & Pacific (excluding high income),EAP,2001,2.36886202716052,2.77927971149937,1007.15082711951,90.8547134399414,,3.8542808421838,3.86022158611102,31.8413777381209,70.9717036715478,1833033752.0,,,7,3
East Asia & Pacific (excluding high income),EAP,2002,2.56129858281301,4.40503563316966,1104.84476598226,91.225212097168,,3.91366675181503,4.14447789041555,30.1087982221751,71.3429713365949,1849372898.0,,,7,3
East Asia & Pacific (excluding high income),EAP,2003,2.94277845646788,5.76158476187435,1240.02218944342,91.5894622802734,,3.97966499087948,4.43293403740351,28.3567254063205,71.6966983127618,1865072190.0,,,7,3
East Asia & Pacific (excluding high income),EAP,2004,3.32225267713539,6.88243522002456,1426.39325523281,92.1300964355469,,3.88824189195404,4.41386911054911,26.9555988930743,72.0258050184807,1880346879.0,,,7,3
East Asia & Pacific (excluding high income),EAP,2005,3.6615605747307,8.31402719546314,1639.19254813792,92.4939727783203,,3.88115641746335,4.47055196325895,25.1887290103353,72.3253262185058,1895491197.0,,,7,3
East Asia & Pacific (excluding high income),EAP,2006,3.96561665196393,10.1685372046347,1959.12644788567,92.9178771972656,,3.73367743783709,4.35121098447199,23.7529018799031,72.5950769173238,1910175419.0,,,7,3
East Asia & Pacific (excluding high income),EAP,2007,4.22108676444613,14.3788064080075,2459.42429352552,93.9971008300781,,3.56747733728355,4.30406261267739,22.4223537050673,72.8412906714921,1924328623.0,,,7,3
East Asia & Pacific (excluding high income),EAP,2008,4.50265666647891,19.258440608527,3091.04606794975,94.2372665405273,,3.73155748305711,4.45747308897319,21.3945199386366,73.0702965937426,1938363936.0,,,7,3
East Asia & Pacific (excluding high income),EAP,2009,4.72637784326383,23.766312536349,3328.86794437914,94.5392227172852,,4.12721669390639,4.39790797885375,20.1091003319708,73.2836488892432,1952308448.0,,,7,3
East Asia & Pacific (excluding high income),EAP,2010,5.1060445087073,28.9574820384007,4008.91201168156,94.6236572265625,,4.03248838417507,4.14669638117791,19.1078859901471,73.4823446954104,1966231608.0,,,7,3
East Asia & Pacific (excluding high income),EAP,2011,5.64163635499887,32.382216538625,4865.8563020468,94.4592895507813,,4.13854408365127,4.08478860336237,18.1291754185079,73.6691348505637,1980303926.0,,,7,3
East Asia & Pacific (excluding high income),EAP,2012,5.77322448528528,36.0611003063699,5389.26972061724,94.6835403442383,,4.34213309143102,4.07345066220762,17.182868973036,73.845817643227,1994651365.0,,,7,3
East Asia & Pacific (excluding high income),EAP,2013,5.79045974876772,39.6964037227658,5905.25602580207,94.7748107910156,1.46342820857346,4.49961253563583,4.06581810026458,16.4002083706439,74.0134910071165,2009173000.0,,,7,3
East Asia & Pacific (excluding high income),EAP,2014,5.77547834477085,42.0464015786338,6303.61498827963,95.1232833862305,,4.59393260155363,4.03385219664825,15.6541049882271,74.1762412179219,2023837097.0,,,7,3
East Asia & Pacific (excluding high income),EAP,2015,2.86129610832048,45.2142923755773,6510.6048900711,95.2526016235352,,4.70136986302436,4.09246199406495,14.9411435341889,74.3349735695129,2038410865.0,,,7,3
East Asia & Pacific (excluding high income),EAP,2016,2.86129610832048,48.4267745851979,6578.83659243643,95.3751907348633,,4.77930071224989,4.00281262451176,14.377765955803,74.4925325576175,2053299126.0,,,7,3
East Asia & Pacific (excluding high income),EAP,2017,2.86129610832048,50.7876210341096,7126.33037218597,,,5.533000995,3.91751388131617,13.7916255489299,74.6479492456253,2068307600.0,,,7,3
East Asia & Pacific (excluding high income),EAP,2018,2.86129610832048,20.80096366,4234.64075149378,,,5.533000995,3.93799058863118,21.7,,,,,7,3
Ecuador,ECU,2000,1.64060597076666,1.462188536,1451.2907755099,,1.452,3.31528974,4.79899978637695,24.3,72.933,12628596.0,Latin America & Caribbean,Upper middle income,2,4
Ecuador,ECU,2001,1.79858466142084,2.670443674,1903.7415713596,90.9840316772461,1.551,3.73755858,4.2519998550415,23.1,73.22,12852755.0,Latin America & Caribbean,Upper middle income,2,4
Ecuador,ECU,2002,1.90867147182617,4.260796915,2183.96679635803,,1.575,4.45758963,4.92500019073486,22.0,73.482,13072060.0,Latin America & Caribbean,Upper middle income,2,4
Ecuador,ECU,2003,2.02918943917127,4.460228345,2440.46890497314,,1.506,5.42486,5.66200017929077,21.1,73.72,13289601.0,Latin America & Caribbean,Upper middle income,2,4
Ecuador,ECU,2004,2.1500418922863,4.834442638,2708.55789200118,,,5.55078448,5.0019998550415,20.2,73.937,13509647.0,Latin America & Caribbean,Upper middle income,2,4
Ecuador,ECU,2005,2.20336640812719,5.994255161,3021.94254731609,,,5.57841353,3.77900004386902,19.4,74.136,13735233.0,Latin America & Caribbean,Upper middle income,2,4
Ecuador,ECU,2006,2.06617729182358,7.2,3350.78654130881,,,5.68722197,3.54999995231628,18.7,74.322,13967480.0,Latin America & Caribbean,Upper middle income,2,4
Ecuador,ECU,2007,2.24478811059387,10.8,3590.71808551266,92.0967864990234,,5.86489023,3.14199995994568,17.9,74.501,14205453.0,Latin America & Caribbean,Upper middle income,2,4
Ecuador,ECU,2008,2.3442302583647,18.8,4274.95206457671,92.3900527954102,,5.81637673,3.91700005531311,17.2,74.678,14447562.0,Latin America & Caribbean,Upper middle income,2,4
Ecuador,ECU,2009,2.45510427107246,24.6,4255.56570141121,92.2497634887695,1.607,6.43873295,4.60799980163574,16.4,74.859,14691275.0,Latin America & Caribbean,Upper middle income,2,4
Ecuador,ECU,2010,2.44136175575121,29.03,4657.3023611471,91.8540420532227,1.687,7.12195655,4.08799982070923,15.7,75.046,14934690.0,Latin America & Caribbean,Upper middle income,2,4
Ecuador,ECU,2011,2.54391117556386,31.36680836,5223.35176320248,91.5868988037109,1.665,7.86521816,3.45799994468689,15.0,75.244,15177355.0,Latin America & Caribbean,Upper middle income,2,4
Ecuador,ECU,2012,2.47349501603991,35.13514645,5702.10431276527,92.0647277832031,,8.47968249,3.23499989509583,14.4,75.449,15419666.0,Latin America & Caribbean,Upper middle income,2,4
Ecuador,ECU,2013,2.61768904438367,40.27912194,6074.09082895834,93.2946319580078,,8.55983433,3.08299994468689,13.8,75.661,15661547.0,Latin America & Caribbean,Upper middle income,2,4
Ecuador,ECU,2014,2.76170217502084,45.59039067,6396.63048339218,94.2226409912109,,8.62127454,3.48000001907349,13.4,75.879,15903112.0,Latin America & Caribbean,Upper middle income,2,4
Ecuador,ECU,2015,2.86129610832048,48.94043379,6150.15595531519,94.4556579589844,,8.58845682,3.6159999370575,13.0,76.102,16144368.0,Latin America & Caribbean,Upper middle income,2,4
Ecuador,ECU,2016,2.86129610832048,54.06292473,6099.31530342138,94.350227355957,,8.38714107,4.59700012207031,12.7,76.327,16385068.0,Latin America & Caribbean,Upper middle income,2,4
Ecuador,ECU,2017,2.86129610832048,57.27224368,6273.48889235625,,,5.533000995,3.83599996566772,12.5,76.551,16624858.0,Latin America & Caribbean,Upper middle income,2,4
Ecuador,ECU,2018,2.86129610832048,20.80096366,4234.64075149378,,,5.533000995,3.91000008583069,21.7,,,Latin America & Caribbean,Upper middle income,2,4
"Egypt, Arab Rep.",EGY,2000,2.02166057648738,0.641265038,1428.18300429537,,2.118,4.92244279,8.97999954223633,37.3,68.613,69905988.0,Middle East & North Africa,Lower middle income,3,2
"Egypt, Arab Rep.",EGY,2001,1.76129617529547,0.838945611,1370.71743795049,,,5.40030332,9.26000022888184,35.4,68.807,71226940.0,Middle East & North Africa,Lower middle income,3,2
"Egypt, Arab Rep.",EGY,2002,1.75221594212039,2.719999715,1210.22924881689,,,5.51073784,10.0100002288818,33.7,68.972,72590118.0,Middle East & North Africa,Lower middle income,3,2
"Egypt, Arab Rep.",EGY,2003,1.9999941337036,4.037885107,1120.87492840669,,0.533,5.22425289,11.0100002288818,32.2,69.127,73981942.0,Middle East & North Africa,Lower middle income,3,2
"Egypt, Arab Rep.",EGY,2004,2.0019622747896,11.92,1045.94320837548,,,4.85732371,10.3199996948242,30.8,69.282,75381899.0,Middle East & North Africa,Lower middle income,3,2
"Egypt, Arab Rep.",EGY,2005,2.17780538053867,12.75,1168.11523067913,71.4088592529297,2.401,4.92229169,11.1999998092651,29.6,69.444,76778149.0,Middle East & North Africa,Lower middle income,3,2
"Egypt, Arab Rep.",EGY,2006,2.28491225993438,13.66,1375.19631599113,66.3699111938477,,4.84190073,10.4899997711182,28.4,69.618,78159048.0,Middle East & North Africa,Lower middle income,3,2
"Egypt, Arab Rep.",EGY,2007,2.37740825673223,16.03,1640.47606839651,,2.604,4.44493251,8.80000019073486,27.3,69.797,79537253.0,Middle East & North Africa,Lower middle income,3,2
"Egypt, Arab Rep.",EGY,2008,2.45308047677171,18.01,2011.24615406866,,,4.46634813,8.51700019836426,26.2,69.98,80953881.0,Middle East & North Africa,Lower middle income,3,2
"Egypt, Arab Rep.",EGY,2009,2.50693511001549,20.0,2291.66706219766,,2.804,4.37870946,9.08699989318848,25.2,70.167,82465022.0,Middle East & North Africa,Lower middle income,3,2
"Egypt, Arab Rep.",EGY,2010,2.41019138031345,21.6,2602.47954869567,72.0478515625,2.83,4.1531917,8.75699996948242,24.3,70.357,84107606.0,Middle East & North Africa,Lower middle income,3,2
"Egypt, Arab Rep.",EGY,2011,2.5281673247975,25.6,2747.48032671166,,,4.35707557,11.8489999771118,23.3,70.55,85897561.0,Middle East & North Africa,Lower middle income,3,2
"Egypt, Arab Rep.",EGY,2012,2.47192818505753,26.4,3181.44170830415,73.865592956543,,4.55305428,12.5970001220703,22.4,70.742,87813257.0,Middle East & North Africa,Lower middle income,3,2
"Egypt, Arab Rep.",EGY,2013,2.376329651912,29.4,3213.38915790942,75.0607299804688,,4.6541604,13.1540002822876,21.6,70.933,89807433.0,Middle East & North Africa,Lower middle income,3,2
"Egypt, Arab Rep.",EGY,2014,2.19898024634231,33.89460391,3327.75424726108,,0.814,4.69173709,13.1049995422363,20.9,71.12,91812566.0,Middle East & North Africa,Lower middle income,3,2
"Egypt, Arab Rep.",EGY,2015,2.86129610832048,37.81938343,3547.71301183827,,,4.62285691,13.0520000457764,20.1,71.304,93778172.0,Middle East & North Africa,Lower middle income,3,2
"Egypt, Arab Rep.",EGY,2016,2.86129610832048,41.24806709,3479.28124621174,,,4.63781726,12.4069995880127,19.4,71.484,95688681.0,Middle East & North Africa,Lower middle income,3,2
"Egypt, Arab Rep.",EGY,2017,2.86129610832048,44.95020425,2412.72708185213,71.1682510375977,,5.533000995,11.7700004577637,18.8,71.661,97553151.0,Middle East & North Africa,Lower middle income,3,2
"Egypt, Arab Rep.",EGY,2018,2.86129610832048,20.80096366,4234.64075149378,,,5.533000995,11.4359998703003,21.7,,,Middle East & North Africa,Lower middle income,3,2
El Salvador,SLV,2000,0.978678941023167,1.177397269,2008.46606446969,,1.211,8.1239531,6.96000003814697,27.2,68.834,5867626.0,Latin America & Caribbean,Lower middle income,2,2
El Salvador,SLV,2001,1.00709655768188,1.5,2079.68381780987,,,7.91283573,6.96000003814697,25.8,69.135,5905962.0,Latin America & Caribbean,Lower middle income,2,2
El Salvador,SLV,2002,1.01670722857066,1.9,2131.9098200883,,1.351,7.68854407,5.73000001907349,24.6,69.44,5940303.0,Latin America & Caribbean,Lower middle income,2,2
El Salvador,SLV,2003,1.09736089631895,2.5,2217.83715577318,,,7.36359407,6.26000022888184,23.4,69.743,5971535.0,Latin America & Caribbean,Lower middle income,2,2
El Salvador,SLV,2004,1.06084830709367,3.2,2287.17305681349,,,7.2983922,6.05000019073486,22.2,70.048,6000775.0,Latin America & Caribbean,Lower middle income,2,2
El Salvador,SLV,2005,1.0704862745007,4.2,2437.89956511578,,1.741,7.18965719,7.21999979019165,21.1,70.357,6028961.0,Latin America & Caribbean,Lower middle income,2,2
El Salvador,SLV,2006,1.13040763955553,5.5,2641.78065205553,83.5594635009766,1.5,6.68427578,6.57000017166138,20.1,70.668,6056478.0,Latin America & Caribbean,Lower middle income,2,2
El Salvador,SLV,2007,1.14709125951861,6.11,2796.38708139673,82.0286331176758,,6.32181049,6.40999984741211,19.1,70.98,6083475.0,Latin America & Caribbean,Lower middle income,2,2
El Salvador,SLV,2008,1.0712393710228,10.08,2943.69887833676,83.951301574707,1.922,6.2152956,5.88000011444092,18.2,71.291,6110301.0,Latin America & Caribbean,Lower middle income,2,2
El Salvador,SLV,2009,1.04980108438988,12.11,2867.98508002573,84.1028900146484,,6.83897198,7.32999992370605,17.4,71.599,6137276.0,Latin America & Caribbean,Lower middle income,2,2
El Salvador,SLV,2010,1.04752291542098,15.9,2992.54527363055,84.4927215576172,1.596,6.91474461,4.89300012588501,16.6,71.902,6164626.0,Latin America & Caribbean,Lower middle income,2,2
El Salvador,SLV,2011,1.0735900822923,18.9,3275.50862648081,85.4939880371094,,6.89744587,4.30200004577637,15.8,72.195,6192560.0,Latin America & Caribbean,Lower middle income,2,2
El Salvador,SLV,2012,1.07099751400282,20.32138772,3437.59963840041,,,6.71873688,3.84599995613098,15.1,72.479,6221246.0,Latin America & Caribbean,Lower middle income,2,2
El Salvador,SLV,2013,0.996713368594016,23.1093,3515.94720144392,86.767578125,,6.97040329,3.69300007820129,14.5,72.753,6250777.0,Latin America & Caribbean,Lower middle income,2,2
El Salvador,SLV,2014,1.00064462317564,24.76171215,3595.7907332513,,,6.92507738,4.16300010681152,13.9,73.015,6281189.0,Latin America & Caribbean,Lower middle income,2,2
El Salvador,SLV,2015,2.86129610832048,26.80260496,3669.87899205352,87.9698486328125,,6.86405934,4.0,13.4,73.267,6312478.0,Latin America & Caribbean,Lower middle income,2,2
El Salvador,SLV,2016,2.86129610832048,28.99707305,3768.83770478833,88.1417694091797,,6.95775683,4.41800022125244,12.9,73.512,6344722.0,Latin America & Caribbean,Lower middle income,2,2
El Salvador,SLV,2017,2.86129610832048,31.25135241,3889.30876895407,88.4827117919922,,5.533000995,4.38500022888184,12.5,73.75,6377853.0,Latin America & Caribbean,Lower middle income,2,2
El Salvador,SLV,2018,2.86129610832048,20.80096366,4234.64075149378,,,5.533000995,4.3899998664856,21.7,,,Latin America & Caribbean,Lower middle income,2,2
Equatorial Guinea,GNQ,2000,0.740177398534647,0.132354665,1702.68490100276,88.3082962036133,,2.35956381,8.0629997253418,91.04999999999998,52.752,614323.0,Sub-Saharan Africa,Upper middle income,6,4
Equatorial Guinea,GNQ,2001,4.83765525304723,0.165260423,2283.87903943895,,,2.15189827,8.17099952697754,91.04999999999998,53.099,639762.0,Sub-Saharan Africa,Upper middle income,6,4
Equatorial Guinea,GNQ,2002,7.47258957363893,0.321197997,2711.17011416914,,,2.22753164,8.23499965667725,91.04999999999998,53.415,666407.0,Sub-Saharan Africa,Upper middle income,6,4
Equatorial Guinea,GNQ,2003,8.66318990053425,0.520524272,3577.17619659534,,,1.80396072,8.5019998550415,91.04999999999998,53.709,694611.0,Sub-Saharan Africa,Upper middle income,6,4
Equatorial Guinea,GNQ,2004,7.19925305283954,0.843930285,6085.3489069204,,0.252,1.61515891,8.53600025177002,91.04999999999998,53.987,724817.0,Sub-Saharan Africa,Upper middle income,6,4
Equatorial Guinea,GNQ,2005,6.22209061727124,1.149789671,10850.6333446261,,,1.40098678,8.44499969482422,91.04999999999998,54.262,757317.0,Sub-Saharan Africa,Upper middle income,6,4
Equatorial Guinea,GNQ,2006,6.00353059830829,1.279193596,12732.0275869622,,,1.45431357,8.1569995880127,91.04999999999998,54.55,792217.0,Sub-Saharan Africa,Upper middle income,6,4
Equatorial Guinea,GNQ,2007,5.78352808964377,1.557123059,15761.8391282779,,,1.47405823,7.82200002670288,88.4,54.858,829327.0,Sub-Saharan Africa,Upper middle income,6,4
Equatorial Guinea,GNQ,2008,5.18537846981523,1.82,22742.3815908012,,,1.3830424997364745,7.74300003051758,85.7,55.19,868418.0,Sub-Saharan Africa,Upper middle income,6,4
Equatorial Guinea,GNQ,2009,5.08234968007207,2.13,16530.2093729134,,,1.68699371,8.10000038146973,83.0,55.543,909111.0,Sub-Saharan Africa,Upper middle income,6,4
Equatorial Guinea,GNQ,2010,4.91964285714286,6.0,17136.4456757583,,,1.53191996,8.23799991607666,80.5,55.908,951104.0,Sub-Saharan Africa,Upper middle income,6,4
Equatorial Guinea,GNQ,2011,6.16274628126603,11.5,21451.8861709069,,,1.3830424997364745,8.40799999237061,78.2,56.265,994290.0,Sub-Saharan Africa,Upper middle income,6,4
Equatorial Guinea,GNQ,2012,4.92537981673283,13.94318219,21557.6518706913,,,1.44458403,8.19400024414063,76.0,56.601,1038593.0,Sub-Saharan Africa,Upper middle income,6,4
Equatorial Guinea,GNQ,2013,4.76415691499669,16.4,20246.9930826625,,,1.72544372,8.57800006866455,73.8,56.905,1083746.0,Sub-Saharan Africa,Upper middle income,6,4
Equatorial Guinea,GNQ,2014,4.7338165294876,18.86,19245.651511712,95.0,,1.77640373,8.5319995880127,71.5,57.18,1129424.0,Sub-Saharan Africa,Upper middle income,6,4
Equatorial Guinea,GNQ,2015,2.86129610832048,21.31999999,11213.4752282974,,,2.70818175,8.9069995880127,69.4,57.434,1175389.0,Sub-Saharan Africa,Upper middle income,6,4
Equatorial Guinea,GNQ,2016,2.86129610832048,23.77999997,9218.98732353381,,,3.37653274,9.2790002822876,67.4,57.681,1221490.0,Sub-Saharan Africa,Upper middle income,6,4
Equatorial Guinea,GNQ,2017,2.86129610832048,26.23999996,9697.6302336089,,,5.533000995,9.15499973297119,65.3,57.939,1267689.0,Sub-Saharan Africa,Upper middle income,6,4
Equatorial Guinea,GNQ,2018,2.86129610832048,20.80096366,4234.64075149378,,,5.533000995,9.16199970245361,21.7,,,Sub-Saharan Africa,Upper middle income,6,4
Eritrea,ERI,2000,0.179415768858828,0.136711941,208.196948652283,,,4.51147622,6.86100006103516,57.9,55.258,3392801.0,Sub-Saharan Africa,Low income,6,1
Eritrea,ERI,2001,0.180355057470081,0.157815289,215.139210251802,,,4.6301811,6.44600009918213,55.4,55.847,3497124.0,Sub-Saharan Africa,Low income,6,1
Eritrea,ERI,2002,0.167390159847221,0.227090138,201.768798115624,52.5139503479004,,5.30258703,6.86399984359741,53.1,56.483,3614639.0,Sub-Saharan Africa,Low income,6,1
Eritrea,ERI,2003,0.194225396005901,20.80096366,232.794545914417,,,5.67850091,6.81699991226196,50.9,57.174,3738265.0,Sub-Saharan Africa,Low income,6,1
Eritrea,ERI,2004,0.199571194179893,20.80096366,287.422224311551,,0.053,5.42505764,6.85699987411499,48.8,57.916,3858623.0,Sub-Saharan Africa,Low income,6,1
Eritrea,ERI,2005,0.193096913157372,20.80096366,276.750809646129,,,5.31241649,6.71600008010864,46.9,58.691,3969007.0,Sub-Saharan Africa,Low income,6,1
Eritrea,ERI,2006,0.137963993933087,20.80096366,297.828058802925,,,5.30663629,6.62900018692017,45.2,59.472,4066648.0,Sub-Saharan Africa,Low income,6,1
Eritrea,ERI,2007,0.13949908170115,0.41,317.329433586554,,,4.08505054,6.3600001335144,43.5,60.23,4153332.0,Sub-Saharan Africa,Low income,6,1
Eritrea,ERI,2008,0.0978990397473348,0.47,326.082564151512,64.662971496582,,3.89576269,6.10699987411499,41.9,60.94,4232636.0,Sub-Saharan Africa,Low income,6,1
Eritrea,ERI,2009,0.119104459190401,0.54,430.754449938105,,,4.3533527,6.83199977874756,40.5,61.591,4310334.0,Sub-Saharan Africa,Low income,6,1
Eritrea,ERI,2010,0.116920680325405,0.61,482.1490904235,,,3.44590245,6.89900016784668,39.2,62.181,4390840.0,Sub-Saharan Africa,Low income,6,1
Eritrea,ERI,2011,0.132758693898348,0.7,582.775530237486,,,4.20446097,6.90700006484985,38.0,62.718,4474690.0,Sub-Saharan Africa,Low income,6,1
Eritrea,ERI,2012,2.86129610832048,0.8,4234.64075149378,,,2.96121577,6.92600011825562,36.8,63.22,,Sub-Saharan Africa,Low income,6,1
Eritrea,ERI,2013,2.86129610832048,0.9,4234.64075149378,,,2.91476339,6.95499992370605,35.8,63.703,,Sub-Saharan Africa,Low income,6,1
Eritrea,ERI,2014,2.86129610832048,0.99,4234.64075149378,,,2.93162431,6.86700010299683,34.7,64.174,,Sub-Saharan Africa,Low income,6,1
Eritrea,ERI,2015,2.86129610832048,1.083733116,4234.64075149378,,,2.96577289,6.80700016021729,33.9,64.636,,Sub-Saharan Africa,Low income,6,1
Eritrea,ERI,2016,2.86129610832048,1.17711872,4234.64075149378,,,2.95931347,6.68400001525879,32.9,65.092,,Sub-Saharan Africa,Low income,6,1
Eritrea,ERI,2017,2.86129610832048,1.30890698,4234.64075149378,,,5.533000995,6.49700021743774,32.1,65.536,,Sub-Saharan Africa,Low income,6,1
Eritrea,ERI,2018,2.86129610832048,20.80096366,4234.64075149378,,,5.533000995,6.54300022125244,21.7,,,Sub-Saharan Africa,Low income,6,1
Estonia,EST,2000,10.6362516419289,28.57695381,4070.03282698714,99.7671966552734,4.373,5.16450828,13.3599996566772,8.8,70.4170731707317,1396985.0,Europe & Central Asia,High income,1,0
Estonia,EST,2001,11.2167089902494,31.52748977,4498.95702743146,,3.16,4.78793591,13.1339998245239,8.1,70.2585365853659,1388115.0,Europe & Central Asia,High income,1,0
Estonia,EST,2002,10.7935041867546,41.52,5308.34778059328,,,4.73278255,10.0260000228882,7.4,70.9048780487805,1379350.0,Europe & Central Asia,High income,1,0
Estonia,EST,2003,11.48600787602411,45.32,7174.23741473369,,,4.88545255,11.2880001068115,6.8,71.3170731707317,1370720.0,Europe & Central Asia,High income,1,0
Estonia,EST,2004,11.48600787602411,53.2,8850.46511484791,,,5.09282518,10.2480001449585,6.2,71.909756097561,1362550.0,Europe & Central Asia,High income,1,0
Estonia,EST,2005,11.48600787602411,61.45,10338.3132235799,,,4.9559168,8.03299999237061,5.7,72.5682926829268,1354775.0,Europe & Central Asia,High income,1,0
Estonia,EST,2006,11.48600787602411,63.51,12595.4106486304,,3.33,4.91832188,5.91499996185303,5.2,72.6914634146341,1346810.0,Europe & Central Asia,High income,1,0
Estonia,EST,2007,11.48600787602411,66.19,16586.4052048847,,,5.02833942,4.59200000762939,4.7,72.8146341463415,1340680.0,Europe & Central Asia,High income,1,0
Estonia,EST,2008,11.48600787602411,70.58,18094.5480527831,,3.409,5.75220945,5.45499992370605,4.3,73.7707317073171,1337090.0,Europe & Central Asia,High income,1,0
Estonia,EST,2009,10.9143201837372,72.5,14726.3182780587,,,6.54286643,13.5480003356934,4.0,74.8243902439024,1334515.0,Europe & Central Asia,High income,1,0
Estonia,EST,2010,11.48600787602411,74.1,14638.6048173457,,3.242,6.33366564,16.7070007324219,3.6,75.4292682926829,1331475.0,Europe & Central Asia,High income,1,0
Estonia,EST,2011,11.48600787602411,76.5,17454.8434246435,99.8857879638672,3.292,5.82260813,12.3280000686646,3.3,76.2292682926829,1327439.0,Europe & Central Asia,High income,1,0
Estonia,EST,2012,11.48600787602411,78.38992593,17421.8902227378,,3.28,5.82746739,10.0209999084473,3.1,76.3268292682927,1322696.0,Europe & Central Asia,High income,1,0
Estonia,EST,2013,11.48600787602411,80.0043,19072.2385175669,,3.277,6.00967838,8.63099956512451,2.9,77.1414634146341,1317997.0,Europe & Central Asia,High income,1,0
Estonia,EST,2014,11.48600787602411,84.24152803,20247.1993011108,,3.316,6.20800935,7.35200023651123,2.6,77.0341463414634,1314545.0,Europe & Central Asia,High income,1,0
Estonia,EST,2015,2.86129610832048,87.23733209,17412.4486731613,,3.43,6.48181399,6.18699979782104,2.5,77.590243902439,1315407.0,Europe & Central Asia,High income,1,0
Estonia,EST,2016,2.86129610832048,87.23733209,18228.0582545935,,,6.68368438,6.76200008392334,2.3,77.6414634146342,1315790.0,Europe & Central Asia,High income,1,0
Estonia,EST,2017,2.86129610832048,88.10245687,20200.3755920409,,,5.533000995,5.76000022888184,2.1,77.6414634146342,1317384.0,Europe & Central Asia,High income,1,0
Estonia,EST,2018,2.86129610832048,20.80096366,4234.64075149378,,,5.533000995,5.50799989700317,21.7,,,Europe & Central Asia,High income,1,0
Eswatini,SWZ,2000,1.11930646990771,0.926191777,1637.45007202339,81.6606979370117,,4.46048937,17.547250032424937,80.3,48.521,1061468.0,Sub-Saharan Africa,Lower middle income,6,2
Eswatini,SWZ,2001,1.06633908923906,1.28159005,1437.63490796119,,0.167,4.39733557,17.547250032424937,81.9,47.352,1072927.0,Sub-Saharan Africa,Lower middle income,6,2
Eswatini,SWZ,2002,1.04148187209162,1.816203807,1324.99618408854,,,4.46066463,17.547250032424937,82.7,46.508,1080930.0,Sub-Saharan Africa,Lower middle income,6,2
Eswatini,SWZ,2003,0.957730055030753,2.437073851,2020.99399397689,,0.147,4.90617895,17.547250032424937,82.8,46.018,1087392.0,Sub-Saharan Africa,Lower middle income,6,2
Eswatini,SWZ,2004,0.940983678415565,3.228685073,2529.63353509293,,0.156,5.07823062,17.547250032424937,81.7,45.905,1095053.0,Sub-Saharan Africa,Lower middle income,6,2
Eswatini,SWZ,2005,0.921829179299974,3.696961073,2873.86209077307,,,5.62263621,17.547250032424937,80.0,46.185,1105873.0,Sub-Saharan Africa,Lower middle income,6,2
Eswatini,SWZ,2006,0.906511654472858,3.696538789,2937.36074331066,,,5.963561,17.547250032424937,72.6,46.846,1120514.0,Sub-Saharan Africa,Lower middle income,6,2
Eswatini,SWZ,2007,0.934116514440012,4.1,3047.48803739736,,,5.97594195,17.547250032424937,70.6,47.805,1138434.0,Sub-Saharan Africa,Lower middle income,6,2
Eswatini,SWZ,2008,0.946100473122288,6.85,2842.43853009194,,,6.94491552,17.547250032424937,69.0,48.969,1158897.0,Sub-Saharan Africa,Lower middle income,6,2
Eswatini,SWZ,2009,0.885167383064772,8.94,3032.51704908186,,0.147,6.81277706,17.547250032424937,64.6,50.26,1180675.0,Sub-Saharan Africa,Lower middle income,6,2
Eswatini,SWZ,2010,0.862756818637179,11.04,3690.23922847955,83.0982894897461,,8.36179984,17.547250032424937,60.6,51.598,1202843.0,Sub-Saharan Africa,Lower middle income,6,2
Eswatini,SWZ,2011,0.855951970931836,18.13,3934.27337283568,,,8.30593865,17.547250032424937,56.4,52.912,1225258.0,Sub-Saharan Africa,Lower middle income,6,2
Eswatini,SWZ,2012,0.966578750446658,20.78178258,3864.76043619193,,,7.45511665,17.547250032424937,51.3,54.158,1248158.0,Sub-Saharan Africa,Lower middle income,6,2
Eswatini,SWZ,2013,0.856576240153021,24.7,3587.00031610963,,,7.59382295,17.547250032424937,48.7,55.296,1271456.0,Sub-Saharan Africa,Lower middle income,6,2
Eswatini,SWZ,2014,0.92871499200446,26.17500573,3379.89649909261,,,7.59077143,17.547250032424937,46.5,56.287,1295097.0,Sub-Saharan Africa,Lower middle income,6,2
Eswatini,SWZ,2015,2.86129610832048,25.64304231,3047.94675558222,,,7.772143,17.547250032424937,42.5,57.107,1319011.0,Sub-Saharan Africa,Lower middle income,6,2
Eswatini,SWZ,2016,2.86129610832048,28.57352278,2842.25722918208,,,7.69694547,17.547250032424937,41.2,57.754,1343098.0,Sub-Saharan Africa,Lower middle income,6,2
Eswatini,SWZ,2017,2.86129610832048,30.3,3242.75106472334,,,5.533000995,17.547250032424937,40.8,58.268,1367254.0,Sub-Saharan Africa,Lower middle income,6,2
Eswatini,SWZ,2018,2.86129610832048,20.80096366,4234.64075149378,,,5.533000995,17.547250032424937,21.7,,,Sub-Saharan Africa,Lower middle income,6,2
Ethiopia,ETH,2000,0.0533483376422177,0.015263767,123.876205729993,,0.021,4.3652898,3.44099998474121,88.2,51.94,66537331.0,Sub-Saharan Africa,Low income,6,1
Ethiopia,ETH,2001,0.0635506725964659,0.037162381,120.17892791115,,0.028,4.71366989,3.20900011062622,84.9,52.593,68492257.0,Sub-Saharan Africa,Low income,6,1
Ethiopia,ETH,2002,0.0641360438866842,0.072402262,111.363435555958,,0.029,4.70581967,3.06599998474121,81.5,53.347,70497192.0,Sub-Saharan Africa,Low income,6,1
Ethiopia,ETH,2003,0.0687450561818445,0.105811659,118.873446581632,,0.027,4.88534071,2.91300010681152,77.9,54.209,72545144.0,Sub-Saharan Africa,Low income,6,1
Ethiopia,ETH,2004,0.0709573228758072,0.155334521,135.762385796471,35.9000015258789,0.027,4.30456225,2.66499996185303,74.3,55.172,74624405.0,Sub-Saharan Africa,Low income,6,1
Ethiopia,ETH,2005,0.0667187100023078,0.219659819,161.626624773078,29.8203392028809,0.032,4.10098124,2.49699997901917,70.7,56.221,76727083.0,Sub-Saharan Africa,Low income,6,1
Ethiopia,ETH,2006,0.0698049322054751,0.310592657,193.794905642516,,0.027,4.22669565,2.29500007629395,67.2,57.333,78850689.0,Sub-Saharan Africa,Low income,6,1
Ethiopia,ETH,2007,0.0742450572070568,0.37,243.302682246946,38.995979309082,0.022,4.80192533,2.17899990081787,63.9,58.466,81000409.0,Sub-Saharan Africa,Low income,6,1
Ethiopia,ETH,2008,0.0790840480985417,0.45,325.382554265056,,0.025,4.28063892,2.13000011444092,60.8,59.58,83184892.0,Sub-Saharan Africa,Low income,6,1
Ethiopia,ETH,2009,0.0776191388306392,0.54,379.756638540888,,0.025,4.41247285,2.35400009155273,57.9,60.643,85416253.0,Sub-Saharan Africa,Low income,6,1
Ethiopia,ETH,2010,0.0750938597422405,0.75,341.309909200504,,0.022,5.46637229,2.39000010490417,55.3,61.625,87702670.0,Sub-Saharan Africa,Low income,6,1
Ethiopia,ETH,2011,0.0858039683295198,1.1,354.846354368724,,,4.46897761,2.28900003433228,52.7,62.501,90046756.0,Sub-Saharan Africa,Low income,6,1
Ethiopia,ETH,2012,0.0926228641124991,2.9,468.506724907536,,,4.5395958,2.19700002670288,50.4,63.275,92444183.0,Sub-Saharan Africa,Low income,6,1
Ethiopia,ETH,2013,0.112072453123652,4.6,502.153588732071,,,4.07506531,2.25099992752075,48.2,63.952,94887724.0,Sub-Saharan Africa,Low income,6,1
Ethiopia,ETH,2014,0.119124014522654,7.7,571.162275886001,,,4.03365117,2.10400009155273,46.1,64.535,97366774.0,Sub-Saharan Africa,Low income,6,1
Ethiopia,ETH,2015,2.86129610832048,13.85517556,645.465006707765,,,3.97593223,2.01399993896484,44.2,65.037,99873033.0,Sub-Saharan Africa,Low income,6,1
Ethiopia,ETH,2016,2.86129610832048,15.36692386,712.877949961138,,,3.97401588,1.93499994277954,42.5,65.475,102403196.0,Sub-Saharan Africa,Low income,6,1
Ethiopia,ETH,2017,2.86129610832048,18.61805145,767.563477815809,,,5.533000995,1.80999994277954,41.0,65.874,104957438.0,Sub-Saharan Africa,Low income,6,1
Ethiopia,ETH,2018,2.86129610832048,20.80096366,4234.64075149378,,,5.533000995,1.80900001525879,21.7,,,Sub-Saharan Africa,Low income,6,1
Euro area,EMU,2000,8.20701372531262,22.4474959390975,20170.3112341256,98.2806015014648,3.68826445082951,8.56867952125117,9.42432450036997,4.75580499528526,78.2750733180683,321310787.0,,,7,3
Euro area,EMU,2001,8.3780615051632,27.2998757795982,20423.9770705235,98.3760833740234,,8.67755783244965,8.34764403636631,4.61473362769628,78.597115511504,322547880.0,,,7,3
Euro area,EMU,2002,8.33592940827107,35.0566518977985,22114.1761117336,98.427978515625,,8.88546998576197,8.61413948019695,4.45699572006319,78.6844678776239,324125338.0,,,7,3
Euro area,EMU,2003,8.41274612244423,41.9773718832003,27138.0188378593,98.5206298828125,,9.08963104377645,8.9574886771509,4.26598409483131,78.7071825494894,325885964.0,,,7,3
Euro area,EMU,2004,8.4442749731526,47.3403241695123,28490.211716540907,98.5626831054688,,9.11236833200615,9.24466145008819,4.13894855987682,79.2787016221772,327682507.0,,,7,3
Euro area,EMU,2005,8.3516716490364,51.1173386411729,28490.211716540907,98.5464630126953,,9.26785877341131,8.9523680368683,3.99044946810935,79.4262861302399,329380413.0,,,7,3
Euro area,EMU,2006,8.31724478898161,54.8010347405135,28490.211716540907,98.6545028686523,,9.26002116654668,8.24744283644441,3.86059715197672,79.8561324119991,330922791.0,,,7,3
Euro area,EMU,2007,8.13103613235733,61.2582556639978,28490.211716540907,98.6331634521484,,9.16347631980913,7.37765074614847,3.74181641842784,80.0998851001265,332645166.0,,,7,3
Euro area,EMU,2008,7.90520382141959,64.7327043684622,28490.211716540907,98.652099609375,,9.45827524643171,7.43099287002341,3.64003814144368,80.3029158374911,334274730.0,,,7,3
Euro area,EMU,2009,7.28491754913566,67.0430159206977,28490.211716540907,98.6139221191406,,10.2039578760922,9.4808369233395,3.55443729895943,80.5051815800699,335360887.0,,,7,3
Euro area,EMU,2010,7.42563425737053,70.9660047820635,28490.211716540907,98.6477279663086,,10.1674348099822,10.0431166162372,3.47615122547796,80.7467810041428,336151474.0,,,7,3
Euro area,EMU,2011,7.16146999024863,71.9737843047547,28490.211716540907,98.7745208740234,,10.076941607533,10.116946123841,3.41279779951078,81.2328214734817,335419640.0,,,7,3
Euro area,EMU,2012,6.99709705392853,74.0982022204625,28490.211716540907,98.8192672729492,,10.1885526867269,11.2949420163658,3.3209297313548,81.2271513082123,336159190.0,,,7,3
Euro area,EMU,2013,6.84446202821924,75.8527695109777,28490.211716540907,98.8647689819336,3.88751766856689,10.2510840519409,11.9313642868172,3.27296867188194,81.5123149700363,337302116.0,,,7,3
Euro area,EMU,2014,6.47492054828707,77.1195896534384,28490.211716540907,98.8867034912109,,10.2855747694,11.6025855050747,3.22859010050705,81.933417235974,338466271.0,,,7,3
Euro area,EMU,2015,2.86129610832048,76.7322718634735,28490.211716540907,98.9128265380859,,10.2177210456034,10.8342241811794,3.22756472200099,81.5693085597196,339533474.0,,,7,3
Euro area,EMU,2016,2.86129610832048,78.0706564567644,28490.211716540907,98.946533203125,,10.2193515229392,10.0186370780725,3.17177567141284,81.9459127578221,340616862.0,,,7,3
Euro area,EMU,2017,2.86129610832048,79.3727026422995,28490.211716540907,,,5.533000995,9.04893348118127,3.1333730767417,81.9510376034209,341443382.0,,,7,3
Euro area,EMU,2018,2.86129610832048,20.80096366,4234.64075149378,,,5.533000995,8.20544208409023,21.7,,,,,7,3
Europe & Central Asia,ECS,2000,7.60687248551669,13.158400193421,11622.64466419,97.8823471069336,3.20498142789448,7.78401969565434,9.81397005868555,18.0,73.0607514512158,862005219.0,,,7,3
Europe & Central Asia,ECS,2001,7.69428737729536,16.3866757449939,11720.9564062544,97.9630432128906,,7.98464206565526,9.106646618411,17.0,73.321492331372,863103247.0,,,7,3
Europe & Central Asia,ECS,2002,7.66580800357379,23.0023040807051,12799.6621788527,98.0286636352539,,8.21531352816763,9.15184930288808,16.1,73.4340352273738,864680566.0,,,7,3
Europe & Central Asia,ECS,2003,7.86692223393554,28.3003467242249,15549.2030310289,98.1057434082031,,8.42248815040981,9.16403575082523,15.3,73.5453393521701,866971799.0,,,7,3
Europe & Central Asia,ECS,2004,7.89369155320101,32.2831278185888,18071.443074353,98.1953887939453,,8.39376892837424,9.13697370247048,14.5,73.9784814309412,869578696.0,,,7,3
Europe & Central Asia,ECS,2005,7.87214587773649,35.1466755794647,19191.4436489182,98.2781829833984,,8.43220127609669,8.722531863708,13.7,74.1401976357696,872242230.0,,,7,3
Europe & Central Asia,ECS,2006,8.00345415185714,38.0153450371087,20710.4421516176,98.304328918457,,8.36130125799058,8.06975862995474,13.0,74.6347213250956,874958741.0,,,7,3
Europe & Central Asia,ECS,2007,7.93960226897804,43.6161686679894,24114.3180193147,98.3382263183594,,8.25519747167755,7.14950709790519,12.4,74.9909839871334,878118365.0,,,7,3
Europe & Central Asia,ECS,2008,7.89362853709525,47.318436506429,26361.724740162,98.357421875,,8.453040716485,7.07210787217417,11.8,75.2479269736646,881659461.0,,,7,3
Europe & Central Asia,ECS,2009,7.21897575320116,50.5406202463433,23094.8747967435,98.5671920776367,,9.27046499708961,8.90227286066214,11.2,75.6412479904961,885304336.0,,,7,3
Europe & Central Asia,ECS,2010,7.54293864050654,56.0940254829957,23565.0933091411,98.7130508422852,,9.04276839671136,8.9935042645735,10.8,75.9296690412121,888754848.0,,,7,3
Europe & Central Asia,ECS,2011,7.5000651320756,58.8102807631089,26045.5419156162,98.8701171875,,8.90124722575555,8.75428569001859,10.3,76.4422141183895,890970815.0,,,7,3
Europe & Central Asia,ECS,2012,7.47320699340852,63.6031494050801,25004.4459772784,98.9429168701172,,8.89494308063397,8.96245594384216,9.9,76.5887253749232,894562528.0,,,7,3
Europe & Central Asia,ECS,2013,7.28924246094611,66.3236811593774,26008.5423241335,98.9803695678711,3.35918965650903,9.12356899586709,9.19109388160577,9.4,76.901354656702,898799706.0,,,7,3
Europe & Central Asia,ECS,2014,6.9160493262343,68.9972078864714,26234.8669571762,99.0019226074219,,9.22029599490498,8.94122579012922,9.0,77.2161363701995,903115574.0,,,7,3
Europe & Central Asia,ECS,2015,2.86129610832048,69.8152429331667,22479.9050077704,99.0256500244141,,9.31470190367323,8.54444514399197,8.6,77.1622033025632,907432777.0,,,7,3
Europe & Central Asia,ECS,2016,2.86129610832048,72.4498191153107,22306.8881152932,99.0686874389648,,9.38081982547037,8.07733932300863,8.1,77.4982967545941,911694031.0,,,7,3
Europe & Central Asia,ECS,2017,2.86129610832048,74.9118552047482,23488.4639925637,,,5.533000995,7.4537210517582,7.7,77.6458099550721,915483880.0,,,7,3
Europe & Central Asia,ECS,2018,2.86129610832048,20.80096366,4234.64075149378,,,5.533000995,6.94522967446401,21.7,,,,,7,3
Europe & Central Asia (IDA & IBRD countries),TEC,2000,6.92304430503291,2.49817221427205,2049.88625913699,97.1459579467773,3.07095309046194,5.054426570269,11.2500242182122,28.4350831467182,68.2279766579718,435043731.0,,,7,3
Europe & Central Asia (IDA & IBRD countries),TEC,2001,6.9379487387314,3.6001351261372,2087.67438848067,97.216423034668,,5.34030049647539,10.8363125414901,26.9050444898815,68.404635535227,434621856.0,,,7,3
Europe & Central Asia (IDA & IBRD countries),TEC,2002,6.96825301142543,6.59518776558785,2346.25910125056,97.2925796508789,,5.56780339974556,10.6940743104048,25.4034712699314,68.5030830677887,434288360.0,,,7,3
Europe & Central Asia (IDA & IBRD countries),TEC,2003,7.26147605592437,9.11125519502563,2886.94897460679,97.3581695556641,,5.49031208929436,10.4241679289064,23.9513434942398,68.6295554050771,434439096.0,,,7,3
Europe & Central Asia (IDA & IBRD countries),TEC,2004,7.33383493395741,12.9083506806596,3732.3566039524,97.4886093139648,,5.3057374900562,10.1294793635984,22.5503801548205,68.9528863632078,434795161.0,,,7,3
Europe & Central Asia (IDA & IBRD countries),TEC,2005,7.36644106973173,15.0050643248579,4669.09882348178,97.670280456543,,5.28948018326824,9.44629646288795,21.2400157329666,69.08564473118,435215551.0,,,7,3
Europe & Central Asia (IDA & IBRD countries),TEC,2006,7.64899917097949,17.7903616906933,5641.53826021339,97.6377792358398,,5.25323651238492,8.62650940651446,20.0202206376427,69.6649298368599,435768107.0,,,7,3
Europe & Central Asia (IDA & IBRD countries),TEC,2007,7.72734214846836,23.0066727237257,7240.9484999838,97.7224731445313,,5.21840039350432,7.51584725687821,18.8540832039946,70.1313088045972,436466640.0,,,7,3
Europe & Central Asia (IDA & IBRD countries),TEC,2008,7.83330084078878,26.5929511751961,8939.12815630529,97.7449188232422,,5.32054043927192,7.28415563662246,17.7980985096505,70.4236368602594,437558499.0,,,7,3
Europe & Central Asia (IDA & IBRD countries),TEC,2009,7.12577579272499,30.3788392261611,7060.26141018654,98.2023696899414,,5.83351857932903,8.92628262936113,16.8299348704956,70.9792654082378,439337195.0,,,7,3
Europe & Central Asia (IDA & IBRD countries),TEC,2010,7.59235511198605,38.1035863817988,8238.80163978154,98.4725036621094,,5.40023374000492,8.54524044909159,15.9563439053673,71.300837992824,441252120.0,,,7,3
Europe & Central Asia (IDA & IBRD countries),TEC,2011,7.88957909505563,42.5399234398247,9964.34275286277,98.6931533813477,,5.09722829722671,8.01546985345442,15.1611750228832,71.8533378207547,443467250.0,,,7,3
Europe & Central Asia (IDA & IBRD countries),TEC,2012,7.95164336029705,50.0897316407625,10345.9325884018,98.8060302734375,,5.15703896689167,7.53982947561117,14.4012137183228,72.1520053219308,445674287.0,,,7,3
Europe & Central Asia (IDA & IBRD countries),TEC,2013,7.71604487747165,53.7522295426005,10919.2279370817,98.846061706543,2.98571953555932,5.23347581141969,7.59516854147279,13.6647825388346,72.5298452183102,448108783.0,,,7,3
Europe & Central Asia (IDA & IBRD countries),TEC,2014,7.39596064039771,57.7917904435295,10265.950475619,98.8721923828125,,5.24770048578707,7.64735377953427,12.9648747982447,72.7625367992458,450514161.0,,,7,3
Europe & Central Asia (IDA & IBRD countries),TEC,2015,2.86129610832048,59.7393813960135,7940.09590597806,98.8984222412109,,5.29694955191266,7.62042567368577,12.2570437706172,72.9968135011859,452969005.0,,,7,3
Europe & Central Asia (IDA & IBRD countries),TEC,2016,2.86129610832048,63.4595941009544,7611.03678320339,98.9592819213867,,5.41150063898807,7.43988417575385,11.6020678588693,73.3238042725821,455387576.0,,,7,3
Europe & Central Asia (IDA & IBRD countries),TEC,2017,2.86129610832048,67.2006319289217,8489.24086633701,,,5.533000995,7.05513298147032,10.978570517695,73.6071408802937,457632291.0,,,7,3
Europe & Central Asia (IDA & IBRD countries),TEC,2018,2.86129610832048,20.80096366,4234.64075149378,,,5.533000995,6.76793971176399,21.7,,,,,7,3
Europe & Central Asia (excluding high income),ECA,2000,6.86517623767031,1.96855920060555,1779.50649548118,96.9160308837891,3.16610572089496,4.91242653284619,10.6986295272624,30.0935656810742,67.6374272828168,392316800.0,,,7,3
Europe & Central Asia (excluding high income),ECA,2001,6.87057145208091,2.87540821326961,1768.89500169358,96.9927520751953,,5.1849526937147,10.02617653981,28.4472616507674,67.7722933778046,392074138.0,,,7,3
Europe & Central Asia (excluding high income),ECA,2002,6.9179106710344,5.00690729250764,2025.25115031309,97.0768890380859,,5.417407427508,9.73673871114653,26.8296176521728,67.8498552814922,391755822.0,,,7,3
Europe & Central Asia (excluding high income),ECA,2003,7.22000604098588,7.29168112484578,2556.63077946545,97.1491622924805,,5.35715006111853,9.50414853179158,25.2754107072657,67.982099507497,391931127.0,,,7,3
Europe & Central Asia (excluding high income),ECA,2004,7.2960012852451,10.6954208358597,3380.46579102641,97.2936935424805,,5.15690099233755,9.21553917555646,23.7861332366901,68.3072333574823,392308339.0,,,7,3
Europe & Central Asia (excluding high income),ECA,2005,7.33638624199673,12.4163704582536,4279.14709146747,97.4952087402344,,5.15088347938378,8.59309646651973,22.3826583369475,68.4437850013702,392739961.0,,,7,3
Europe & Central Asia (excluding high income),ECA,2006,7.60717191977042,14.9578940833021,5245.85925682082,97.4582901000977,,5.11908303551963,8.09407530376171,21.0907576523611,69.0659631338625,393315681.0,,,7,3
Europe & Central Asia (excluding high income),ECA,2007,7.70240615403033,20.3173862143577,6779.26875937233,97.5520477294922,,5.06212229125456,7.28994775981718,19.852275992928,69.5757213576722,394035863.0,,,7,3
Europe & Central Asia (excluding high income),ECA,2008,7.8216242023455,23.8289996753109,8369.80083027571,97.572998046875,,5.09912560802516,7.28690159198939,18.7210286372046,69.8697129958732,395123035.0,,,7,3
Europe & Central Asia (excluding high income),ECA,2009,7.08574754300184,27.3983889077386,6549.29054308895,98.0822296142578,,5.64916034914902,8.99711846081374,17.6943717154702,70.4696479449958,396880411.0,,,7,3
Europe & Central Asia (excluding high income),ECA,2010,7.55576803075348,35.5751350029016,7761.79172017865,98.3827285766602,,5.18975721116734,8.40727700269096,16.7535789838456,70.7734845347567,398913899.0,,,7,3
Europe & Central Asia (excluding high income),ECA,2011,7.88387236190316,40.5178518378122,9542.52649923237,98.6280517578125,,4.89580670950355,7.80228152063131,15.9098853577043,71.3413645392844,401123373.0,,,7,3
Europe & Central Asia (excluding high income),ECA,2012,7.99917048147051,48.7994746243748,10051.1923413364,98.7535095214844,,4.9910701000009,7.20955652637838,15.0912898882718,71.6679480159038,403343565.0,,,7,3
Europe & Central Asia (excluding high income),ECA,2013,7.73327594669738,52.7532547609304,10622.2673645179,98.797721862793,3.04975179980114,5.07275822395361,7.23766959808821,14.2964720222622,72.0626129064863,405812898.0,,,7,3
Europe & Central Asia (excluding high income),ECA,2014,7.42132815895557,56.8437708844612,9851.46616522153,98.8264694213867,,5.08569656756625,7.42130868465451,13.5499235635803,72.262959965544,408264037.0,,,7,3
Europe & Central Asia (excluding high income),ECA,2015,2.86129610832048,58.8567987369064,7473.98571808105,98.8553619384766,,5.10377884715882,7.547197348637,12.7923231979109,72.5411103809813,410778989.0,,,7,3
Europe & Central Asia (excluding high income),ECA,2016,2.86129610832048,62.4431550260071,7120.11486412495,98.922721862793,,5.20273005092078,7.50819794350259,12.0940834026297,72.860353008653,413243140.0,,,7,3
Europe & Central Asia (excluding high income),ECA,2017,2.86129610832048,66.3845782695615,7949.48257997627,,,5.533000995,7.22317655056375,11.4313785634902,73.1773978478355,415532934.0,,,7,3
Europe & Central Asia (excluding high income),ECA,2018,2.86129610832048,20.80096366,4234.64075149378,,,5.533000995,7.04252530343852,21.7,,,,,7,3
European Union,EUU,2000,8.01273165696264,20.5126816648707,18241.8612827953,98.5303421020508,3.17205886050737,7.92882292331836,9.27755784190803,5.88917444821523,77.1584271263999,488221134.0,,,7,3
European Union,EUU,2001,8.17499439542084,25.2754236382527,18412.261259669,98.613639831543,,8.11148242321722,8.62012215517278,5.68249330560842,77.4940571294483,489015307.0,,,7,3
European Union,EUU,2002,8.10602328586136,35.069253527687,20023.0773403491,98.6683731079102,,8.33189888224495,8.96064071563635,5.49477249490261,77.6067366834755,490252425.0,,,7,3
European Union,EUU,2003,8.22475707587311,41.7717081703375,24284.4303073001,98.7472229003906,,8.57131241834758,9.02235861115258,5.29714978314885,77.6943888376914,492063516.0,,,7,3
European Union,EUU,2004,8.21033126041971,46.7717826220417,27929.6870501765,98.7939834594727,,8.60254243116998,9.19890200706574,5.13579660214703,78.1937728615814,494028143.0,,,7,3
European Union,EUU,2005,8.14492765501222,50.9245603455364,28490.211716540907,98.7876663208008,,8.72534784139183,8.90026899590105,4.92980139797856,78.365730645892,495983151.0,,,7,3
European Union,EUU,2006,8.17878693582042,54.5192847997557,28490.211716540907,98.8633117675781,,8.72362404100845,8.15553071179386,4.72218664969563,78.7397936771571,497844871.0,,,7,3
European Union,EUU,2007,8.0101715904915,60.2946655247889,28490.211716540907,98.8532028198242,,8.6546978074743,7.12566383415419,4.52701587180548,78.9691216577039,499790864.0,,,7,3
European Union,EUU,2008,7.80432725622241,64.2176431307033,28490.211716540907,98.8729400634766,,8.95159857442103,6.95804712569959,4.36297862269268,79.183957020937,501683674.0,,,7,3
European Union,EUU,2009,7.15740961230372,67.2779882804814,28490.211716540907,98.8892669677734,,9.72920227740545,8.87337551893797,4.200209123035,79.4431180423733,503194067.0,,,7,3
European Union,EUU,2010,7.35630495447647,70.7131503199904,28490.211716540907,98.9152221679688,,9.65302617385529,9.51413575050213,4.06934777836799,79.7256373073324,504298772.0,,,7,3
European Union,EUU,2011,7.07946092042801,71.630250079767,28490.211716540907,99.0024490356445,,9.62018446205222,9.60241973320188,3.94987399568499,80.2398681489647,504005891.0,,,7,3
European Union,EUU,2012,6.91780251227693,73.8341400894493,28490.211716540907,99.0349807739258,,9.68401179351042,10.4194535097613,3.84037210323659,80.2512164530447,505096228.0,,,7,3
European Union,EUU,2013,6.75382527003182,75.6867709975266,28490.211716540907,99.0680694580078,3.56342798769714,9.96855652383081,10.8176126133211,3.74027451608761,80.5322322156567,506597700.0,,,7,3
European Union,EUU,2014,6.37914884774526,77.3122650930281,28490.211716540907,99.0853576660156,,9.97569882675788,10.2063137094574,3.64721255508479,80.9193199864776,508193872.0,,,7,3
European Union,EUU,2015,2.86129610832048,77.2677175789001,28490.211716540907,99.105339050293,,9.92608198596746,9.38237704221087,3.60447601290337,80.6205791424152,509717579.0,,,7,3
European Union,EUU,2016,2.86129610832048,79.2580574792825,28490.211716540907,99.1299896240234,,9.93139660732561,8.53469156062474,3.51627587238071,80.974693884497,511218467.0,,,7,3
European Union,EUU,2017,2.86129610832048,80.6424890060126,28490.211716540907,,,5.533000995,7.61289374491334,3.44686140509167,80.991910397034,512431044.0,,,7,3
European Union,EUU,2018,2.86129610832048,20.80096366,4234.64075149378,,,5.533000995,6.82771107375458,21.7,,,,,7,3
Faroe Islands,FRO,2000,11.48600787602411,32.91639236,22479.578988392,,,5.533000995,6.34000015258789,21.7,78.4341463414634,47258.0,Europe & Central Asia,High income,1,0
Faroe Islands,FRO,2001,11.48600787602411,43.24698352,24300.3785998986,,,5.533000995,6.34000015258789,21.7,78.6365853658537,47526.0,Europe & Central Asia,High income,1,0
Faroe Islands,FRO,2002,11.48600787602411,53.29922183,26553.7465597833,,,5.533000995,6.34000015258789,21.7,78.7878048780488,47769.0,Europe & Central Asia,High income,1,0
Faroe Islands,FRO,2003,11.48600787602411,58.91264097,28490.211716540907,,,5.533000995,6.34000015258789,21.7,78.990243902439,47974.0,Europe & Central Asia,High income,1,0
Faroe Islands,FRO,2004,11.48600787602411,66.53359947,28490.211716540907,,,5.533000995,6.34000015258789,21.7,79.190243902439,48143.0,Europe & Central Asia,High income,1,0
Faroe Islands,FRO,2005,11.48600787602411,67.90263174,28490.211716540907,,,5.533000995,6.34000015258789,21.7,79.4414634146342,48285.0,Europe & Central Asia,High income,1,0
Faroe Islands,FRO,2006,11.48600787602411,69.35944512,28490.211716540907,,,5.533000995,6.34000015258789,21.7,79.690243902439,48383.0,Europe & Central Asia,High income,1,0
Faroe Islands,FRO,2007,11.48600787602411,75.98,28490.211716540907,,,5.533000995,6.34000015258789,21.7,79.890243902439,48448.0,Europe & Central Asia,High income,1,0
Faroe Islands,FRO,2008,11.48600787602411,75.57,28490.211716540907,,,5.533000995,6.34000015258789,21.7,80.1390243902439,48485.0,Europe & Central Asia,High income,1,0
Faroe Islands,FRO,2009,11.48600787602411,75.18,28490.211716540907,,,5.533000995,6.34000015258789,21.7,80.3878048780488,48517.0,Europe & Central Asia,High income,1,0
Faroe Islands,FRO,2010,11.48600787602411,75.2,28490.211716540907,,,5.533000995,6.34000015258789,21.7,80.5878048780488,48550.0,Europe & Central Asia,High income,1,0
Faroe Islands,FRO,2011,11.48600787602411,80.7321728,28490.211716540907,,,5.533000995,6.34000015258789,21.7,80.890243902439,48608.0,Europe & Central Asia,High income,1,0
Faroe Islands,FRO,2012,11.48600787602411,85.33518924,28490.211716540907,,,5.533000995,6.34000015258789,21.7,81.1414634146341,48666.0,Europe & Central Asia,High income,1,0
Faroe Islands,FRO,2013,11.48600787602411,90.0,28490.211716540907,,,5.533000995,6.34000015258789,21.7,81.3926829268293,48747.0,Europe & Central Asia,High income,1,0
Faroe Islands,FRO,2014,11.48600787602411,93.3,28490.211716540907,,,5.533000995,6.34000015258789,21.7,81.6951219512195,48842.0,Europe & Central Asia,High income,1,0
Faroe Islands,FRO,2015,2.86129610832048,94.2,28490.211716540907,,,5.533000995,6.34000015258789,21.7,81.9463414634146,48965.0,Europe & Central Asia,High income,1,0
Faroe Islands,FRO,2016,2.86129610832048,95.10868167,4234.64075149378,,,5.533000995,6.34000015258789,21.7,82.1975609756098,49117.0,Europe & Central Asia,High income,1,0
Faroe Islands,FRO,2017,2.86129610832048,97.58195894,4234.64075149378,,,5.533000995,6.34000015258789,21.7,82.4,49290.0,Europe & Central Asia,High income,1,0
Fiji,FJI,2000,1.03967712946995,1.496854734,2076.01330767665,,,3.72256193,4.14599990844727,19.5,67.553,811223.0,East Asia & Pacific,Upper middle income,0,4
Fiji,FJI,2001,1.29706786143269,1.857978594,2038.89172875457,,,3.16188379,4.14799976348877,19.3,67.734,814218.0,East Asia & Pacific,Upper middle income,0,4
Fiji,FJI,2002,1.09242470494342,6.1526497,2259.05579575103,,,3.24843008,4.15700006484985,19.2,67.91,815691.0,East Asia & Pacific,Upper middle income,0,4
Fiji,FJI,2003,1.28425917308738,6.725434738,2835.97397188993,,0.465,3.24226131,4.07100009918213,19.2,68.079,816628.0,East Asia & Pacific,Upper middle income,0,4
Fiji,FJI,2004,1.65346903662718,7.412943485,3332.91853272002,,,3.55409117,4.06300020217896,19.4,68.243,818354.0,East Asia & Pacific,Upper middle income,0,4
Fiji,FJI,2005,1.33415711770382,8.453636634,3658.63083239231,,,3.5589623,3.88599991798401,19.6,68.405,821817.0,East Asia & Pacific,Upper middle income,0,4
Fiji,FJI,2006,1.47138967212184,9.6000384,3749.93981348645,,,3.65788709,3.83400011062622,19.9,68.569,827411.0,East Asia & Pacific,Upper middle income,0,4
Fiji,FJI,2007,1.38806342026708,10.89783105,4078.8232700144,,,3.72904228,3.75999999046326,20.1,68.737,834812.0,East Asia & Pacific,Upper middle income,0,4
Fiji,FJI,2008,1.06095762088837,13.0,4177.65778874269,,0.4,3.44954052,3.62400007247925,20.2,68.909,843340.0,East Asia & Pacific,Upper middle income,0,4
Fiji,FJI,2009,0.929697981259837,17.0,3369.40824665782,,0.437,3.83063769,4.15700006484985,20.3,69.087,851967.0,East Asia & Pacific,Upper middle income,0,4
Fiji,FJI,2010,1.4199790685505,20.0,3651.96678405546,,0.426,3.70136122,4.35200023651123,20.3,69.267,859950.0,East Asia & Pacific,Upper middle income,0,4
Fiji,FJI,2011,1.25604495978484,28.0,4353.12139240993,,,3.40484634,4.40500020980835,20.3,69.448,867086.0,East Asia & Pacific,Upper middle income,0,4
Fiji,FJI,2012,1.2131042266677,33.74235675,4546.73850445133,,,3.53699015,4.51599979400635,20.4,69.625,873596.0,East Asia & Pacific,Upper middle income,0,4
Fiji,FJI,2013,1.30887617012328,35.2,4763.06895557778,,,3.46669259,4.35699987411499,20.4,69.796,879715.0,East Asia & Pacific,Upper middle income,0,4
Fiji,FJI,2014,1.32057470823182,37.4,5061.39757456886,,,3.6492555,4.53299999237061,20.6,69.96,885806.0,East Asia & Pacific,Upper middle income,0,4
Fiji,FJI,2015,2.86129610832048,42.5,4889.46145369562,,0.837,3.56886339,4.5479998588562,20.8,70.117,892149.0,East Asia & Pacific,Upper middle income,0,4
Fiji,FJI,2016,2.86129610832048,46.50697831,5197.50913987692,,,3.46146795,4.31899976730347,21.1,70.269,898760.0,East Asia & Pacific,Upper middle income,0,4
Fiji,FJI,2017,2.86129610832048,49.96637301,5589.38883340896,,,5.533000995,4.14300012588501,21.4,70.417,905502.0,East Asia & Pacific,Upper middle income,0,4
Fiji,FJI,2018,2.86129610832048,20.80096366,4234.64075149378,,,5.533000995,4.15199995040894,21.7,,,East Asia & Pacific,Upper middle income,0,4
Finland,FIN,2000,10.1284741400511,37.24846174,24253.2504245786,,2.6,6.83650276,11.1339998245239,3.5,77.4658536585366,5176209.0,Europe & Central Asia,High income,1,0
Finland,FIN,2001,10.996742102171,43.10536335,24913.2445163584,,2.6,6.98526826,10.289999961853,3.4,77.9658536585366,5188008.0,Europe & Central Asia,High income,1,0
Finland,FIN,2002,11.48600787602411,62.43,26834.0262501804,,3.162,7.35891112,10.4230003356934,3.3,78.119512195122,5200598.0,Europe & Central Asia,High income,1,0
Finland,FIN,2003,11.48600787602411,69.22,28490.211716540907,,2.6,7.66280159,10.4689998626709,3.3,78.3682926829268,5213014.0,Europe & Central Asia,High income,1,0
Finland,FIN,2004,11.48600787602411,72.39,28490.211716540907,,,7.79097291,10.3579998016357,3.2,78.7146341463415,5228172.0,Europe & Central Asia,High income,1,0
Finland,FIN,2005,10.4164380522202,74.48,28490.211716540907,,,7.99793899,8.38399982452393,3.1,78.8170731707317,5246096.0,Europe & Central Asia,High income,1,0
Finland,FIN,2006,11.48600787602411,79.66,28490.211716540907,,3.3,8.00452086,7.7189998626709,3.0,79.2146341463415,5266268.0,Europe & Central Asia,High income,1,0
Finland,FIN,2007,11.48600787602411,80.78,28490.211716540907,,3.319,7.82608292,6.85400009155273,2.8,79.2634146341464,5288720.0,Europe & Central Asia,High income,1,0
Finland,FIN,2008,10.6371591894379,83.67,28490.211716540907,,2.735,8.08408543,6.36899995803833,2.7,79.5682926829268,5313399.0,Europe & Central Asia,High income,1,0
Finland,FIN,2009,9.95519427234709,82.49,28490.211716540907,,2.881,8.87169786,8.24899959564209,2.6,79.719512195122,5338871.0,Europe & Central Asia,High income,1,0
Finland,FIN,2010,11.48600787602411,86.89,28490.211716540907,,2.986,8.86870378,8.39400005340576,2.5,79.8707317073171,5363352.0,Europe & Central Asia,High income,1,0
Finland,FIN,2011,10.5444747406961,88.70999491,28490.211716540907,,2.982,8.94886931,7.7810001373291,2.4,80.4707317073171,5388272.0,Europe & Central Asia,High income,1,0
Finland,FIN,2012,9.07543335566445,89.87999797,28490.211716540907,,3.063,9.29113662,7.68900012969971,2.3,80.6268292682927,5413971.0,Europe & Central Asia,High income,1,0
Finland,FIN,2013,8.68178012315563,91.5144,28490.211716540907,,3.139,9.49202106,8.19299983978271,2.2,80.9756097560976,5438972.0,Europe & Central Asia,High income,1,0
Finland,FIN,2014,8.66072124349448,86.53039275,28490.211716540907,,3.196,9.48001145,8.66300010681152,2.1,81.1804878048781,5461512.0,Europe & Central Asia,High income,1,0
Finland,FIN,2015,2.86129610832048,86.42213333,28490.211716540907,,,9.74289421,9.37600040435791,2.0,81.4804878048781,5479531.0,Europe & Central Asia,High income,1,0
Finland,FIN,2016,2.86129610832048,87.70364996,28490.211716540907,,,9.49305799,8.81799983978271,1.9,81.4292682926829,5495303.0,Europe & Central Asia,High income,1,0
Finland,FIN,2017,2.86129610832048,87.46892907,28490.211716540907,,,5.533000995,8.64000034332275,1.9,81.4292682926829,5508214.0,Europe & Central Asia,High income,1,0
Finland,FIN,2018,2.86129610832048,20.80096366,4234.64075149378,,,5.533000995,7.75500011444092,21.7,,,Europe & Central Asia,High income,1,0
Fragile and conflict affected situations,FCS,2000,0.765812137498156,0.263867956209485,644.416497157458,63.0262794494629,0.347269593449831,4.41373900250413,5.89223063801312,82.3025181865909,56.5582441469102,337602457.0,,,7,3
Fragile and conflict affected situations,FCS,2001,0.789740321227447,0.256354569501355,576.802871310487,63.8203811645508,,4.88095580618093,6.04880705266522,80.3140845543627,56.8378180423926,346168747.0,,,7,3
Fragile and conflict affected situations,FCS,2002,0.750237330317245,0.533190130616345,540.432490823323,64.1543273925781,,5.01369642013033,6.2159378210913,78.3132110641135,57.1618179623127,355076801.0,,,7,3
Fragile and conflict affected situations,FCS,2003,0.80061495396107,0.763397767374092,598.220807114637,64.3035125732422,,4.98355031406551,6.19404965236831,76.3081022200881,57.525789985472,364275678.0,,,7,3
Fragile and conflict affected situations,FCS,2004,0.859576223741084,1.07558945621963,676.81911104492,64.6060333251953,,4.6955480779672,6.18406843142829,74.3022893133993,57.9233460737886,373680882.0,,,7,3
Fragile and conflict affected situations,FCS,2005,0.846048032582592,1.49887522767369,801.758024679008,64.7939071655273,,4.19682805073284,6.13660332714556,72.3396662297051,58.3453912203636,383230416.0,,,7,3
Fragile and conflict affected situations,FCS,2006,0.799199812346435,1.91245021470718,925.414075506514,62.873119354248,,4.16140365192215,6.01062188390009,70.3832252226141,58.7829501518037,392932365.0,,,7,3
Fragile and conflict affected situations,FCS,2007,0.719929743303519,2.9827226633318,1110.05573921115,62.9323501586914,,4.31032181248274,5.91022139784162,68.3908169545075,59.2233204279086,402796842.0,,,7,3
Fragile and conflict affected situations,FCS,2008,0.801348445904965,3.02823889946795,1401.04537676658,62.5497589111328,,4.13725145663287,5.96349560717119,66.7328208678091,59.6543113110306,412832401.0,,,7,3
Fragile and conflict affected situations,FCS,2009,0.820861629140423,3.91914585855534,1279.55041044161,60.6924285888672,,4.79874102847446,6.09437711871725,64.5559957232516,60.0683240929108,423028631.0,,,7,3
Fragile and conflict affected situations,FCS,2010,0.842662476927779,6.04809452136397,1487.45647743774,60.9942512512207,,4.43110032321886,6.13388099298493,63.2973971857077,60.4610416107455,433388814.0,,,7,3
Fragile and conflict affected situations,FCS,2011,0.825987786184085,6.88377784731578,1596.31128735085,60.337100982666,,4.35225198902394,6.11093522247151,61.0663160584987,60.8353765844025,443918286.0,,,7,3
Fragile and conflict affected situations,FCS,2012,0.841904674659245,8.48173755410305,1795.56209487696,60.7912483215332,,4.17175419447547,6.05015224447729,59.4168480595458,61.1985803288185,454618893.0,,,7,3
Fragile and conflict affected situations,FCS,2013,0.880020573721388,10.3078925849678,1828.86131638411,60.5220718383789,0.375649809931123,4.35965299918753,5.93674014595779,57.9039190665299,61.5547186511445,465515402.0,,,7,3
Fragile and conflict affected situations,FCS,2014,0.886959023932481,12.4053529862727,1806.31888394979,61.3296813964844,,4.67213278085363,5.78244806704839,56.455012487889,61.9026323549994,476608101.0,,,7,3
Fragile and conflict affected situations,FCS,2015,2.86129610832048,16.2559818322715,1602.64182261954,61.6816482543945,,5.20148703033267,5.82711344223415,55.1360717753726,62.2405420964977,487923553.0,,,7,3
Fragile and conflict affected situations,FCS,2016,2.86129610832048,18.1122945517886,1495.68329401763,61.952709197998,,5.0264204130575,5.9297451514929,53.8381677430267,62.5694023862998,499508468.0,,,7,3
Fragile and conflict affected situations,FCS,2017,2.86129610832048,22.4581874959532,1608.79865815762,,,5.533000995,5.86376003641486,52.5140162641506,62.8889571026266,511336623.0,,,7,3
Fragile and conflict affected situations,FCS,2018,2.86129610832048,20.80096366,4234.64075149378,,,5.533000995,5.91669878040501,21.7,,,,,7,3
France,FRA,2000,5.94666546275395,14.30792394,22364.0293943406,,,9.5411273,10.2170000076294,4.4,79.0560975609756,60912500.0,Europe & Central Asia,High income,1,0
France,FRA,2001,6.1530605991809,26.32590355,22433.5557141945,,,9.66523159,8.60999965667725,4.3,79.1585365853659,61357430.0,Europe & Central Asia,High income,1,0
France,FRA,2002,6.06866447158945,30.18,24177.3351674642,,,9.98176457,8.70199966430664,4.2,79.2609756097561,61805267.0,Europe & Central Asia,High income,1,0
France,FRA,2003,6.11599810786062,36.14,28490.211716540907,,,10.04113395,8.30599975585938,4.0,79.1146341463415,62244886.0,Europe & Central Asia,High income,1,0
France,FRA,2004,6.12007856802886,39.15,28490.211716540907,,,10.12424262,8.91399955749512,3.9,80.1634146341463,62704895.0,Europe & Central Asia,High income,1,0
France,FRA,2005,6.09959885469542,42.87,28490.211716540907,,,10.17983581,8.49300003051758,3.8,80.1634146341463,63179351.0,Europe & Central Asia,High income,1,0
France,FRA,2006,5.90626638550961,46.87,28490.211716540907,,,10.301360604158114,8.44799995422363,3.7,80.8121951219512,63621381.0,Europe & Central Asia,High income,1,0
France,FRA,2007,5.76638516981015,66.09,28490.211716540907,,3.674,10.26315053,7.65700006484985,3.6,81.1121951219512,64016227.0,Europe & Central Asia,High income,1,0
France,FRA,2008,5.69050141507597,70.68,28490.211716540907,,,10.301360604158114,7.06300020217896,3.6,81.2146341463415,64374989.0,Europe & Central Asia,High income,1,0
France,FRA,2009,5.43835672666487,71.58,28490.211716540907,,,10.301360604158114,8.73600006103516,3.5,81.4146341463415,64707044.0,Europe & Central Asia,High income,1,0
France,FRA,2010,5.42898086189895,77.28,28490.211716540907,,,10.301360604158114,8.87100028991699,3.5,81.6634146341463,65027507.0,Europe & Central Asia,High income,1,0
France,FRA,2011,5.07791149059709,77.81999899,28490.211716540907,,3.16,10.301360604158114,8.81099987030029,3.5,82.1146341463415,65342775.0,Europe & Central Asia,High income,1,0
France,FRA,2012,5.07506388727506,81.44,28490.211716540907,,3.175,10.301360604158114,9.39999961853027,3.4,81.9682926829268,65659789.0,Europe & Central Asia,High income,1,0
France,FRA,2013,5.06217403504859,81.9198,28490.211716540907,,3.187,10.301360604158114,9.92099952697754,3.4,82.219512195122,65998660.0,Europe & Central Asia,High income,1,0
France,FRA,2014,4.5731821471024,83.75,28490.211716540907,,3.215,10.301360604158114,10.2919998168945,3.4,82.6707317073171,66316092.0,Europe & Central Asia,High income,1,0
France,FRA,2015,2.86129610832048,78.01,28490.211716540907,,3.227,10.301360604158114,10.3590002059937,3.5,82.3219512195122,66593366.0,Europe & Central Asia,High income,1,0
France,FRA,2016,2.86129610832048,79.27,28490.211716540907,,3.238,10.301360604158114,10.0570001602173,3.5,82.5243902439024,66859768.0,Europe & Central Asia,High income,1,0
France,FRA,2017,2.86129610832048,80.5,28490.211716540907,,,5.533000995,9.39700031280518,3.5,82.5243902439024,67105513.0,Europe & Central Asia,High income,1,0
France,FRA,2018,2.86129610832048,20.80096366,4234.64075149378,,,5.533000995,9.18000030517578,21.7,,,Europe & Central Asia,High income,1,0
French Polynesia,PYF,2000,2.39564103212537,6.357063545,14530.7772043155,,1.697,5.533000995,11.7069997787476,21.7,72.313,237258.0,East Asia & Pacific,High income,0,0
French Polynesia,PYF,2001,2.81173193850949,6.251588946,4234.64075149378,,,5.533000995,11.6300001144409,21.7,72.669,241273.0,East Asia & Pacific,High income,0,0
French Polynesia,PYF,2002,2.88862721729264,8.200216486,4234.64075149378,,,5.533000995,11.710000038147,21.7,73.029,245006.0,East Asia & Pacific,High income,0,0
French Polynesia,PYF,2003,3.09888570980165,14.12429379,4234.64075149378,,,5.533000995,11.9530000686646,21.7,73.396,248499.0,East Asia & Pacific,High income,0,0
French Polynesia,PYF,2004,3.02943501141893,17.88453743,4234.64075149378,,,5.533000995,12.081000328064,21.7,73.766,251775.0,East Asia & Pacific,High income,0,0
French Polynesia,PYF,2005,3.22264855660962,21.54218547,4234.64075149378,,,5.533000995,12.0729999542236,21.7,74.132,254886.0,East Asia & Pacific,High income,0,0
French Polynesia,PYF,2006,3.200048869031,25.10796425,4234.64075149378,,,5.533000995,11.91100025177,21.7,74.486,257832.0,East Asia & Pacific,High income,0,0
French Polynesia,PYF,2007,3.13798859528615,28.59,4234.64075149378,,,5.533000995,11.7399997711182,21.7,74.818,260594.0,East Asia & Pacific,High income,0,0
French Polynesia,PYF,2008,3.20470098298116,33.87,4234.64075149378,,,5.533000995,11.7220001220703,21.7,75.123,263179.0,East Asia & Pacific,High income,0,0
French Polynesia,PYF,2009,3.18952409999209,44.6,4234.64075149378,,,5.533000995,12.8520002365112,21.7,75.397,265581.0,East Asia & Pacific,High income,0,0
French Polynesia,PYF,2010,3.20393547905309,49.0,4234.64075149378,,,5.533000995,13.0970001220703,21.7,75.643,267820.0,East Asia & Pacific,High income,0,0
French Polynesia,PYF,2011,3.08479004458148,49.0,4234.64075149378,,,5.533000995,13.0450000762939,21.7,75.862,269843.0,East Asia & Pacific,High income,0,0
French Polynesia,PYF,2012,2.99619069351461,52.87663059,4234.64075149378,,,5.533000995,13.1829996109009,21.7,76.065,271703.0,East Asia & Pacific,High income,0,0
French Polynesia,PYF,2013,3.00301248866661,56.8,4234.64075149378,,,5.533000995,13.2449998855591,21.7,76.257,273528.0,East Asia & Pacific,High income,0,0
French Polynesia,PYF,2014,2.91513481726706,60.68,4234.64075149378,,,5.533000995,12.9849996566772,21.7,76.444,275484.0,East Asia & Pacific,High income,0,0
French Polynesia,PYF,2015,2.86129610832048,64.56020975,4234.64075149378,,,5.533000995,12.6899995803833,21.7,76.628,277690.0,East Asia & Pacific,High income,0,0
French Polynesia,PYF,2016,2.86129610832048,68.44041949,4234.64075149378,,,5.533000995,12.4119997024536,21.7,76.813,280208.0,East Asia & Pacific,High income,0,0
French Polynesia,PYF,2017,2.86129610832048,72.70389531,4234.64075149378,,,5.533000995,12.0970001220703,21.7,76.996,283007.0,East Asia & Pacific,High income,0,0
French Polynesia,PYF,2018,2.86129610832048,20.80096366,4234.64075149378,,,5.533000995,12.0159997940063,21.7,,,East Asia & Pacific,High income,0,0
Gabon,GAB,2000,3.81258721718887,1.216140618,4116.46069260227,,,2.90536864,17.547250032424937,54.2,59.302,1231122.0,Sub-Saharan Africa,Upper middle income,6,4
Gabon,GAB,2001,3.80278770046401,1.347620222,3976.10488749697,,,3.15246533,17.3990001678467,53.3,59.171,1262259.0,Sub-Saharan Africa,Upper middle income,6,4
Gabon,GAB,2002,3.53269252608719,1.939530106,4102.5527104335,,,3.33045924,17.4260005950928,52.3,59.154,1294409.0,Sub-Saharan Africa,Upper middle income,6,4
Gabon,GAB,2003,3.49541541366687,2.659586594,4892.01161776848,,,3.53691838,17.5179996490479,51.2,59.266,1328146.0,Sub-Saharan Africa,Upper middle income,6,4
Gabon,GAB,2004,3.43527988828658,2.9790698,5685.57773573676,,0.293,3.33139805,17.3010005950928,50.2,59.512,1364205.0,Sub-Saharan Africa,Upper middle income,6,4
Gabon,GAB,2005,3.48372918754267,4.89326475,6826.88054459085,,,2.93410262,16.9099998474121,49.0,59.89,1403126.0,Sub-Saharan Africa,Upper middle income,6,4
Gabon,GAB,2006,2.88823291649479,5.489200803,7141.54916678737,,,3.14509006,17.0270004272461,48.0,60.388,1444844.0,Sub-Saharan Africa,Upper middle income,6,4
Gabon,GAB,2007,2.76528361333957,5.767004576,8352.81710056754,,,3.15150042,17.3540000915527,46.6,60.969,1489193.0,Sub-Saharan Africa,Upper middle income,6,4
Gabon,GAB,2008,2.71610005395692,7.5,10094.0274577256,,,2.7944509,17.547250032424937,45.4,61.597,1536411.0,Sub-Saharan Africa,Upper middle income,6,4
Gabon,GAB,2009,2.67845740423531,9.5,7603.66022253846,,,3.83981423,17.547250032424937,44.2,62.247,1586754.0,Sub-Saharan Africa,Upper middle income,6,4
Gabon,GAB,2010,2.93322440419215,13.0,8754.11337590957,,,2.47556901,17.547250032424937,42.9,62.893,1640210.0,Sub-Saharan Africa,Upper middle income,6,4
Gabon,GAB,2011,2.92996822228023,18.0,10716.2025830862,,,2.55771564,17.547250032424937,41.7,63.519,1697101.0,Sub-Saharan Africa,Upper middle income,6,4
Gabon,GAB,2012,2.90551833230211,24.0,9774.18101733614,82.2837982177734,,2.42097557,17.547250032424937,40.4,64.119,1756817.0,Sub-Saharan Africa,Upper middle income,6,4
Gabon,GAB,2013,2.90571962024376,30.53803344,9679.75891440111,,,2.84087199,17.547250032424937,39.3,64.686,1817271.0,Sub-Saharan Africa,Upper middle income,6,4
Gabon,GAB,2014,2.7682657208219,38.07120929,9692.18212474344,,,2.53282252,17.547250032424937,38.5,65.211,1875713.0,Sub-Saharan Africa,Upper middle income,6,4
Gabon,GAB,2015,2.86129610832048,45.78453653,7448.71568517725,,,2.65743937,17.547250032424937,37.4,65.685,1930175.0,Sub-Saharan Africa,Upper middle income,6,4
Gabon,GAB,2016,2.86129610832048,48.05227375,7078.72954034874,,0.406,3.11291313,17.547250032424937,36.1,66.105,1979786.0,Sub-Saharan Africa,Upper middle income,6,4
Gabon,GAB,2017,2.86129610832048,50.32012015,7413.79520698305,,,5.533000995,17.547250032424937,35.1,66.48,2025137.0,Sub-Saharan Africa,Upper middle income,6,4
Gabon,GAB,2018,2.86129610832048,20.80096366,4234.64075149378,,,5.533000995,17.547250032424937,21.7,,,Sub-Saharan Africa,Upper middle income,6,4
"Gambia, The",GMB,2000,0.199448144407896,0.921794919,635.563758415104,36.8177299499512,,4.66568003,10.6260004043579,63.4,55.924,1231844.0,Sub-Saharan Africa,Low income,6,1
"Gambia, The",GMB,2001,0.199153086001913,1.336791166,541.055891310495,,,4.2380075,10.3570003509521,61.8,56.329,1270495.0,Sub-Saharan Africa,Low income,6,1
"Gambia, The",GMB,2002,0.220912205675225,1.796779883,440.947478592105,,,4.07366638,10.5069999694824,60.1,56.732,1311349.0,Sub-Saharan Africa,Low income,6,1
"Gambia, The",GMB,2003,0.213922820511684,2.436781193,359.652178057176,,0.116,4.05991707,10.5080003738403,58.5,57.132,1354194.0,Sub-Saharan Africa,Low income,6,1
"Gambia, The",GMB,2004,0.209756659108963,3.308003478,413.840358300019,,0.119,4.36338531,9.85799980163574,57.0,57.527,1398573.0,Sub-Saharan Africa,Low income,6,1
"Gambia, The",GMB,2005,0.203129197814159,3.799001139,432.191878654021,,0.115,4.9077759,9.66399955749512,55.4,57.914,1444204.0,Sub-Saharan Africa,Low income,6,1
"Gambia, The",GMB,2006,0.206588639596625,5.237691158,439.343287407705,,0.118,5.46509211,9.22700023651123,53.9,58.289,1491021.0,Sub-Saharan Africa,Low income,6,1
"Gambia, The",GMB,2007,0.228723501022665,6.205037419,519.054805783257,,0.103,5.71812343,9.0939998626709,52.5,58.648,1539116.0,Sub-Saharan Africa,Low income,6,1
"Gambia, The",GMB,2008,0.23083624790063,6.88,607.955496009595,,0.11,5.91565753,9.11999988555908,51.2,58.991,1588572.0,Sub-Saharan Africa,Low income,6,1
"Gambia, The",GMB,2009,0.232603869330796,7.63,549.31782552081,,,5.78185463,9.62199974060059,49.9,59.316,1639560.0,Sub-Saharan Africa,Low income,6,1
"Gambia, The",GMB,2010,0.255713888079596,9.2,562.483781687741,,0.038,5.73962423,9.67800045013428,48.7,59.622,1692149.0,Sub-Saharan Africa,Low income,6,1
"Gambia, The",GMB,2011,0.256174689912693,10.8703,514.378161891897,,,6.24604769,9.63000011444092,47.6,59.911,1746363.0,Sub-Saharan Africa,Low income,6,1
"Gambia, The",GMB,2012,0.252317680516057,12.44922872,504.973936730824,,,6.1363589,9.41699981689453,46.4,60.187,1802125.0,Sub-Saharan Africa,Low income,6,1
"Gambia, The",GMB,2013,0.232722215170675,14.0,735.235808801436,41.9500503540039,,6.18121034,9.72900009155273,45.4,60.452,1859324.0,Sub-Saharan Africa,Low income,6,1
"Gambia, The",GMB,2014,0.267684889136388,15.56,656.496762958177,,,5.29871994,9.55200004577637,44.2,60.707,1917852.0,Sub-Saharan Africa,Low income,6,1
"Gambia, The",GMB,2015,2.86129610832048,16.5,704.974041649015,,0.107,4.76148864,9.53899955749512,43.3,60.954,1977590.0,Sub-Saharan Africa,Low income,6,1
"Gambia, The",GMB,2016,2.86129610832048,18.5,707.528984503851,,,4.43153755,9.43599987030029,42.3,61.193,2038501.0,Sub-Saharan Africa,Low income,6,1
"Gambia, The",GMB,2017,2.86129610832048,19.83645444,709.077157975436,,,5.533000995,8.9060001373291,41.4,61.424,2100568.0,Sub-Saharan Africa,Low income,6,1
"Gambia, The",GMB,2018,2.86129610832048,20.80096366,4234.64075149378,,,5.533000995,8.90499973297119,21.7,,,Sub-Saharan Africa,Low income,6,1
Georgia,GEO,2000,1.11256641005648,0.484746299,749.903171507455,,4.731,7.39698825,10.8199996948242,30.9,71.907,4077131.0,Europe & Central Asia,Lower middle income,1,2
Georgia,GEO,2001,0.939044777353774,0.992344436,801.990186750308,,4.295,7.37189092,11.1599998474121,29.1,72.182,4014373.0,Europe & Central Asia,Lower middle income,1,2
Georgia,GEO,2002,0.851651432758202,1.58787563,853.519425456158,99.6523513793945,3.907,8.0472103,12.5900001525879,27.2,72.408,3978515.0,Europe & Central Asia,Lower middle income,1,2
Georgia,GEO,2003,0.954857055228386,2.558816481,1010.00712880098,,4.089,8.25548809,11.5100002288818,25.3,72.575,3951736.0,Europe & Central Asia,Lower middle income,1,2
Georgia,GEO,2004,1.10084510126447,3.886221354,1305.04688499501,,,8.31636808,12.6199998855591,23.5,72.682,3927340.0,Europe & Central Asia,Lower middle income,1,2
Georgia,GEO,2005,1.29861223753475,6.079457629,1642.76693678045,,,8.30393254,13.8100004196167,21.7,72.73,3902469.0,Europe & Central Asia,Lower middle income,1,2
Georgia,GEO,2006,1.58479615353988,7.526876845,1996.05904258369,,4.65,7.83901378,13.5699996948242,20.1,72.73,3880347.0,Europe & Central Asia,Lower middle income,1,2
Georgia,GEO,2007,1.66338191338282,8.26,2635.35059279549,,4.538,7.64975874,13.2799997329712,18.6,72.704,3860158.0,Europe & Central Asia,Lower middle income,1,2
Georgia,GEO,2008,1.34256761620071,10.01,3324.72756562474,,4.663,8.68152031,17.547250032424937,17.2,72.673,3848449.0,Europe & Central Asia,Lower middle income,1,2
Georgia,GEO,2009,1.63622140095254,20.07,2822.66030453638,,4.794,9.83542755,17.547250032424937,15.9,72.65,3814419.0,Europe & Central Asia,Lower middle income,1,2
Georgia,GEO,2010,1.6675686845653,26.9,3073.53427245433,,4.289,9.54538881,17.4099998474121,14.8,72.649,3786695.0,Europe & Central Asia,Lower middle income,1,2
Georgia,GEO,2011,2.12223697909803,31.52,3842.63188811089,,4.377,8.39221163,17.3400001525879,13.8,72.68,3756441.0,Europe & Central Asia,Lower middle income,1,2
Georgia,GEO,2012,2.26380242400253,36.94,4249.66748614855,,4.406,8.37314174,17.2199993133545,13.0,72.742,3728874.0,Europe & Central Asia,Lower middle income,1,2
Georgia,GEO,2013,2.1137931090135,43.3,4341.44389483802,,4.477,8.39572392,16.9400005340576,12.2,72.832,3717668.0,Europe & Central Asia,Lower middle income,1,2
Georgia,GEO,2014,2.41646049619644,44.0,4438.68465004563,99.5861892700195,4.776,8.43567753,14.6199998855591,11.5,72.951,3719414.0,Europe & Central Asia,Lower middle income,1,2
Georgia,GEO,2015,2.86129610832048,47.56975964,3756.37852007453,,,7.93235924,14.0799999237061,10.8,73.096,3725276.0,Europe & Central Asia,Lower middle income,1,2
Georgia,GEO,2016,2.86129610832048,59.26,3857.27630926281,,,8.43609722,13.9700002670288,10.2,73.261,3727505.0,Europe & Central Asia,Lower middle income,1,2
Georgia,GEO,2017,2.86129610832048,60.49125755,4045.41896743873,,,5.533000995,13.9300003051758,9.7,73.436,3728004.0,Europe & Central Asia,Lower middle income,1,2
Georgia,GEO,2018,2.86129610832048,20.80096366,4234.64075149378,,,5.533000995,14.1059999465942,21.7,,,Europe & Central Asia,Lower middle income,1,2
Germany,DEU,2000,10.0956398829225,30.2163466,23718.746699471,,3.3,9.82754385,7.91699981689453,4.4,77.9268292682927,82211508.0,Europe & Central Asia,High income,1,0
Germany,DEU,2001,10.3662866966788,31.65093942,23687.3168928198,,3.3,9.86402734,7.77299976348877,4.3,78.3292682926829,82349925.0,Europe & Central Asia,High income,1,0
Germany,DEU,2002,10.058672497298,48.82,25205.164445175,,3.3,10.10958272,8.48200035095215,4.2,78.2292682926829,82488495.0,Europe & Central Asia,High income,1,0
Germany,DEU,2003,9.96935452533021,55.9,28490.211716540907,,3.369,10.301360604158114,9.7790002822876,4.1,78.3804878048781,82534176.0,Europe & Central Asia,High income,1,0
Germany,DEU,2004,9.89868236878404,64.73,28490.211716540907,,,10.07623468,10.7270002365112,4.0,78.6804878048781,82516260.0,Europe & Central Asia,High income,1,0
Germany,DEU,2005,9.66637223430522,68.71,28490.211716540907,,,10.22530706,11.1669998168945,3.9,78.9317073170732,82469422.0,Europe & Central Asia,High income,1,0
Germany,DEU,2006,9.91147601151208,72.16,28490.211716540907,,3.44,10.11344406,10.25,3.8,79.1317073170732,82376451.0,Europe & Central Asia,High income,1,0
Germany,DEU,2007,9.48803988827902,75.16,28490.211716540907,,3.483,9.96852656,8.65799999237061,3.7,79.5341463414634,82266372.0,Europe & Central Asia,High income,1,0
Germany,DEU,2008,9.50632117752826,78.0,28490.211716540907,,3.531,10.15493376,7.52400016784668,3.6,79.7365853658537,82110097.0,Europe & Central Asia,High income,1,0
Germany,DEU,2009,8.81859556166104,79.0,28490.211716540907,,,10.301360604158114,7.74200010299683,3.6,79.8365853658537,81902307.0,Europe & Central Asia,High income,1,0
Germany,DEU,2010,9.27963401169499,82.0,28490.211716540907,,3.775,10.301360604158114,6.96600008010864,3.5,79.9878048780488,81776930.0,Europe & Central Asia,High income,1,0
Germany,DEU,2011,9.1248592104965,81.26999954,28490.211716540907,,3.87,10.301360604158114,5.82399988174438,3.4,80.4365853658537,80274983.0,Europe & Central Asia,High income,1,0
Germany,DEU,2012,9.19929975724339,82.34999847,28490.211716540907,,3.944,10.301360604158114,5.37900018692017,3.3,80.5390243902439,80425823.0,Europe & Central Asia,High income,1,0
Germany,DEU,2013,9.39062341958994,84.17,28490.211716540907,,4.039,10.301360604158114,5.23099994659424,3.3,80.490243902439,80645605.0,Europe & Central Asia,High income,1,0
Germany,DEU,2014,8.88937039483839,86.19,28490.211716540907,,4.125,10.301360604158114,4.98099994659424,3.3,81.090243902439,80982500.0,Europe & Central Asia,High income,1,0
Germany,DEU,2015,2.86129610832048,84.39550077,28490.211716540907,,4.191,10.301360604158114,4.62400007247925,3.3,80.6414634146341,81686611.0,Europe & Central Asia,High income,1,0
Germany,DEU,2016,2.86129610832048,84.39550077,28490.211716540907,,,10.301360604158114,4.12200021743774,3.2,80.990243902439,82348669.0,Europe & Central Asia,High income,1,0
Germany,DEU,2017,2.86129610832048,84.39550077,28490.211716540907,,,5.533000995,3.74600005149841,3.1,80.990243902439,82685827.0,Europe & Central Asia,High income,1,0
Germany,DEU,2018,2.86129610832048,20.80096366,4234.64075149378,,,5.533000995,3.42499995231628,21.7,,,Europe & Central Asia,High income,1,0
Ghana,GHA,2000,0.332065263822419,0.153615298,263.112467866077,57.8974685668945,,3.96635483,10.3599996566772,64.1,56.994,18938762.0,Sub-Saharan Africa,Lower middle income,6,2
Ghana,GHA,2001,0.356285126795648,0.20000806,273.659666846788,,,4.50594797,9.28999996185303,62.2,57.147,19421605.0,Sub-Saharan Africa,Lower middle income,6,2
Ghana,GHA,2002,0.37250620115253,0.830284034,309.484470257043,,0.09,3.955694,8.57999992370605,60.4,57.41,19924522.0,Sub-Saharan Africa,Lower middle income,6,2
Ghana,GHA,2003,0.37321408327237,1.193057911,373.281553685955,,,3.97096695,7.56899976730347,58.9,57.761,20446782.0,Sub-Saharan Africa,Lower middle income,6,2
Ghana,GHA,2004,0.350161074700465,1.716797704,423.193638915765,,0.155,4.07999951,6.46999979019165,57.6,58.187,20986536.0,Sub-Saharan Africa,Lower middle income,6,2
Ghana,GHA,2005,0.324620094625343,1.831197461,498.172390362402,,,5.32952342,5.53900003433228,56.4,58.666,21542009.0,Sub-Saharan Africa,Lower middle income,6,2
Ghana,GHA,2006,0.423190166154723,2.723175973,922.953749658833,,,5.32884685,4.63500022888184,55.3,59.167,22113425.0,Sub-Saharan Africa,Lower middle income,6,2
Ghana,GHA,2007,0.432928115385002,3.85,1090.68671771468,,0.074,5.38749462,4.56500005722046,54.0,59.663,22700212.0,Sub-Saharan Africa,Lower middle income,6,2
Ghana,GHA,2008,0.392218773284621,4.27,1224.40155350237,,0.112,5.53540298,4.65700006484985,52.6,60.128,23298640.0,Sub-Saharan Africa,Lower middle income,6,2
Ghana,GHA,2009,0.322460194769617,5.44,1086.76503836319,,0.086,6.14967449,5.17199993133545,50.9,60.55,23903831.0,Sub-Saharan Africa,Lower middle income,6,2
Ghana,GHA,2010,0.40616280838234,7.8,1312.60755731025,71.4970703125,0.096,6.13064712,5.32000017166138,48.9,60.924,24512104.0,Sub-Saharan Africa,Lower middle income,6,2
Ghana,GHA,2011,0.391342521848358,9.0,1574.97865331211,,,6.3021341,5.90799999237061,46.9,61.254,25121796.0,Sub-Saharan Africa,Lower middle income,6,2
Ghana,GHA,2012,0.461562599908002,10.6,1629.80022222505,,,5.51297119,6.00600004196167,44.8,61.561,25733049.0,Sub-Saharan Africa,Lower middle income,6,2
Ghana,GHA,2013,0.55493014926488,15.0,2401.75412162092,,,6.11923651,6.42999982833862,42.8,61.86,26346251.0,Sub-Saharan Africa,Lower middle income,6,2
Ghana,GHA,2014,0.536533377780147,25.51773743,1987.98336285419,,,5.62315273,6.47700023651123,40.7,62.154,26962563.0,Sub-Saharan Africa,Lower middle income,6,2
Ghana,GHA,2015,2.86129610832048,31.44785241,1783.06108712576,,,6.08769695,6.80600023269653,38.9,62.448,27582821.0,Sub-Saharan Africa,Lower middle income,6,2
Ghana,GHA,2016,2.86129610832048,34.66600065,1950.23437670724,,,4.44871433,6.76700019836426,37.2,62.742,28206728.0,Sub-Saharan Africa,Lower middle income,6,2
Ghana,GHA,2017,2.86129610832048,37.88415262,2046.10998628582,,,5.533000995,6.62900018692017,35.7,63.033,28833629.0,Sub-Saharan Africa,Lower middle income,6,2
Ghana,GHA,2018,2.86129610832048,20.80096366,4234.64075149378,,,5.533000995,6.71000003814697,21.7,,,Sub-Saharan Africa,Lower middle income,6,2
Gibraltar,GIB,2000,10.7022771007056,19.13163812,4234.64075149378,,,5.533000995,6.34000015258789,21.7,,31180.0,Europe & Central Asia,High income,1,0
Gibraltar,GIB,2001,10.9867406132466,21.17110944,4234.64075149378,,,5.533000995,6.34000015258789,21.7,,31374.0,Europe & Central Asia,High income,1,0
Gibraltar,GIB,2002,11.0437801166624,23.67023975,4234.64075149378,,,5.533000995,6.34000015258789,21.7,,31544.0,Europe & Central Asia,High income,1,0
Gibraltar,GIB,2003,11.2137137452711,28.32577979,4234.64075149378,,,5.533000995,6.34000015258789,21.7,,31720.0,Europe & Central Asia,High income,1,0
Gibraltar,GIB,2004,11.48600787602411,32.88608261,4234.64075149378,,,5.533000995,6.34000015258789,21.7,,31896.0,Europe & Central Asia,High income,1,0
Gibraltar,GIB,2005,11.48600787602411,39.07013088,4234.64075149378,,,5.533000995,6.34000015258789,21.7,,32085.0,Europe & Central Asia,High income,1,0
Gibraltar,GIB,2006,11.48600787602411,45.29864751,4234.64075149378,,,5.533000995,6.34000015258789,21.7,,32296.0,Europe & Central Asia,High income,1,0
Gibraltar,GIB,2007,11.48600787602411,51.61,4234.64075149378,,,5.533000995,6.34000015258789,21.7,,32510.0,Europe & Central Asia,High income,1,0
Gibraltar,GIB,2008,11.48600787602411,58.0,4234.64075149378,,,5.533000995,6.34000015258789,21.7,,32732.0,Europe & Central Asia,High income,1,0
Gibraltar,GIB,2009,11.48600787602411,65.07,4234.64075149378,,,5.533000995,6.34000015258789,21.7,,32956.0,Europe & Central Asia,High income,1,0
Gibraltar,GIB,2010,11.48600787602411,65.0,4234.64075149378,,,5.533000995,6.34000015258789,21.7,,33189.0,Europe & Central Asia,High income,1,0
Gibraltar,GIB,2011,11.48600787602411,65.0,4234.64075149378,,,5.533000995,6.34000015258789,21.7,,33405.0,Europe & Central Asia,High income,1,0
Gibraltar,GIB,2012,11.48600787602411,65.017,4234.64075149378,,,5.533000995,6.34000015258789,21.7,,33623.0,Europe & Central Asia,High income,1,0
Gibraltar,GIB,2013,11.48600787602411,20.80096366,4234.64075149378,,,5.533000995,6.34000015258789,21.7,,33831.0,Europe & Central Asia,High income,1,0
Gibraltar,GIB,2014,11.48600787602411,20.80096366,4234.64075149378,,,5.533000995,6.34000015258789,21.7,,34038.0,Europe & Central Asia,High income,1,0
Gibraltar,GIB,2015,2.86129610832048,20.80096366,4234.64075149378,,,5.533000995,6.34000015258789,21.7,,34228.0,Europe & Central Asia,High income,1,0
Gibraltar,GIB,2016,2.86129610832048,94.44447158,4234.64075149378,,,5.533000995,6.34000015258789,21.7,,34408.0,Europe & Central Asia,High income,1,0
Gibraltar,GIB,2017,2.86129610832048,20.80096366,4234.64075149378,,,5.533000995,6.34000015258789,21.7,,34571.0,Europe & Central Asia,High income,1,0
Greece,GRC,2000,8.47843382003456,9.138837308,12042.9537310995,,4.3,7.24332552,11.2480001449585,5.5,77.8878048780488,10805808.0,Europe & Central Asia,High income,1,0
Greece,GRC,2001,8.63601427417748,10.93502581,12538.1788278361,95.9943618774414,4.38,7.98783985,10.456000328064,5.1,78.3878048780488,10862132.0,Europe & Central Asia,High income,1,0
Greece,GRC,2002,8.59197018681489,14.67,14110.3133911078,,,8.23378017,9.97500038146973,4.8,78.6414634146341,10902022.0,Europe & Central Asia,High income,1,0
Greece,GRC,2003,8.76074512699864,17.8,18477.578411927,,,8.19821017,9.41199970245361,4.4,78.8414634146341,10928070.0,Europe & Central Asia,High income,1,0
Greece,GRC,2004,8.86796719458015,21.42,21955.1040911595,,,7.93223791,10.3109998703003,4.2,79.0390243902439,10955141.0,Europe & Central Asia,High income,1,0
Greece,GRC,2005,8.98083944811261,24.0,22551.735744099,93.0443115234375,5.0,8.99658302,9.99400043487549,3.9,79.2390243902439,10987314.0,Europe & Central Asia,High income,1,0
Greece,GRC,2006,8.82779621939824,32.25,24801.1578065035,,5.35,8.96532608,9.00800037384033,3.6,79.4390243902439,11020362.0,Europe & Central Asia,High income,1,0
Greece,GRC,2007,8.89229344181771,35.88,28490.211716540907,93.9315490722656,,9.06037384,8.39599990844727,3.4,79.4390243902439,11048473.0,Europe & Central Asia,High income,1,0
Greece,GRC,2008,8.66282428137396,38.2,28490.211716540907,,6.043,9.38345982,7.76000022888184,3.3,79.9390243902439,11077841.0,Europe & Central Asia,High income,1,0
Greece,GRC,2009,8.27789234499236,42.4,28490.211716540907,93.9051132202148,,9.46849875,9.61600017547607,3.3,80.1878048780488,11107017.0,Europe & Central Asia,High income,1,0
Greece,GRC,2010,7.54018386811447,44.4,26917.7589787254,,6.197,9.56003701,12.7130002975464,3.2,80.3878048780488,11121341.0,Europe & Central Asia,High income,1,0
Greece,GRC,2011,7.18976291454789,51.64999517,25916.2935289351,97.3687362670898,6.226,9.0980985,17.547250032424937,3.2,80.7317073170732,11104899.0,Europe & Central Asia,High income,1,0
Greece,GRC,2012,7.24700735925025,55.06999344,22242.681934771,,6.23,8.88281165,17.547250032424937,3.3,80.6341463414634,11045011.0,Europe & Central Asia,High income,1,0
Greece,GRC,2013,6.33661458954141,59.8663,21874.8195041667,,6.231,8.41445401,17.547250032424937,3.5,81.2853658536585,10965211.0,Europe & Central Asia,High income,1,0
Greece,GRC,2014,6.18033726778447,63.21,21760.9797994918,,6.255,7.94998091,17.547250032424937,3.6,81.3853658536585,10892413.0,Europe & Central Asia,High income,1,0
Greece,GRC,2015,2.86129610832048,66.835,18167.7737169162,,,8.19431265,17.547250032424937,3.9,81.0365853658537,10820883.0,Europe & Central Asia,High income,1,0
Greece,GRC,2016,2.86129610832048,69.08791547,18116.4596223336,,,8.45429347,17.547250032424937,4.2,81.3878048780488,10775971.0,Europe & Central Asia,High income,1,0
Greece,GRC,2017,2.86129610832048,69.89,18885.4759826453,,,5.533000995,17.547250032424937,4.3,81.3878048780488,10753531.0,Europe & Central Asia,High income,1,0
Greece,GRC,2018,2.86129610832048,20.80096366,4234.64075149378,,,5.533000995,17.547250032424937,21.7,,,Europe & Central Asia,High income,1,0
Greenland,GRL,2000,9.46112099644128,31.74781123,19004.1072910304,,,5.533000995,6.34000015258789,21.7,66.9634146341463,56200.0,Europe & Central Asia,High income,1,0
Greenland,GRL,2001,9.56608695652174,35.46413689,19275.4733376066,,,5.533000995,6.34000015258789,21.7,67.6078048780488,56350.0,Europe & Central Asia,High income,1,0
Greenland,GRL,2002,9.52231977247434,44.15478903,20652.8783287878,,,5.533000995,6.34000015258789,21.7,68.1626829268293,56609.0,Europe & Central Asia,High income,1,0
Greenland,GRL,2003,9.36695146657271,54.53425983,27460.030198813,,,5.533000995,6.34000015258789,21.7,68.4353658536586,56765.0,Europe & Central Asia,High income,1,0
Greenland,GRL,2004,10.2449965735974,56.09901476,28490.211716540907,,,5.533000995,6.34000015258789,21.7,68.8068292682927,56911.0,Europe & Central Asia,High income,1,0
Greenland,GRL,2005,10.6915254237288,57.7034045,28490.211716540907,,,5.533000995,6.34000015258789,21.7,69.2207317073171,56935.0,Europe & Central Asia,High income,1,0
Greenland,GRL,2006,11.0447916299715,59.36168727,28490.211716540907,,,5.533000995,6.34000015258789,21.7,69.5192682926829,56774.0,Europe & Central Asia,High income,1,0
Greenland,GRL,2007,11.2820793917426,61.07,28490.211716540907,,,5.533000995,6.34000015258789,21.7,69.9826829268293,56555.0,Europe & Central Asia,High income,1,0
Greenland,GRL,2008,11.48600787602411,62.82,28490.211716540907,,,5.533000995,6.34000015258789,21.7,70.2134146341463,56328.0,Europe & Central Asia,High income,1,0
Greenland,GRL,2009,10.2217388988513,62.83,28490.211716540907,,,5.533000995,6.34000015258789,21.7,70.4678048780488,56323.0,Europe & Central Asia,High income,1,0
Greenland,GRL,2010,11.48600787602411,63.0,28490.211716540907,,,5.533000995,6.34000015258789,21.7,70.8570731707317,56905.0,Europe & Central Asia,High income,1,0
Greenland,GRL,2011,11.48600787602411,64.0,28490.211716540907,,,5.533000995,6.34000015258789,21.7,71.0624390243902,56890.0,Europe & Central Asia,High income,1,0
Greenland,GRL,2012,10.005016722408,64.8960101,28490.211716540907,,,5.533000995,6.34000015258789,21.7,71.2990243902439,56810.0,Europe & Central Asia,High income,1,0
Greenland,GRL,2013,9.80325053555937,65.8,28490.211716540907,,,5.533000995,6.34000015258789,21.7,71.8304878048781,56483.0,Europe & Central Asia,High income,1,0
Greenland,GRL,2014,8.98918198774314,66.7,28490.211716540907,,,5.533000995,6.34000015258789,21.7,71.5384146341463,56295.0,Europe & Central Asia,High income,1,0
Greenland,GRL,2015,2.86129610832048,67.60044348,28490.211716540907,,,5.533000995,6.34000015258789,21.7,71.2463414634146,56114.0,Europe & Central Asia,High income,1,0
Greenland,GRL,2016,2.86129610832048,68.50087368,28490.211716540907,,,5.533000995,6.34000015258789,21.7,,56186.0,Europe & Central Asia,High income,1,0
Greenland,GRL,2017,2.86129610832048,69.48246178,4234.64075149378,,,5.533000995,6.34000015258789,21.7,,56171.0,Europe & Central Asia,High income,1,0
Grenada,GRD,2000,1.87646011080605,4.063907991,5117.58992285272,,0.571,5.10101852,6.34000015258789,13.2,70.337,101619.0,Latin America & Caribbean,Upper middle income,2,4
Grenada,GRD,2001,1.90822688489823,5.128103982,5109.95871520766,,0.569,5.36270463,6.34000015258789,13.0,70.551,101849.0,Latin America & Caribbean,Upper middle income,2,4
Grenada,GRD,2002,2.01128305582762,14.75884055,5292.23237929408,,0.568,5.75331734,6.34000015258789,12.7,70.77,102100.0,Latin America & Caribbean,Upper middle income,2,4
Grenada,GRD,2003,2.11333821733822,18.64518218,5773.07357662913,,0.567,5.21929825,6.34000015258789,12.5,70.991,102375.0,Latin America & Caribbean,Upper middle income,2,4
Grenada,GRD,2004,2.00038965087282,19.57062058,5836.17706312921,98.5999984741211,,5.12978986,6.34000015258789,12.4,71.213,102656.0,Latin America & Caribbean,Upper middle income,2,4
Grenada,GRD,2005,2.1015551389523,20.48780488,6754.5123925079,,,5.27104422,6.34000015258789,12.3,71.438,102949.0,Latin America & Caribbean,Upper middle income,2,4
Grenada,GRD,2006,2.23729650684202,21.39599117,6766.48685990245,,0.668,5.82325274,6.34000015258789,12.2,71.667,103259.0,Latin America & Caribbean,Upper middle income,2,4
Grenada,GRD,2007,2.3010348888846,22.29,7324.19045616775,,,5.68757093,6.34000015258789,12.2,71.903,103586.0,Latin America & Caribbean,Upper middle income,2,4
Grenada,GRD,2008,2.4345521023766,23.18,7947.42650858306,,,5.62157884,6.34000015258789,12.3,72.142,103930.0,Latin America & Caribbean,Upper middle income,2,4
Grenada,GRD,2009,2.42600866763826,24.05,7395.06362233984,,,5.98258886,6.34000015258789,12.5,72.383,104296.0,Latin America & Caribbean,Upper middle income,2,4
Grenada,GRD,2010,2.48724170543672,27.0,7365.64153786657,,,6.09055408,6.34000015258789,12.7,72.618,104677.0,Latin America & Caribbean,Upper middle income,2,4
Grenada,GRD,2011,2.40802284082798,30.0,7410.477524872,,,6.0079645,6.34000015258789,13.1,72.84,105075.0,Latin America & Caribbean,Upper middle income,2,4
Grenada,GRD,2012,2.57257705179132,32.0,7583.18805528256,,,5.70029356,6.34000015258789,13.4,73.044,105481.0,Latin America & Caribbean,Upper middle income,2,4
Grenada,GRD,2013,2.87379731656422,35.0,7956.07654789594,,,5.53751146,6.34000015258789,13.9,73.227,105909.0,Latin America & Caribbean,Upper middle income,2,4
Grenada,GRD,2014,2.27549830763445,51.6,8569.92673380413,98.5999984741211,,5.19918435,6.34000015258789,14.4,73.388,106360.0,Latin America & Caribbean,Upper middle income,2,4
Grenada,GRD,2015,2.86129610832048,53.81,9333.2702313727,,,4.86385599,6.34000015258789,14.8,73.531,106823.0,Latin America & Caribbean,Upper middle income,2,4
Grenada,GRD,2016,2.86129610832048,55.85640782,9892.47949739764,,,5.24666501,6.34000015258789,15.1,73.659,107317.0,Latin America & Caribbean,Upper middle income,2,4
Grenada,GRD,2017,2.86129610832048,59.07173536,10451.0298752265,,,5.533000995,6.34000015258789,15.3,73.78,107825.0,Latin America & Caribbean,Upper middle income,2,4
Guam,GUM,2000,2.86129610832048,16.11312704,4234.64075149378,,,5.533000995,15.3199996948242,21.7,75.01,155329.0,East Asia & Pacific,High income,0,0
Guam,GUM,2001,2.86129610832048,25.38022753,4234.64075149378,,,5.533000995,13.2130002975464,21.7,75.369,156401.0,East Asia & Pacific,High income,0,0
Guam,GUM,2002,2.86129610832048,31.19229426,21536.5038969302,,,5.533000995,11.3900003433228,21.7,75.715,157175.0,East Asia & Pacific,High income,0,0
Guam,GUM,2003,2.86129610832048,33.71668179,22572.5046603345,,,5.533000995,9.50899982452393,21.7,76.047,157714.0,East Asia & Pacific,High income,0,0
Guam,GUM,2004,2.86129610832048,36.16178784,24396.1062372311,,,5.533000995,7.69999980926514,21.7,76.362,158099.0,East Asia & Pacific,High income,0,0
Guam,GUM,2005,2.86129610832048,38.55987756,26495.8775773033,,,5.533000995,7.0,21.7,76.663,158402.0,East Asia & Pacific,High income,0,0
Guam,GUM,2006,2.86129610832048,43.851443,26555.6452019565,,,5.533000995,7.40000009536743,21.7,76.956,158648.0,East Asia & Pacific,High income,0,0
Guam,GUM,2007,2.86129610832048,46.15047362,27540.8391300242,,,5.533000995,8.30000019073486,21.7,77.249,158855.0,East Asia & Pacific,High income,0,0
Guam,GUM,2008,2.86129610832048,48.41870215,28490.211716540907,,,5.533000995,8.34799957275391,21.7,77.543,159035.0,East Asia & Pacific,High income,0,0
Guam,GUM,2009,2.86129610832048,50.64202838,28490.211716540907,,,5.533000995,9.30000019073486,21.7,77.84,159231.0,East Asia & Pacific,High income,0,0
Guam,GUM,2010,2.86129610832048,54.04,28490.211716540907,,,5.533000995,8.19999980926514,21.7,78.134,159444.0,East Asia & Pacific,High income,0,0
Guam,GUM,2011,2.86129610832048,57.7,28490.211716540907,,,5.533000995,13.3000001907349,21.7,78.419,159678.0,East Asia & Pacific,High income,0,0
Guam,GUM,2012,2.86129610832048,61.53415931,28490.211716540907,,,5.533000995,12.1999998092651,21.7,78.689,159973.0,East Asia & Pacific,High income,0,0
Guam,GUM,2013,2.86129610832048,65.4,28490.211716540907,,,5.533000995,11.5,21.7,78.938,160375.0,East Asia & Pacific,High income,0,0
Guam,GUM,2014,2.86129610832048,69.27,28490.211716540907,,,5.533000995,7.59999990463257,21.7,79.168,160967.0,East Asia & Pacific,High income,0,0
Guam,GUM,2015,2.86129610832048,73.13999995,28490.211716540907,,,5.533000995,6.90000009536743,21.7,79.379,161797.0,East Asia & Pacific,High income,0,0
Guam,GUM,2016,2.86129610832048,77.00999989,28490.211716540907,,,5.533000995,5.40000009536743,21.7,79.575,162896.0,East Asia & Pacific,High income,0,0
Guam,GUM,2017,2.86129610832048,80.50546556,28490.211716540907,,,5.533000995,5.24499988555908,21.7,79.763,164229.0,East Asia & Pacific,High income,0,0
Guam,GUM,2018,2.86129610832048,20.80096366,4234.64075149378,,,5.533000995,5.61199998855591,21.7,,,East Asia & Pacific,High income,0,0
Guatemala,GTM,2000,0.85106743835994,0.712332905,1655.58773023347,,,5.7087294,2.8970000743866,40.8,67.849,11650743.0,Latin America & Caribbean,Upper middle income,2,4
Guatemala,GTM,2001,0.8911542240946,1.738201782,1568.37630826336,,,6.43069854,2.78399991989136,39.4,68.304,11924946.0,Latin America & Caribbean,Upper middle income,2,4
Guatemala,GTM,2002,0.908877070137985,3.39174627,1701.77149170704,69.1017303466797,,6.37099051,2.8510000705719,38.0,68.717,12208848.0,Latin America & Caribbean,Upper middle income,2,4
Guatemala,GTM,2003,0.866258954257589,4.548854908,1753.34947067681,,,6.52554688,2.80699992179871,36.7,69.092,12500478.0,Latin America & Caribbean,Upper middle income,2,4
Guatemala,GTM,2004,0.908087138121072,5.1,1872.73708329482,,,6.45238918,2.97099995613098,35.5,69.437,12796925.0,Latin America & Caribbean,Upper middle income,2,4
Guatemala,GTM,2005,0.959869358862092,5.7,2077.83438001719,,,6.3367217,2.99399995803833,34.3,69.763,13096028.0,Latin America & Caribbean,Upper middle income,2,4
Guatemala,GTM,2006,0.944052806417672,6.5,2256.56723965573,,,6.57006656,2.88599991798401,33.2,70.085,13397008.0,Latin America & Caribbean,Upper middle income,2,4
Guatemala,GTM,2007,0.921548718034061,7.3,2489.9558363193,,,6.36453925,2.7960000038147,32.1,70.415,13700286.0,Latin America & Caribbean,Upper middle income,2,4
Guatemala,GTM,2008,0.81606028287423,8.3,2794.22615672387,,,6.21690116,2.84100008010864,31.1,70.76,14006366.0,Latin America & Caribbean,Upper middle income,2,4
Guatemala,GTM,2009,0.82785497388694,9.3,2635.7588738299,,0.897,6.28502764,3.30800008773804,30.1,71.122,14316208.0,Latin America & Caribbean,Upper middle income,2,4
Guatemala,GTM,2010,0.797292859116729,10.5,2825.51902943213,,,6.07735498,3.49699997901917,29.1,71.494,14630417.0,Latin America & Caribbean,Upper middle income,2,4
Guatemala,GTM,2011,0.791834914618241,12.3,3187.84146536875,,,5.85999507,4.12599992752075,28.2,71.867,14948919.0,Latin America & Caribbean,Upper middle income,2,4
Guatemala,GTM,2012,0.78401618067539,16.0,3299.60553613202,78.2648620605469,,5.88481958,2.76500010490417,27.2,72.227,15271056.0,Latin America & Caribbean,Upper middle income,2,4
Guatemala,GTM,2013,0.874180490213843,19.7,3452.83467076894,77.0386734008789,,5.90329223,3.01600003242493,26.3,72.562,15596214.0,Latin America & Caribbean,Upper middle income,2,4
Guatemala,GTM,2014,1.15097799430391,23.4,3687.76376676599,81.2858963012695,,5.93765761,2.71700000762939,25.5,72.869,15923559.0,Latin America & Caribbean,Upper middle income,2,4
Guatemala,GTM,2015,2.86129610832048,28.80594156,3923.57334364713,,,5.51590055,2.50600004196167,24.7,73.15,16252429.0,Latin America & Caribbean,Upper middle income,2,4
Guatemala,GTM,2016,2.86129610832048,34.50932609,4140.73763497611,,,5.82031093,2.82599997520447,23.9,73.409,16582469.0,Latin America & Caribbean,Upper middle income,2,4
Guatemala,GTM,2017,2.86129610832048,40.70304908,4470.98957191189,,,5.533000995,2.68400001525879,23.1,73.654,16913503.0,Latin America & Caribbean,Upper middle income,2,4
Guatemala,GTM,2018,2.86129610832048,20.80096366,4234.64075149378,,,5.533000995,2.72699999809265,21.7,,,Latin America & Caribbean,Upper middle income,2,4
Guinea,GIN,2000,0.18650251698748,0.095424924,340.051691750487,,0.087,3.69772565,4.38800001144409,91.04999999999998,51.181,8808546.0,Sub-Saharan Africa,Low income,6,1
Guinea,GIN,2001,0.191706203638133,0.175541868,315.839800323726,,,3.88461035,4.4539999961853,91.04999999999998,51.229,8971139.0,Sub-Saharan Africa,Low income,6,1
Guinea,GIN,2002,0.197449477939161,0.402022749,322.811170974089,,,4.38415156,4.54899978637695,91.04999999999998,51.451,9137345.0,Sub-Saharan Africa,Low income,6,1
Guinea,GIN,2003,0.202062482652778,0.450960371,370.193178116151,29.7040195465088,,3.65108144,4.34999990463257,88.7,51.859,9309848.0,Sub-Saharan Africa,Low income,6,1
Guinea,GIN,2004,0.20479063255481,0.508819332,386.328828253397,,0.104,3.36554705,4.2979998588562,85.2,52.444,9490229.0,Sub-Saharan Africa,Low income,6,1
Guinea,GIN,2005,0.188658482222414,0.542254181,303.42449798582,,0.097,2.94948993,4.21199989318848,82.0,53.17,9679745.0,Sub-Saharan Africa,Low income,6,1
Guinea,GIN,2006,0.191487708051913,0.637492123,427.0657265294,,,2.96060121,3.97300004959106,79.1,53.972,9881428.0,Sub-Saharan Africa,Low income,6,1
Guinea,GIN,2007,0.195031419587754,0.780025279,622.173656837936,,,3.01307382,3.91000008583069,76.4,54.775,10096727.0,Sub-Saharan Africa,Low income,6,1
Guinea,GIN,2008,0.212067120649895,0.92,674.618178745762,,,2.76208981,3.69799995422363,73.9,55.521,10323142.0,Sub-Saharan Africa,Low income,6,1
Guinea,GIN,2009,0.214326136141025,0.94,636.279956848232,,,2.9368683,4.12799978256226,71.6,56.185,10556524.0,Sub-Saharan Africa,Low income,6,1
Guinea,GIN,2010,0.241201500439589,1.0,634.923105379227,25.3077392578125,0.1,3.0677419,4.28399991989136,69.5,56.765,10794170.0,Sub-Saharan Africa,Low income,6,1
Guinea,GIN,2011,0.25188429358134,2.0,614.864766212896,,,3.78954972,4.22499990463257,67.4,57.282,11035170.0,Sub-Saharan Africa,Low income,6,1
Guinea,GIN,2012,0.228832610363065,3.1,677.043499251686,,,3.50398284,4.10300016403198,65.4,57.782,11281469.0,Sub-Saharan Africa,Low income,6,1
Guinea,GIN,2013,0.19929667411108,4.5,726.089394240361,,,3.46113673,4.20300006866455,63.5,58.301,11536615.0,Sub-Saharan Africa,Low income,6,1
Guinea,GIN,2014,0.207492620606193,6.4,743.591287839295,32.0038604736328,,4.78097692,4.23299980163574,61.6,58.846,11805509.0,Sub-Saharan Africa,Low income,6,1
Guinea,GIN,2015,2.86129610832048,8.2,727.302519007954,,,5.82712195,4.21099996566772,59.8,59.419,12091533.0,Sub-Saharan Africa,Low income,6,1
Guinea,GIN,2016,2.86129610832048,9.8,701.388642312075,,0.075,5.47827339,3.66799998283386,58.1,60.015,12395924.0,Sub-Saharan Africa,Low income,6,1
Guinea,GIN,2017,2.86129610832048,11.40002077,823.493715477397,,,5.533000995,3.57200002670288,56.4,60.617,12717176.0,Sub-Saharan Africa,Low income,6,1
Guinea,GIN,2018,2.86129610832048,20.80096366,4234.64075149378,,,5.533000995,3.60700011253357,21.7,,,Sub-Saharan Africa,Low income,6,1
Guinea-Bissau,GNB,2000,0.117983090806279,0.230103171,297.75193359522,41.3577690124512,,7.10330503,4.67600011825562,91.04999999999998,52.27,1243229.0,Sub-Saharan Africa,Low income,6,1
Guinea-Bissau,GNB,2001,0.118615839534458,0.299569145,309.486749001111,,,6.15697787,4.61700010299683,91.04999999999998,52.45,1267512.0,Sub-Saharan Africa,Low income,6,1
Guinea-Bissau,GNB,2002,0.119065528792298,1.022993234,321.481320392982,,,5.21410174,4.73899984359741,91.04999999999998,52.636,1293523.0,Sub-Saharan Africa,Low income,6,1
Guinea-Bissau,GNB,2003,0.147101654402582,1.354197478,360.571858534299,,,5.74393778,4.67899990081787,91.04999999999998,52.845,1321202.0,Sub-Saharan Africa,Low income,6,1
Guinea-Bissau,GNB,2004,0.149358126997175,1.808142203,393.313824367448,,0.131,6.87692002,4.65000009536743,91.04999999999998,53.084,1350345.0,Sub-Saharan Africa,Low income,6,1
Guinea-Bissau,GNB,2005,0.154026757664549,1.901365316,424.956204432526,,,6.3873281,4.47900009155273,89.8,53.357,1380838.0,Sub-Saharan Africa,Low income,6,1
Guinea-Bissau,GNB,2006,0.153151941466826,2.057196705,418.951269310121,,,6.43678093,4.23099994659424,86.2,53.663,1412669.0,Sub-Saharan Africa,Low income,6,1
Guinea-Bissau,GNB,2007,0.159770200794214,2.206302237,481.335009991043,,,7.10642033,3.95300006866455,82.6,53.991,1445958.0,Sub-Saharan Africa,Low income,6,1
Guinea-Bissau,GNB,2008,0.153530324997755,2.354888711,583.894418973508,,0.05,6.96811103,3.85899996757507,79.1,54.333,1480841.0,Sub-Saharan Africa,Low income,6,1
Guinea-Bissau,GNB,2009,0.154659665438288,2.303280592,544.861280100724,,0.078,6.66164012,4.30399990081787,75.6,54.687,1517448.0,Sub-Saharan Africa,Low income,6,1
Guinea-Bissau,GNB,2010,0.153196261922513,2.45,545.704120821919,,0.045,6.34846542,4.37900018692017,72.3,55.05,1555880.0,Sub-Saharan Africa,Low income,6,1
Guinea-Bissau,GNB,2011,0.153925623718012,2.672,688.141239473375,,,5.43049135,4.43800020217896,69.1,55.424,1596154.0,Sub-Saharan Africa,Low income,6,1
Guinea-Bissau,GNB,2012,0.154457588763835,2.893990621,603.933983492923,,,4.85181988,4.4520001411438,66.2,55.807,1638139.0,Sub-Saharan Africa,Low income,6,1
Guinea-Bissau,GNB,2013,0.152655821159147,3.1,621.940673617931,,,4.74698916,4.47399997711182,63.6,56.2,1681495.0,Sub-Saharan Africa,Low income,6,1
Guinea-Bissau,GNB,2014,0.157241166708388,3.32,610.468490212169,45.5811614990234,,6.78661808,4.27500009536743,61.4,56.598,1725744.0,Sub-Saharan Africa,Low income,6,1
Guinea-Bissau,GNB,2015,2.86129610832048,3.540706917,591.806149698209,,,6.51981283,4.31799983978271,59.3,57.0,1770526.0,Sub-Saharan Africa,Low income,6,1
Guinea-Bissau,GNB,2016,2.86129610832048,3.761413832,648.898936600695,,,6.09011769,4.21999979019165,57.4,57.403,1815698.0,Sub-Saharan Africa,Low income,6,1
Guinea-Bissau,GNB,2017,2.86129610832048,3.930509152,723.609411897261,,,5.533000995,4.03299999237061,55.6,57.805,1861283.0,Sub-Saharan Africa,Low income,6,1
Guinea-Bissau,GNB,2018,2.86129610832048,20.80096366,4234.64075149378,,,5.533000995,4.05700016021729,21.7,,,Sub-Saharan Africa,Low income,6,1
Guyana,GUY,2000,2.13701163280017,6.611491566,946.059937166567,,0.493,2.77696553,11.8559999465942,37.2,64.93,753301.0,Latin America & Caribbean,Upper middle income,2,4
Guyana,GUY,2001,2.12046185974852,13.2069865,946.700257256141,,,2.84668394,11.7559995651245,36.4,65.065,752263.0,Latin America & Caribbean,Upper middle income,2,4
Guyana,GUY,2002,2.10202238643195,20.80096366,965.749284085495,,,3.03040861,11.8100004196167,35.6,65.192,751884.0,Latin America & Caribbean,Upper middle income,2,4
Guyana,GUY,2003,2.08258884335718,20.80096366,988.305059066507,,,3.22245573,11.7609996795654,34.9,65.313,751857.0,Latin America & Caribbean,Upper middle income,2,4
Guyana,GUY,2004,2.16609281954947,20.80096366,1048.11053410866,,,3.17262793,11.5769996643066,34.2,65.428,751652.0,Latin America & Caribbean,Upper middle income,2,4
Guyana,GUY,2005,1.91420421708086,20.80096366,1098.45521561333,,,3.3694806,11.0869998931885,33.6,65.538,750946.0,Latin America & Caribbean,Upper middle income,2,4
Guyana,GUY,2006,1.72196141680707,20.80096366,1945.64003426759,,,3.98688287,10.6999998092651,33.0,65.642,749601.0,Latin America & Caribbean,Upper middle income,2,4
Guyana,GUY,2007,2.08879095135645,13.8,2326.85195436274,,,4.03585961,10.4759998321533,32.4,65.741,747869.0,Latin America & Caribbean,Upper middle income,2,4
Guyana,GUY,2008,2.08822961916834,18.2,2568.61890785298,,,4.16339704,10.4739999771118,31.8,65.836,746314.0,Latin America & Caribbean,Upper middle income,2,4
Guyana,GUY,2009,2.09980380666038,23.9,2764.30668602753,84.994010925293,0.214,4.59966839,11.3990001678467,31.2,65.929,745693.0,Latin America & Caribbean,Upper middle income,2,4
Guyana,GUY,2010,2.30367581266509,29.9,3044.94808313969,,0.214,4.64513283,11.6569995880127,30.7,66.022,746556.0,Latin America & Caribbean,Upper middle income,2,4
Guyana,GUY,2011,2.37907088506207,30.0,3438.82527778254,,,4.91414221,11.7430000305176,30.1,66.117,749100.0,Latin America & Caribbean,Upper middle income,2,4
Guyana,GUY,2012,2.64888041418633,30.5,3799.75336437721,,,4.83490908,11.9329996109009,29.5,66.216,753091.0,Latin America & Caribbean,Upper middle income,2,4
Guyana,GUY,2013,2.55404897365849,31.0,3941.11466118603,,,4.98031795,12.2829999923706,28.9,66.318,758081.0,Latin America & Caribbean,Upper middle income,2,4
Guyana,GUY,2014,2.63234795184132,32.0,4031.53193884817,85.6397323608398,,5.14073899,12.3669996261597,28.3,66.425,763393.0,Latin America & Caribbean,Upper middle income,2,4
Guyana,GUY,2015,2.86129610832048,34.0,4160.26541482928,,,4.45280875,12.5520000457764,27.5,66.536,768514.0,Latin America & Caribbean,Upper middle income,2,4
Guyana,GUY,2016,2.86129610832048,35.66,4531.24352689057,,,4.24328719,12.3380002975464,26.7,66.65,773303.0,Latin America & Caribbean,Upper middle income,2,4
Guyana,GUY,2017,2.86129610832048,37.32583679,4655.14444757034,,,5.533000995,12.1149997711182,26.0,66.766,777859.0,Latin America & Caribbean,Upper middle income,2,4
Guyana,GUY,2018,2.86129610832048,20.80096366,4234.64075149378,,,5.533000995,12.1510000228882,21.7,,,Latin America & Caribbean,Upper middle income,2,4
Haiti,HTI,2000,0.15999052542928,0.231270715,462.481438106584,,,6.90834262,8.33899974822998,74.5,57.716,8549200.0,Latin America & Caribbean,Low income,2,1
Haiti,HTI,2001,0.180553799585324,0.340832326,413.737737605203,,,6.60283356,9.55200004577637,72.3,57.969,8692567.0,Latin America & Caribbean,Low income,2,1
Haiti,HTI,2002,0.206703020906235,0.893432988,393.016060861473,,,5.98888018,11.0030002593994,70.4,58.239,8834733.0,Latin America & Caribbean,Low income,2,1
Haiti,HTI,2003,0.193224636809323,1.647358346,329.782094609998,58.7439002990723,,5.76704884,12.1579999923706,68.7,58.535,8976552.0,Latin America & Caribbean,Low income,2,1
Haiti,HTI,2004,0.217948810737108,5.401261908,387.942891069774,,,5.85191719,13.5380001068115,67.2,58.86,9119178.0,Latin America & Caribbean,Low income,2,1
Haiti,HTI,2005,0.224056081328203,6.376201635,465.310386508996,,,5.50935549,14.8769998550415,65.8,59.219,9263404.0,Latin America & Caribbean,Low income,2,1
Haiti,HTI,2006,0.22447543997491,6.796000481,505.470620633981,48.6850204467773,,5.5010374,15.8120002746582,64.6,59.61,9409457.0,Latin America & Caribbean,Low income,2,1
Haiti,HTI,2007,0.250173879805447,7.2,615.820230827879,,,5.90158045,16.7999992370605,63.5,60.023,9556889.0,Latin America & Caribbean,Low income,2,1
Haiti,HTI,2008,0.2471108535585,7.6,674.756414674589,,,6.01590075,15.9390001296997,62.4,60.448,9705029.0,Latin America & Caribbean,Low income,2,1
Haiti,HTI,2009,0.230376834363998,8.1,668.297604584601,,,6.16916007,16.2350006103516,61.4,60.876,9852870.0,Latin America & Caribbean,Low income,2,1
Haiti,HTI,2010,0.212694146185799,8.37,662.279518162433,,,8.14559821,15.6429996490479,87.0,61.296,9999617.0,Latin America & Caribbean,Low income,2,1
Haiti,HTI,2011,0.218681438265385,9.0,740.935845216079,,,10.23136335,14.9289999008179,59.6,61.699,10145054.0,Latin America & Caribbean,Low income,2,1
Haiti,HTI,2012,0.224883834618984,9.8,766.843762318888,,,9.64946914,14.1000003814697,58.8,62.078,10289210.0,Latin America & Caribbean,Low income,2,1
Haiti,HTI,2013,0.230598509783952,10.6,810.265607301884,,,7.23788227,14.1429996490479,57.9,62.432,10431776.0,Latin America & Caribbean,Low income,2,1
Haiti,HTI,2014,0.270538585794459,11.4,830.113881624145,,,7.79763646,13.9180002212524,57.0,62.757,10572466.0,Latin America & Caribbean,Low income,2,1
Haiti,HTI,2015,2.86129610832048,12.1977,814.546395216916,,,5.3723227,13.7239999771118,56.1,63.055,10711061.0,Latin America & Caribbean,Low income,2,1
Haiti,HTI,2016,2.86129610832048,12.23260161,734.802591238931,,,5.38571841,13.6470003128052,55.0,63.33,10847334.0,Latin America & Caribbean,Low income,2,1
Haiti,HTI,2017,2.86129610832048,12.32610358,765.683924629642,,,5.533000995,13.4049997329712,53.9,63.589,10981229.0,Latin America & Caribbean,Low income,2,1
Haiti,HTI,2018,2.86129610832048,20.80096366,4234.64075149378,,,5.533000995,13.5260000228882,21.7,,,Latin America & Caribbean,Low income,2,1
Heavily indebted poor countries (HIPC),HPC,2000,0.162257813773791,0.175087660366576,341.859000828514,50.6565895080566,0.113953949825394,4.33140606949071,5.18132194898016,89.956456665163,52.2011921624773,474935556.0,,,7,3
Heavily indebted poor countries (HIPC),HPC,2001,0.163942514818862,0.258656619242821,316.61599608892,51.5108489990234,,4.72563512778918,5.11971789771801,87.0371996826491,52.709742887937,488553040.0,,,7,3
Heavily indebted poor countries (HIPC),HPC,2002,0.170391155567979,0.393481250536387,331.034723588714,51.993480682373,,4.88461431944747,5.16437323810272,83.9727101052621,53.2893725907225,502710676.0,,,7,3
Heavily indebted poor countries (HIPC),HPC,2003,0.175683410507688,0.605572919864823,366.492793536483,52.7980117797852,,5.09337603694404,5.14284509704028,80.9010063609294,53.9343625718801,517352559.0,,,7,3
Heavily indebted poor countries (HIPC),HPC,2004,0.184718896306953,0.916828945791846,409.634928756054,54.6296310424805,,5.35849934597592,4.98491886010578,77.8325355536467,54.633296186588,532385197.0,,,7,3
Heavily indebted poor countries (HIPC),HPC,2005,0.183977820546832,1.21089982971028,452.908080163883,53.8491287231445,,5.50752482344152,4.8451637912678,74.8993114010737,55.3705458777032,547744433.0,,,7,3
Heavily indebted poor countries (HIPC),HPC,2006,0.192717356441065,1.55453596172428,524.523829727767,52.7390594482422,,5.68173160504262,4.5758240788041,72.1785392943544,56.1291451021547,563415107.0,,,7,3
Heavily indebted poor countries (HIPC),HPC,2007,0.200496028144235,2.32795334154315,609.421104267917,54.0922317504883,,5.73694804231649,4.31534033276154,69.5676103633594,56.8885578323868,579434057.0,,,7,3
Heavily indebted poor countries (HIPC),HPC,2008,0.203015918741415,2.51240279235176,715.768818199487,53.5545501708984,,5.48042331507739,4.21517441313985,67.0483781287621,57.6298179232254,595849807.0,,,7,3
Heavily indebted poor countries (HIPC),HPC,2009,0.203269539955969,3.12691230521131,700.061662003195,54.3098297119141,,5.77298303095689,4.57331920880621,64.761297404152,58.3381248482459,612731524.0,,,7,3
Heavily indebted poor countries (HIPC),HPC,2010,0.221203409083111,4.72307740483261,752.206975799057,54.8255882263184,,5.65305980043659,4.73491396895346,62.8296822418639,59.0015934153104,630127436.0,,,7,3
Heavily indebted poor countries (HIPC),HPC,2011,0.23265995240672,5.32702020969892,817.377935501496,56.8992309570313,,5.51116959997894,4.58132608393768,60.2972605994378,59.6145896162271,648053253.0,,,7,3
Heavily indebted poor countries (HIPC),HPC,2012,0.24060112125875,6.59113492784372,853.887270801293,58.0054397583008,,5.41920641149307,4.35399044109114,58.1726565377523,60.1833247904443,666488623.0,,,7,3
Heavily indebted poor countries (HIPC),HPC,2013,0.254597359190511,8.04535758804377,928.452124231677,58.5027389526367,0.10246694831485,5.6169343941137,4.21265509680445,56.2562218227531,60.7132108809683,685401960.0,,,7,3
Heavily indebted poor countries (HIPC),HPC,2014,0.2653421500774,10.3648915368487,954.777284291809,59.4166793823242,,5.44559053258884,4.03863450263817,54.4522993692192,61.2047933454608,704745420.0,,,7,3
Heavily indebted poor countries (HIPC),HPC,2015,2.86129610832048,13.8805760202189,920.882602739689,59.9045600891113,,5.72058598888179,4.0600415466185,52.7189873192468,61.6599734531366,724482652.0,,,7,3
Heavily indebted poor countries (HIPC),HPC,2016,2.86129610832048,16.0246241413035,906.667025619979,60.7707290649414,,5.40355669345924,4.03433283221784,51.0964824343493,62.0817538874784,744602976.0,,,7,3
Heavily indebted poor countries (HIPC),HPC,2017,2.86129610832048,18.4647510681434,972.247915005028,,,5.533000995,3.87708945370815,49.5386581531089,62.4757233871766,765112280.0,,,7,3
Heavily indebted poor countries (HIPC),HPC,2018,2.86129610832048,20.80096366,4234.64075149378,,,5.533000995,3.89521662154928,21.7,,,,,7,3
High income,HIC,2000,11.48600787602411,29.6833624008443,25019.9834687986,,2.64888478582826,9.37519221944257,6.78268008624159,7.2,77.4632098551425,1115040509.0,,,7,3
High income,HIC,2001,11.48600787602411,35.6395639540275,24602.8878572596,,,9.86453963599562,6.83097249514974,7.0,77.760549914383,1122493147.0,,,7,3
High income,HIC,2002,11.48600787602411,43.7803999039338,25310.7503379998,,,10.2722150154315,7.38438810390031,6.8,77.8995919834866,1130156017.0,,,7,3
High income,HIC,2003,11.48600787602411,48.3689973170562,28204.3982797887,,,10.301360604158114,7.39441633427546,6.6,78.0272470049095,1137808171.0,,,7,3
High income,HIC,2004,11.48600787602411,53.5093030481517,28490.211716540907,,,10.301360604158114,7.17781735818256,6.5,78.4303605604422,1145830887.0,,,7,3
High income,HIC,2005,11.48600787602411,57.1504336946206,28490.211716540907,,,10.301360604158114,6.80420130385474,6.3,78.529196071023,1154016985.0,,,7,3
High income,HIC,2006,11.48600787602411,59.8799671050016,28490.211716540907,,,10.301360604158114,6.23124128328477,6.1,78.8310451035273,1162770622.0,,,7,3
High income,HIC,2007,11.48600787602411,65.2586017384068,28490.211716540907,,,10.301360604158114,5.67589447682605,6.0,79.0603413959286,1172015104.0,,,7,3
High income,HIC,2008,11.48600787602411,67.3789809706102,28490.211716540907,,,10.301360604158114,5.91106287568984,5.8,79.2050249783482,1181834745.0,,,7,3
High income,HIC,2009,10.9613272364708,68.7891963920369,28490.211716540907,,,10.301360604158114,7.97822787491706,5.7,79.477959269538,1190657857.0,,,7,3
High income,HIC,2010,11.2702981086943,71.1909331902448,28490.211716540907,,,10.301360604158114,8.2068419954419,5.5,79.6538434341943,1198652923.0,,,7,3
High income,HIC,2011,11.0295671516912,71.9373797727775,28490.211716540907,,,10.301360604158114,7.87162192524657,5.3,79.8897850039615,1204558069.0,,,7,3
High income,HIC,2012,10.8574397484501,74.6976108254286,28490.211716540907,,,10.301360604158114,7.90867930225057,5.2,80.0087200329025,1211908469.0,,,7,3
High income,HIC,2013,10.7743512644264,76.1605521443868,28490.211716540907,,3.00795642455041,10.301360604158114,7.81714988140428,5.1,80.1853405633203,1219339174.0,,,7,3
High income,HIC,2014,10.712692294652,77.929041115465,28490.211716540907,,,10.301360604158114,7.23522025768684,4.9,80.4379507656223,1226947377.0,,,7,3
High income,HIC,2015,2.86129610832048,79.147892804875,28490.211716540907,,,10.301360604158114,6.65215114317468,4.8,80.3276807130923,1234380005.0,,,7,3
High income,HIC,2016,2.86129610832048,80.9962933002711,28490.211716540907,,,10.301360604158114,6.2077543189163,4.7,80.485098844636,1241782962.0,,,7,3
High income,HIC,2017,2.86129610832048,82.1920882597838,28490.211716540907,,,5.533000995,5.68018233686925,4.6,80.5461483188999,1248439499.0,,,7,3
High income,HIC,2018,2.86129610832048,20.80096366,4234.64075149378,,,5.533000995,5.25625590668522,21.7,,,,,7,3
Honduras,HND,2000,0.771138223158008,1.203855999,1088.77986884543,,0.589,6.42432539,4.03599977493286,30.6,70.537,6524283.0,Latin America & Caribbean,Lower middle income,2,2
Honduras,HND,2001,0.8535983759897,1.415281931,1130.40504602268,80.0110321044922,,6.08194839,4.0,29.3,70.756,6693061.0,Latin America & Caribbean,Lower middle income,2,2
Honduras,HND,2002,0.887475982262973,2.597402597,1132.87200087771,,,6.4283447,4.01999998092651,28.1,70.957,6863157.0,Latin America & Caribbean,Lower middle income,2,2
Honduras,HND,2003,0.962390427621061,4.8,1157.30427040444,,,6.9459732,5.30000019073486,26.9,71.15,7033821.0,Latin America & Caribbean,Lower middle income,2,2
Honduras,HND,2004,1.02260501685625,5.6,1217.65796066105,,,7.00144884,5.98999977111816,25.8,71.341,7204153.0,Latin America & Caribbean,Lower middle income,2,2
Honduras,HND,2005,1.02449199354981,6.5,1311.74171442571,,0.39,7.67762195,4.90899991989136,24.7,71.532,7373430.0,Latin America & Caribbean,Lower middle income,2,2
Honduras,HND,2006,0.929221553646628,7.8,1437.62878537462,,,8.08195339,3.57500004768372,23.7,71.724,7541406.0,Latin America & Caribbean,Lower middle income,2,2
Honduras,HND,2007,1.13892447974642,9.4,1592.57218167076,83.5889892578125,,8.15526166,3.21099996566772,22.7,71.911,7707972.0,Latin America & Caribbean,Lower middle income,2,2
Honduras,HND,2008,1.10159173686956,9.6,1751.59585650768,,,8.53690296,3.15599989891052,21.8,72.093,7872658.0,Latin America & Caribbean,Lower middle income,2,2
Honduras,HND,2009,0.979841745279819,9.8,1815.48949644078,,,8.87039801,3.29200005531311,20.9,72.27,8035021.0,Latin America & Caribbean,Lower middle income,2,2
Honduras,HND,2010,0.973269196554196,11.09,1932.85828999689,84.7553634643555,,8.62843056,4.11899995803833,20.1,72.446,8194778.0,Latin America & Caribbean,Lower middle income,2,2
Honduras,HND,2011,1.07222735763207,15.9,2120.5894686048,85.1232986450195,,8.71037645,4.47499990463257,19.3,72.624,8351600.0,Latin America & Caribbean,Lower middle income,2,2
Honduras,HND,2012,1.05625722020409,18.12,2178.38855524013,85.3555526733398,,8.61853776,3.75399994850159,18.6,72.805,8505646.0,Latin America & Caribbean,Lower middle income,2,2
Honduras,HND,2013,1.04701421899481,17.8,2136.77171792075,85.4644165039063,,8.29206876,4.09600019454956,18.0,72.99,8657785.0,Latin America & Caribbean,Lower middle income,2,2
Honduras,HND,2014,1.07522179045218,19.08,2242.70745940423,87.1975326538086,,7.98815341,5.48799991607666,17.3,73.181,8809216.0,Latin America & Caribbean,Lower middle income,2,2
Honduras,HND,2015,2.86129610832048,27.61981381,2341.27532008595,87.9068298339844,,7.71396922,4.59200000762939,16.7,73.376,8960829.0,Latin America & Caribbean,Lower middle income,2,2
Honduras,HND,2016,2.86129610832048,30.0,2375.09632686503,88.9874801635742,,8.40196647,4.66800022125244,16.2,73.575,9112867.0,Latin America & Caribbean,Lower middle income,2,2
Honduras,HND,2017,2.86129610832048,32.13636364,2480.12592858547,,,5.533000995,4.0479998588562,15.6,73.774,9265067.0,Latin America & Caribbean,Lower middle income,2,2
Honduras,HND,2018,2.86129610832048,20.80096366,4234.64075149378,,,5.533000995,4.07600021362305,21.7,,,Latin America & Caribbean,Lower middle income,2,2
"Hong Kong SAR, China",HKG,2000,6.06746826706677,27.82776068,25756.6637783278,,,5.533000995,4.92000007629395,21.7,80.8780487804878,6665000.0,East Asia & Pacific,High income,0,0
"Hong Kong SAR, China",HKG,2001,5.65317561026466,38.67140323,25230.2163329516,,,5.533000995,5.09000015258789,21.7,81.4243902439025,6714300.0,East Asia & Pacific,High income,0,0
"Hong Kong SAR, China",HKG,2002,5.87722646461351,43.08238303,24665.8899982779,,,5.533000995,7.28000020980835,21.7,81.4268292682927,6744100.0,East Asia & Pacific,High income,0,0
"Hong Kong SAR, China",HKG,2003,6.44182088310454,52.20004335,23977.0194516698,,,5.533000995,7.8600001335144,21.7,81.3780487804878,6730800.0,East Asia & Pacific,High income,0,0
"Hong Kong SAR, China",HKG,2004,6.14851595783887,56.39988039,24928.1003722551,,,5.533000995,6.73999977111816,21.7,81.8292682926829,6783500.0,East Asia & Pacific,High income,0,0
"Hong Kong SAR, China",HKG,2005,6.43926319497446,56.9,26649.750801707,,,5.533000995,5.57999992370605,21.7,81.6292682926829,6813200.0,East Asia & Pacific,High income,0,0
"Hong Kong SAR, China",HKG,2006,6.13332502078138,60.8,28224.2150609389,,,5.533000995,4.76999998092651,21.7,82.3756097560976,6857100.0,East Asia & Pacific,High income,0,0
"Hong Kong SAR, China",HKG,2007,6.3215362260168,64.8,28490.211716540907,,,5.533000995,4.01000022888184,21.7,82.3268292682927,6916300.0,East Asia & Pacific,High income,0,0
"Hong Kong SAR, China",HKG,2008,6.32072364827963,66.7,28490.211716540907,,,5.533000995,3.55999994277954,21.7,82.3756097560976,6957800.0,East Asia & Pacific,High income,0,0
"Hong Kong SAR, China",HKG,2009,6.04470198485544,69.4,28490.211716540907,,,5.533000995,5.26000022888184,21.7,82.7756097560976,6972800.0,East Asia & Pacific,High income,0,0
"Hong Kong SAR, China",HKG,2010,5.79112653398252,72.0,28490.211716540907,,,5.533000995,4.30999994277954,21.7,82.9780487804878,7024200.0,East Asia & Pacific,High income,0,0
"Hong Kong SAR, China",HKG,2011,6.193079501103,72.2,28490.211716540907,,,5.533000995,3.42000007629395,21.7,83.4219512195122,7071600.0,East Asia & Pacific,High income,0,0
"Hong Kong SAR, China",HKG,2012,6.07328764632662,72.9,28490.211716540907,,,5.533000995,3.28999996185303,21.7,83.4804878048781,7150100.0,East Asia & Pacific,High income,0,0
"Hong Kong SAR, China",HKG,2013,6.26907896752984,74.2,28490.211716540907,,,5.533000995,3.40000009536743,21.7,83.8317073170732,7178900.0,East Asia & Pacific,High income,0,0
"Hong Kong SAR, China",HKG,2014,6.39360052562418,79.86627043,28490.211716540907,,,5.533000995,3.29999995231628,21.7,83.9804878048781,7229500.0,East Asia & Pacific,High income,0,0
"Hong Kong SAR, China",HKG,2015,2.86129610832048,84.94835296,28490.211716540907,,,5.533000995,3.3199999332428,21.7,84.2780487804878,7291300.0,East Asia & Pacific,High income,0,0
"Hong Kong SAR, China",HKG,2016,2.86129610832048,87.47784626,28490.211716540907,,,5.533000995,3.39000010490417,21.7,84.2268292682927,7336600.0,East Asia & Pacific,High income,0,0
"Hong Kong SAR, China",HKG,2017,2.86129610832048,89.41594465,28490.211716540907,,,5.533000995,3.08999991416931,21.7,84.6804878048781,7391700.0,East Asia & Pacific,High income,0,0
"Hong Kong SAR, China",HKG,2018,2.86129610832048,20.80096366,4234.64075149378,,,5.533000995,2.77800011634827,21.7,,,East Asia & Pacific,High income,0,0
Hungary,HUN,2000,5.46729669489807,6.999676351,4633.31292266249,,,6.76483142,6.56300020217896,8.7,71.2463414634146,10210971.0,Europe & Central Asia,High income,1,0
Hungary,HUN,2001,5.59287567523423,14.5285543,5283.03445943396,,,6.81709167,5.6710000038147,8.1,72.2487804878049,10187576.0,Europe & Central Asia,High income,1,0
Hungary,HUN,2002,5.51894147308371,16.67,6665.96124226996,,3.668,7.10966859,5.60799980163574,7.6,72.3487804878049,10158608.0,Europe & Central Asia,High income,1,0
Hungary,HUN,2003,5.82981043979043,21.63,8423.35098742884,,3.771,8.11707065,5.78999996185303,7.2,72.3,10129552.0,Europe & Central Asia,High income,1,0
Hungary,HUN,2004,5.6849107552221,27.74,10296.3397894844,,3.843,7.76209676,5.83199977874756,6.8,72.6487804878049,10107146.0,Europe & Central Asia,High income,1,0
Hungary,HUN,2005,5.75184892731434,38.97,11205.9713421841,,3.225,7.9969307,7.18800020217896,6.4,72.6487804878049,10087065.0,Europe & Central Asia,High income,1,0
Hungary,HUN,2006,5.69818703910193,47.06,11447.8168701583,,3.5,7.8064236,7.49399995803833,6.1,73.0975609756098,10071370.0,Europe & Central Asia,High income,1,0
Hungary,HUN,2007,5.57245952079302,53.3,13907.5033848474,,3.2,7.22123508,7.4060001373291,5.8,73.1512195121951,10055780.0,Europe & Central Asia,High income,1,0
Hungary,HUN,2008,5.46350118168737,61.0,15739.7354115842,,3.591,7.1030765,7.81699991226196,5.5,73.7024390243903,10038188.0,Europe & Central Asia,High income,1,0
Hungary,HUN,2009,4.84011144757125,62.0,13029.883375372,,3.507,7.2485007,10.0299997329712,5.3,73.9048780487805,10022650.0,Europe & Central Asia,High income,1,0
Hungary,HUN,2010,5.02231164868321,65.0,13092.2337567695,,2.864,7.51985236,11.1719999313354,5.1,74.2073170731707,10000023.0,Europe & Central Asia,High income,1,0
Hungary,HUN,2011,4.79790000267757,68.01998789,14118.1226290277,,2.953,7.54296157,11.0290002822876,4.9,74.8585365853659,9971727.0,Europe & Central Asia,High income,1,0
Hungary,HUN,2012,4.4941289440849,70.57999815,12888.3045908829,,3.077,7.46613865,11.0030002593994,4.8,75.0634146341463,9920362.0,Europe & Central Asia,High income,1,0
Hungary,HUN,2013,4.25965983098088,72.6439,13668.226050329,,3.199,7.25948343,10.1759996414185,4.7,75.5658536585366,9893082.0,Europe & Central Asia,High income,1,0
Hungary,HUN,2014,4.2655749757664,75.65319745,14197.8369994803,99.0999984741211,3.316,7.09271229,7.72499990463257,4.5,75.7634146341463,9866468.0,Europe & Central Asia,High income,1,0
Hungary,HUN,2015,2.86129610832048,72.8347,12503.6820684794,,3.093,7.12069992,6.81300020217896,4.3,75.5682926829269,9843028.0,Europe & Central Asia,High income,1,0
Hungary,HUN,2016,2.86129610832048,79.25940132,12839.5845439042,,,7.36479381,5.11499977111816,4.1,76.0634146341464,9814023.0,Europe & Central Asia,High income,1,0
Hungary,HUN,2017,2.86129610832048,76.75054712,14278.8744978024,,,5.533000995,4.1560001373291,3.8,76.0634146341464,9787966.0,Europe & Central Asia,High income,1,0
Hungary,HUN,2018,2.86129610832048,20.80096366,4234.64075149378,,,5.533000995,3.66300010681152,21.7,,,Europe & Central Asia,High income,1,0
IBRD only,IBD,2000,2.63696040769977,1.8691436890506,1456.83379320264,82.1662673950195,1.16749868333702,5.00430664222477,5.51660248670949,44.1458225833043,68.2439896146395,3985757329.0,,,7,3
IBRD only,IBD,2001,2.65901585568685,2.68805491101467,1461.51624345178,82.4765090942383,,5.07873379031362,5.66244526855388,42.4543711255825,68.5658274054439,4031572448.0,,,7,3
IBRD only,IBD,2002,2.73614432043678,4.49539316597011,1468.22631677058,82.9026565551758,,5.08935235832565,5.91885082828096,40.7520959766688,68.8748604186798,4076555862.0,,,7,3
IBRD only,IBD,2003,2.96131268632865,5.77240138934323,1635.45842362013,83.5673522949219,,5.13663850749437,6.0317945416825,39.0225401454844,69.1783771972839,4121252958.0,,,7,3
IBRD only,IBD,2004,3.16241175199598,7.386161172184,1924.98407491915,84.046028137207,,5.07675213191371,5.82833876565007,37.4021196247544,69.4946184715057,4165668752.0,,,7,3
IBRD only,IBD,2005,3.3410768684943,8.68712877740969,2277.34355321353,84.1421279907227,,5.08603160472662,5.7514670506086,35.6431463272177,69.7830924646461,4210025829.0,,,7,3
IBRD only,IBD,2006,3.52923999883043,10.5235223930589,2672.86603531845,84.1284332275391,,5.00448713258631,5.39478788728986,34.0358844179257,70.110813296347,4254032335.0,,,7,3
IBRD only,IBD,2007,3.66527793600348,13.7357683008362,3288.98719014476,85.1903762817383,,4.92504959205041,5.0945391022079,32.4025842973144,70.4215596183464,4297579191.0,,,7,3
IBRD only,IBD,2008,3.85806107668548,16.9458663007192,3908.23697936751,85.565071105957,,4.97409993800763,5.01200697937934,30.8561452724556,70.7108050019996,4341339906.0,,,7,3
IBRD only,IBD,2009,3.91315476994536,20.2859659210645,3755.00127477452,85.9625396728516,,5.34677192809749,5.35280079935076,29.3076554957345,71.0224368362253,4385655997.0,,,7,3
IBRD only,IBD,2010,4.12173559019689,24.815063757457,4515.99814137847,86.5842132568359,,5.34450873906692,5.1118521209088,27.8859325925059,71.3041513580026,4429761273.0,,,7,3
IBRD only,IBD,2011,4.40929642582329,28.3078636969478,5283.22505613496,86.9578170776367,,5.31520802008021,5.01416960513161,26.5278790546077,71.6000265471366,4474332436.0,,,7,3
IBRD only,IBD,2012,4.52270029608324,32.0890596500481,5561.26045570165,87.2824478149414,,5.36924574282546,5.01664356722698,25.224990652143,71.8594359218121,4519455787.0,,,7,3
IBRD only,IBD,2013,4.50092855211116,35.1522111411993,5820.81899001014,87.4916229248047,1.42961771002344,5.44987905478381,5.01748347735026,24.05325806293,72.1138723074553,4564826733.0,,,7,3
IBRD only,IBD,2014,4.50856097887144,38.7820493157721,5954.49499160955,87.8801422119141,,5.50446828929615,4.97100410800406,22.9811619368329,72.3411166132218,4610015057.0,,,7,3
IBRD only,IBD,2015,2.86129610832048,42.6468617501464,5566.55756250279,88.1951293945313,,5.51088558088709,5.09659949804744,21.9592216675137,72.5562215147218,4654722658.0,,,7,3
IBRD only,IBD,2016,2.86129610832048,45.958921298317,5545.25953080163,88.4757614135742,,5.54537821770577,5.19778886042542,21.1162059787341,72.769954189612,4699240160.0,,,7,3
IBRD only,IBD,2017,2.86129610832048,49.753106433536,6053.86692499582,,,5.533000995,5.12811742442776,20.2492778656966,72.9715157619357,4743251569.0,,,7,3
IBRD only,IBD,2018,2.86129610832048,20.80096366,4234.64075149378,,,5.533000995,5.1026095354194,21.7,,,,,7,3
IDA & IBRD total,IBT,2000,2.17848175361583,1.5627241602124,1234.38811990733,77.4623718261719,1.01555266410862,4.9021929334271,5.35752518914733,58.3901273166197,65.6553128907591,5072167851.0,,,7,3
IDA & IBRD total,IBT,2001,2.1925822758311,2.19377544397843,1232.95083851872,77.8080215454102,,4.98318958142781,5.47234822055341,56.5240390542666,65.9653947216763,5144343847.0,,,7,3
IDA & IBRD total,IBT,2002,2.24822928506277,3.67495149847807,1240.42053647534,78.2408599853516,,4.98568481113803,5.69691835675434,54.6106782424846,66.2747979779472,5216199892.0,,,7,3
IDA & IBRD total,IBT,2003,2.42287918244871,4.78787546764176,1377.65552388508,78.8758316040039,,5.06659590284371,5.77985523152498,52.6686808601378,66.590352507676,5288272172.0,,,7,3
IDA & IBRD total,IBT,2004,2.57623838745792,6.13147762773818,1615.37374667048,79.4770812988281,,5.01110634727376,5.58394733520052,50.8046695789914,66.9249649952679,5360555494.0,,,7,3
IDA & IBRD total,IBT,2005,2.70685251391638,7.24815587134074,1901.8452825944,79.4650726318359,,5.02487311583494,5.49230492969152,48.863111624135,67.245389542318,5433249045.0,,,7,3
IDA & IBRD total,IBT,2006,2.84717156036503,8.86609462114142,2230.74040949972,79.4822387695313,,4.95618599404884,5.14316933282327,47.0729744324426,67.60132179699,5506091615.0,,,7,3
IDA & IBRD total,IBT,2007,2.94927914987051,11.4500810775253,2725.3225414326,80.1372680664063,,4.88769264846876,4.85986821467125,45.2877549908535,67.9462534544603,5579027930.0,,,7,3
IDA & IBRD total,IBT,2008,3.08963396001374,14.0822424664887,3228.95676671489,80.5512008666992,,4.92818278975596,4.79187033620164,43.6130725900794,68.2734153222472,5652765781.0,,,7,3
IDA & IBRD total,IBT,2009,3.1160754104785,16.8119492960672,3095.19689486433,80.9607925415039,,5.27989217862517,5.13474878966792,41.923413918845,68.6137942552635,5727676279.0,,,7,3
IDA & IBRD total,IBT,2010,3.27126064425204,20.5457673879138,3697.49670003235,81.4866561889648,,5.27382864400116,4.92691802804783,40.4211355967149,68.9240183867699,5803309364.0,,,7,3
IDA & IBRD total,IBT,2011,3.48481755383119,23.3807862142736,4302.76090070081,81.5087585449219,,5.23902169702102,4.83943838107707,38.8634883979329,69.2373119365488,5880012818.0,,,7,3
IDA & IBRD total,IBT,2012,3.56011929406307,26.5615002141033,4519.52660293427,82.459831237793,,5.28972644146163,4.84237390175155,37.4327650139627,69.5160112960333,5957572051.0,,,7,3
IDA & IBRD total,IBT,2013,3.53543267601104,29.2411149760634,4727.78581445902,82.6278381347656,1.18582101492786,5.37073134255659,4.86491034723428,36.142315768691,69.7846453498543,6036054686.0,,,7,3
IDA & IBRD total,IBT,2014,3.52966095171553,32.6363327794959,4835.4915348572,83.0359268188477,,5.41960167062047,4.79422774906672,34.9392283823288,70.026571226374,6114992618.0,,,7,3
IDA & IBRD total,IBT,2015,2.86129610832048,36.2652594600567,4518.87888424093,83.3071823120117,,5.43118296290893,4.95040972593036,33.7839887562539,70.2534309627965,6194070829.0,,,7,3
IDA & IBRD total,IBT,2016,2.86129610832048,39.2140565509289,4476.54396039639,83.6038970947266,,5.45768141001702,5.04214961058703,32.7883055485225,70.4740792976966,6273592853.0,,,7,3
IDA & IBRD total,IBT,2017,2.86129610832048,42.4746401164358,4854.59206269486,,,5.533000995,4.95413325439244,31.7990346615526,70.6814509261882,6353188384.0,,,7,3
IDA & IBRD total,IBT,2018,2.86129610832048,20.80096366,4234.64075149378,,,5.533000995,4.9305499752222,21.7,,,,,7,3
IDA blend,IDB,2000,0.963794691505352,20.80096366,550.808353567964,66.0085296630859,0.648100901250351,3.17943533610785,4.64221083607234,91.04999999999998,55.2883116743184,361050467.0,,,7,3
IDA blend,IDB,2001,0.974056011391457,0.724107001316372,540.749379904008,66.4875793457031,,3.14366497842153,4.5252767536148,89.7137365587656,55.4967969697752,369246309.0,,,7,3
IDA blend,IDB,2002,0.998706122027004,1.42134921567821,584.829466098749,67.0111999511719,,2.92164534965878,4.46702788706284,87.5128928838047,55.7761561243175,377544104.0,,,7,3
IDA blend,IDB,2003,1.00369760016901,2.74140375309185,641.838706561995,67.4354019165039,,3.79515692608582,4.30344842944285,85.2376336514483,56.1103313378081,385980348.0,,,7,3
IDA blend,IDB,2004,1.02155438780323,3.5440784324205,768.668758048393,68.3931732177734,,3.57157024585381,4.05817799314329,82.9723796034096,56.505315854242,394625729.0,,,7,3
IDA blend,IDB,2005,0.999547492406517,4.51130765854105,902.6840900858,68.7701110839844,,3.60907804769949,3.83111244354659,80.6180268238454,56.9488478444814,403526930.0,,,7,3
IDA blend,IDB,2006,0.994749565834865,5.59325643621999,1140.72482642465,70.3290100097656,,3.75408077075757,3.54726129712443,78.3363501751177,57.43214469536,412705870.0,,,7,3
IDA blend,IDB,2007,1.00774611131032,6.36768621660016,1288.5961699826,69.1434097290039,,3.79560698817336,3.22995738000844,76.0870513351678,57.9392443111256,422204235.0,,,7,3
IDA blend,IDB,2008,0.988996369393452,7.12224823055612,1499.96393609702,69.009521484375,,3.70819296797504,3.20489721197921,73.8484470270107,58.45229231685,432032769.0,,,7,3
IDA blend,IDB,2009,0.890379577909769,8.11476102345135,1369.97207269705,69.7810134887695,,3.59519807627439,3.51435811703716,71.7425543796184,58.957410458655,442179341.0,,,7,3
IDA blend,IDB,2010,0.907667614250529,9.57249282286922,1559.86338064149,70.084716796875,,3.59523406468935,3.61741593549034,69.6181614854701,59.447070188262,452947421.0,,,7,3
IDA blend,IDB,2011,0.939870757407796,11.2440420222068,1758.64086556923,70.0935134887695,,3.38766671312947,3.58358621603951,67.6086654351891,59.9025803208409,463997812.0,,,7,3
IDA blend,IDB,2012,0.937521857929491,13.2052137297123,1891.82085220185,71.0204696655273,,3.50729577701138,3.85402683995066,65.6209698839811,60.3166464213152,474993526.0,,,7,3
IDA blend,IDB,2013,0.930803298041923,15.4474429805057,2009.94942627646,70.8738021850586,0.72831742876095,3.62007294499968,4.32890161330843,63.7161302428028,60.6995256620475,486261860.0,,,7,3
IDA blend,IDB,2014,0.880445467307095,17.8059874715184,2127.25626610617,71.574462890625,,3.63930961421967,4.12834853642728,61.8293246844611,61.0503717780548,497751634.0,,,7,3
IDA blend,IDB,2015,2.86129610832048,20.7102941159403,1968.9999109254,71.6079864501953,,3.76493566887599,5.03624063553417,59.9197888069985,61.3700717491241,509396383.0,,,7,3
IDA blend,IDB,2016,2.86129610832048,22.1084805165169,1782.69819895098,72.1003875732422,,3.83277962879958,5.28435201754997,58.1980042072528,61.6624482712323,521159047.0,,,7,3
IDA blend,IDB,2017,2.86129610832048,23.4764504063145,1734.02432318504,,,5.533000995,5.05384949264888,56.5464901948758,61.9371652557589,533022904.0,,,7,3
IDA blend,IDB,2018,2.86129610832048,20.80096366,4234.64075149378,,,5.533000995,5.03049978061973,21.7,,,,,7,3
IDA only,IDX,2000,0.256610246591887,0.141231808959864,352.193162786342,54.2724800109863,0.22209375122127,3.84066362192823,4.63025565166845,82.7435595027871,56.5901722997632,725360055.0,,,7,3
IDA only,IDX,2001,0.261527996871823,0.212667852989332,336.906846680128,55.0099983215332,,4.1207658467563,4.65736808234383,79.9470974928035,57.0626365227712,743525090.0,,,7,3
IDA only,IDX,2002,0.249832058708018,0.350615388597369,346.409273226973,55.661750793457,,4.30407880209217,4.814070018962,77.0771170639558,57.5671991546249,762099926.0,,,7,3
IDA only,IDX,2003,0.27541051825656,0.531666671915105,380.70819736649,56.4683113098145,,4.5053930259441,4.83173859974359,74.2332355090064,58.1120524530965,781038866.0,,,7,3
IDA only,IDX,2004,0.283473307820363,0.768117271476843,420.613675135569,57.8512382507324,,4.71118179172063,4.71855567303898,71.4333880908709,58.6857690872772,800261013.0,,,7,3
IDA only,IDX,2005,0.281287477903899,1.04694872909762,463.879057983171,57.1791915893555,,4.81187555620351,4.60780564417178,68.7342649808238,59.2791026990331,819696286.0,,,7,3
IDA only,IDX,2006,0.292215378064982,1.51027178707635,524.17619290692,56.6851615905762,,4.98029927557333,4.29807567907201,66.2326847188197,59.8815935284557,839353410.0,,,7,3
IDA only,IDX,2007,0.31335117737807,2.35332626638781,609.515866397734,56.2874717712402,,5.00649795270194,4.14971514626862,63.8232416959431,60.481788517417,859244504.0,,,7,3
IDA only,IDX,2008,0.318837215789555,2.73420144148544,722.705094182265,57.5935516357422,,4.93933200624537,4.16957103195976,61.6588992098307,61.0645313246956,879393106.0,,,7,3
IDA only,IDX,2009,0.315627497082823,3.40577478400928,729.233623236548,58.1898002624512,,5.11501153604996,4.55992404014332,59.3918418331081,61.6186072259287,899840941.0,,,7,3
IDA only,IDX,2010,0.332242202604524,4.89379205947111,807.88215568843,58.6543312072754,,4.93216249285173,4.43268146432805,57.5841174640016,62.1330487989925,920600670.0,,,7,3
IDA only,IDX,2011,0.335718672407633,5.59434028216438,891.718997354746,57.040470123291,,4.85120272149158,4.39716095993585,55.3420872150697,62.6096344105384,941682570.0,,,7,3
IDA only,IDX,2012,0.325675764984591,6.84592745005783,920.219407154087,62.007209777832,,4.79826319122672,4.30408883217456,53.467411899971,63.0555247115878,963122738.0,,,7,3
IDA only,IDX,2013,0.336241561204255,8.46537294788714,1000.68713551999,62.536678314209,0.26797042679779,4.93179453888379,4.26539049921385,51.7862587315734,63.4741421340845,984966093.0,,,7,3
IDA only,IDX,2014,0.348440392892661,11.6577304836649,1051.96252429075,63.2825393676758,,4.95479225222323,4.13441577412329,50.1971058649108,63.8680554891353,1007225927.0,,,7,3
IDA only,IDX,2015,2.86129610832048,14.938396931565,1049.54575747969,63.857250213623,,5.06620796752291,4.14189450496232,48.684039455664,64.2390403565993,1029951788.0,,,7,3
IDA only,IDX,2016,2.86129610832048,17.4065150405312,1047.76885307214,64.5130233764648,,4.6978197384171,4.12975502243152,47.2680136019008,64.5896660220776,1053193646.0,,,7,3
IDA only,IDX,2017,2.86129610832048,19.6459997339425,1125.76921400757,,,5.533000995,4.0297423389139,45.8978731045921,64.9221605295775,1076913911.0,,,7,3
IDA only,IDX,2018,2.86129610832048,20.80096366,4234.64075149378,,,5.533000995,4.03374319555066,21.7,,,,,7,3
IDA total,IDA,2000,0.494096652000844,0.167952021219464,420.409576929404,58.8206100463867,0.379504131796841,3.55019581549521,4.63381779816386,85.6817349040422,56.1575725727396,1086410522.0,,,7,3
IDA total,IDA,2001,0.500432102854384,0.383673578826587,406.768898159379,59.4525413513184,,3.68535558661111,4.61810724031436,83.0927535128749,56.543087193497,1112771399.0,,,7,3
IDA total,IDA,2002,0.50056877637503,0.708876538904545,427.908865895068,60.0478897094727,,3.67463602914199,4.71102455077565,80.4405110717444,56.9738257988915,1139644030.0,,,7,3
IDA total,IDA,2003,0.518765907222567,1.26788795967324,469.827552048303,60.6996002197266,,4.18162658062317,4.67462769750581,77.7879746368005,57.4500478644064,1167019214.0,,,7,3
IDA total,IDA,2004,0.529728927486645,1.69178768733931,538.922589760028,61.9118118286133,,4.16792883386691,4.52199012316825,75.1748490216128,57.965696834671,1194886742.0,,,7,3
IDA total,IDA,2005,0.520641049662306,2.203666374615,612.63382893651,61.6365013122559,,4.21941191309066,4.37735390873516,72.6068865282488,58.5104302228063,1223223216.0,,,7,3
IDA total,IDA,2006,0.526091632764849,2.91943819697095,732.572771966319,61.9236793518066,,4.34136311990779,4.07531839028399,70.2004258929822,59.0742548636574,1252059280.0,,,7,3
IDA total,IDA,2007,0.544347889210376,3.68911574656479,839.0565509043,61.2148208618164,,4.3838955059455,3.87625073756917,67.8687558789596,59.6441395431514,1281448739.0,,,7,3
IDA total,IDA,2008,0.541702835067618,4.23217602836899,985.114366154797,61.9603004455566,,4.28571438302411,3.88255187328566,65.7043442923545,60.2040159090072,1311425875.0,,,7,3
IDA total,IDA,2009,0.506682531920135,5.01351051890085,944.074733199893,62.6134300231934,,4.34950361469594,4.24780013966899,63.5132504926466,60.741829003024,1342020282.0,,,7,3
IDA total,IDA,2010,0.523641434131707,6.4653122091575,1060.81020492666,63.0050086975098,,4.24411867495901,4.18858200758654,61.6180368505456,61.2473614036301,1373548091.0,,,7,3
IDA total,IDA,2011,0.536908204164322,7.47629497952491,1183.07006693256,61.9899482727051,,4.0873783114391,4.15288733307572,59.467643663772,61.7161215107845,1405680382.0,,,7,3
IDA total,IDA,2012,0.529591478196583,8.96578152906655,1247.76381117447,65.4116668701172,,4.11278442236017,4.16847451829315,57.5637543851256,62.1509562307794,1438116264.0,,,7,3
IDA total,IDA,2013,0.534503758162866,10.7768894384044,1340.73935192381,65.6730422973633,0.425345441718156,4.24172962251269,4.28458287296367,55.8113737048227,62.557143511055,1471227953.0,,,7,3
IDA total,IDA,2014,0.525891423579314,13.6944318580307,1414.65656689393,66.3885726928711,,4.26075197936929,4.13258203696516,54.1215764473158,62.9361951614773,1504977561.0,,,7,3
IDA total,IDA,2015,2.86129610832048,16.851241943263,1358.55201820363,66.7475891113281,,4.40565369854466,4.41350037203449,52.4706980665903,63.2897018196369,1539348171.0,,,7,3
IDA total,IDA,2016,2.86129610832048,18.965143207205,1293.03479638021,67.3294525146484,,4.27346890662582,4.48021282168109,50.9445047230151,63.6207191186284,1574352693.0,,,7,3
IDA total,IDA,2017,2.86129610832048,20.9158024500653,1326.45017724877,,,5.533000995,4.33900297079391,49.4707012170352,63.9339311870001,1609936815.0,,,7,3
IDA total,IDA,2018,2.86129610832048,20.80096366,4234.64075149378,,,5.533000995,4.33429444857113,21.7,,,,,7,3
Iceland,ISL,2000,7.69378211624971,44.47053382,28490.211716540907,,3.442,9.02782972,1.93599998950958,3.2,79.6536585365854,281205.0,Europe & Central Asia,High income,1,0
Iceland,ISL,2001,7.37342789365823,49.39299537,28490.211716540907,,3.485,8.89182454,1.87399995326996,3.0,80.690243902439,284968.0,Europe & Central Asia,High income,1,0
Iceland,ISL,2002,7.55022728616493,79.12,28490.211716540907,,3.587,9.57931841,2.98799991607666,2.9,80.5024390243903,287523.0,Europe & Central Asia,High income,1,0
Iceland,ISL,2003,7.48545701348089,83.14,28490.211716540907,,3.613,10.06373666,3.99699997901917,2.7,80.9634146341464,289521.0,Europe & Central Asia,High income,1,0
Iceland,ISL,2004,7.68368290227819,83.88,28490.211716540907,,3.603,9.54160493,4.0310001373291,2.6,80.9975609756098,292074.0,Europe & Central Asia,High income,1,0
Iceland,ISL,2005,7.51358455721286,87.0,28490.211716540907,,3.606,9.21346739,2.54699993133545,2.5,81.5024390243902,296734.0,Europe & Central Asia,High income,1,0
Iceland,ISL,2006,7.56861499364676,89.51,28490.211716540907,,3.633,8.91648864,2.82999992370605,2.4,81.1585365853659,303782.0,Europe & Central Asia,High income,1,0
Iceland,ISL,2007,7.414833454228,90.6,28490.211716540907,,3.69,8.71102806,2.25099992752075,2.3,81.4536585365854,311566.0,Europe & Central Asia,High income,1,0
Iceland,ISL,2008,6.67748114449898,91.0,28490.211716540907,,3.735,8.70697575,2.94600009918213,2.2,81.609756097561,317414.0,Europe & Central Asia,High income,1,0
Iceland,ISL,2009,6.44749277077793,93.0,28490.211716540907,,3.713,9.01871531,7.21999979019165,2.1,81.7512195121951,318499.0,Europe & Central Asia,High income,1,0
Iceland,ISL,2010,6.16852858593703,93.39,28490.211716540907,,3.591,8.77146909,7.56400012969971,2.0,81.8975609756098,318041.0,Europe & Central Asia,High income,1,0
Iceland,ISL,2011,5.89682897929244,94.8196868,28490.211716540907,,3.483,8.48982271,7.02799987792969,2.0,82.3585365853659,319014.0,Europe & Central Asia,High income,1,0
Iceland,ISL,2012,5.61399181830654,96.20979955,28490.211716540907,,3.531,8.44292014,6.0,1.9,82.9170731707317,320716.0,Europe & Central Asia,High income,1,0
Iceland,ISL,2013,5.8669462942143,96.5468,28490.211716540907,,3.59,8.47796569,5.37599992752075,1.8,82.0609756097561,323764.0,Europe & Central Asia,High income,1,0
Iceland,ISL,2014,6.05965740746397,98.16,28490.211716540907,,3.645,8.49658835,4.89699983596802,1.8,82.8609756097561,327386.0,Europe & Central Asia,High income,1,0
Iceland,ISL,2015,2.86129610832048,98.2,28490.211716540907,,3.791,8.34576615,3.97900009155273,1.7,82.4682926829268,330815.0,Europe & Central Asia,High income,1,0
Iceland,ISL,2016,2.86129610832048,98.2400163,28490.211716540907,,,8.29151473,2.9779999256134,1.7,82.2048780487805,335439.0,Europe & Central Asia,High income,1,0
Iceland,ISL,2017,2.86129610832048,98.26,28490.211716540907,,,5.533000995,2.74200010299683,1.6,82.2048780487805,343400.0,Europe & Central Asia,High income,1,0
Iceland,ISL,2018,2.86129610832048,20.80096366,4234.64075149378,,,5.533000995,2.91799998283386,21.7,,,Europe & Central Asia,High income,1,0
India,IND,2000,0.979870442389399,0.52753245,444.798008467111,,0.527,4.03493293,2.73099994659424,66.7,62.582,1053050912.0,South Asia,Lower middle income,5,2
India,IND,2001,0.97169808049836,0.660146377,453.057451342508,61.0145606994629,0.538,4.26278075,2.86800003051758,64.4,62.977,1071477855.0,South Asia,Lower middle income,5,2
India,IND,2002,0.96738112771648,1.537875582,472.503762843625,,0.557,4.24016746,3.05200004577637,62.2,63.368,1089807112.0,South Asia,Lower middle income,5,2
India,IND,2003,0.992391683101452,1.686489971,548.451287640455,,0.564,4.00848052,3.18199992179871,60.0,63.759,1108027848.0,South Asia,Lower middle income,5,2
India,IND,2004,1.025027608194,1.976136492,629.718499543615,,0.573,3.95739183,3.09800004959106,57.8,64.154,1126135777.0,South Asia,Lower middle income,5,2
India,IND,2005,1.06856321794464,2.388075,717.042463155999,,0.577,3.79116251,3.10199999809265,55.7,64.556,1144118674.0,South Asia,Lower middle income,5,2
India,IND,2006,1.12198150419096,2.805499865,809.18926154943,62.7544708251953,0.587,3.634778,2.73699998855591,53.7,64.966,1161977719.0,South Asia,Lower middle income,5,2
India,IND,2007,1.19320985997303,3.95,1031.41033919203,,0.6,3.51754201,2.3989999294281,51.6,65.383,1179681239.0,South Asia,Lower middle income,5,2
India,IND,2008,1.31009783272163,4.38,1001.46063318994,,0.615,3.51468067,2.26799988746643,49.5,65.802,1197146906.0,South Asia,Lower middle income,5,2
India,IND,2009,1.43184425374633,5.12,1105.09734533533,,0.624,3.48537865,2.47499990463257,47.4,66.219,1214270132.0,South Asia,Lower middle income,5,2
India,IND,2010,1.39700890564172,7.5,1361.2035712211,,0.663,3.27211934,2.44400000572205,45.3,66.625,1230980691.0,South Asia,Lower middle income,5,2
India,IND,2011,1.47668634979755,10.07,1461.67195733892,69.3025588989258,0.739,3.24634215,2.51900005340576,43.2,67.013,1247236029.0,South Asia,Lower middle income,5,2
India,IND,2012,1.59809863737809,12.58006091,1446.98540954319,,0.699,3.32935296,2.69000005722046,41.1,67.377,1263065852.0,South Asia,Lower middle income,5,2
India,IND,2013,1.59143785328546,15.1,1452.19537323178,,,3.74944184,2.82299995422363,39.1,67.714,1278562207.0,South Asia,Lower middle income,5,2
India,IND,2014,1.73000043156161,21.0,1576.00401817673,,0.725,3.61956552,2.76500010490417,37.2,68.021,1293859294.0,South Asia,Lower middle income,5,2
India,IND,2015,2.86129610832048,26.0,1606.9526894622,,,3.59770551,2.78200006484985,35.3,68.302,1309053980.0,South Asia,Lower middle income,5,2
India,IND,2016,2.86129610832048,29.54716289,1729.70972994146,,0.758,3.65833057,2.73000001907349,33.6,68.56,1324171354.0,South Asia,Lower middle income,5,2
India,IND,2017,2.86129610832048,34.45,1979.3643005306,,,5.533000995,2.55699992179871,32.0,68.803,1339180127.0,South Asia,Lower middle income,5,2
India,IND,2018,2.86129610832048,20.80096366,4234.64075149378,,,5.533000995,2.55100011825562,21.7,,,South Asia,Lower middle income,5,2
Indonesia,IDN,2000,1.24524161289282,0.925563864,780.092074398741,,0.162,1.91569786,6.0770001411438,40.9,66.285,211540429.0,East Asia & Pacific,Lower middle income,0,2
Indonesia,IDN,2001,1.37481834466724,2.018613859,747.981745489974,,,2.18395544,6.08199977874756,39.3,66.467,214506502.0,East Asia & Pacific,Lower middle income,0,2
Indonesia,IDN,2002,1.41023379736012,2.134135733,899.555685728332,,,2.05559904,6.60400009155273,37.7,66.643,217508059.0,East Asia & Pacific,Lower middle income,0,2
Indonesia,IDN,2003,1.43640446443785,2.38701978,1064.50944713681,,0.134,2.30133741,6.65700006484985,36.2,66.82,220545214.0,East Asia & Pacific,Lower middle income,0,2
Indonesia,IDN,2004,1.50989820886019,2.600285876,1148.56909618409,90.3847885131836,,2.17213139,7.30299997329712,36.0,67.002,223614649.0,East Asia & Pacific,Lower middle income,0,2
Indonesia,IDN,2005,1.508480595686,3.602024763,1260.92883370077,,,2.58409037,7.94500017166138,33.5,67.191,226712730.0,East Asia & Pacific,Lower middle income,0,2
Indonesia,IDN,2006,1.50157677007933,4.764813134,1586.20503959934,91.9822692871094,0.13,2.67202176,7.55100011825562,32.2,67.386,229838202.0,East Asia & Pacific,Lower middle income,0,2
Indonesia,IDN,2007,1.61185539544094,5.786274729,1855.09391519178,,0.288,2.87617069,8.0600004196167,30.9,67.581,232989141.0,East Asia & Pacific,Lower middle income,0,2
Indonesia,IDN,2008,1.7638951391433,7.917479385,2160.52760507385,92.1922988891602,,2.61300083,7.20900011062622,29.8,67.775,236159276.0,East Asia & Pacific,Lower middle income,0,2
Indonesia,IDN,2009,1.86516540256931,6.92,2254.44559199218,92.5817031860352,0.145,2.68494347,6.10599994659424,28.6,67.964,239340478.0,East Asia & Pacific,Lower middle income,0,2
Indonesia,IDN,2010,1.76790787941536,10.92,3113.48063451434,,0.14,2.96089979,5.61399984359741,27.5,68.15,242524123.0,East Asia & Pacific,Lower middle income,0,2
Indonesia,IDN,2011,2.45684474415599,12.28,3634.27680451778,92.8119125366211,,2.95542027,5.15299987792969,26.4,68.331,245707511.0,East Asia & Pacific,Lower middle income,0,2
Indonesia,IDN,2012,2.559750232591,14.52,3687.95399645786,,0.201,2.90286671,4.46799993515015,25.4,68.509,248883232.0,East Asia & Pacific,Lower middle income,0,2
Indonesia,IDN,2013,1.94509447387694,14.94,3620.66398109523,,,2.96065055,4.33599996566772,24.5,68.684,252032263.0,East Asia & Pacific,Lower middle income,0,2
Indonesia,IDN,2014,1.81936331905513,17.14,3491.59588685069,95.1162185668945,,3.11712106,4.04899978637695,23.7,68.856,255131116.0,East Asia & Pacific,Lower middle income,0,2
Indonesia,IDN,2015,2.86129610832048,21.97606771,3334.54907484848,95.2179336547852,,3.0053613,4.51399993896484,22.9,69.025,258162113.0,East Asia & Pacific,Lower middle income,0,2
Indonesia,IDN,2016,2.86129610832048,25.45,3568.83264764588,95.3769683837891,,3.12449094,4.30100011825562,22.2,69.191,261115456.0,East Asia & Pacific,Lower middle income,0,2
Indonesia,IDN,2017,2.86129610832048,32.2924419,3846.41570922305,,,5.533000995,4.18499994277954,21.4,69.355,263991379.0,East Asia & Pacific,Lower middle income,0,2
Indonesia,IDN,2018,2.86129610832048,20.80096366,4234.64075149378,,,5.533000995,4.30000019073486,21.7,,,East Asia & Pacific,Lower middle income,0,2
"Iran, Islamic Rep.",IRN,2000,5.62871214830904,0.93419002,1657.16974761109,,,4.73503821,11.6800003051758,28.2,70.144,66131854.0,Middle East & North Africa,Upper middle income,3,4
"Iran, Islamic Rep.",IRN,2001,5.93828881823699,1.484221332,1890.9915259549,,,5.10817007,12.1169996261597,26.8,70.526,67096414.0,Middle East & North Africa,Upper middle income,3,4
"Iran, Islamic Rep.",IRN,2002,5.90968678645191,4.626175115,1892.03614332689,77.0,,4.75592755,12.8000001907349,25.4,70.899,67983330.0,Middle East & North Africa,Upper middle income,3,4
"Iran, Islamic Rep.",IRN,2003,6.0808197316679,6.933721953,2231.34279555916,,,5.13223491,11.5389995574951,24.2,71.249,68812713.0,Middle East & North Africa,Upper middle income,3,4
"Iran, Islamic Rep.",IRN,2004,6.42136251007296,7.49,2729.83841563124,,0.877,5.18574653,10.3000001907349,22.9,71.582,69617100.0,Middle East & North Africa,Upper middle income,3,4
"Iran, Islamic Rep.",IRN,2005,6.6571365936613,8.1,3215.65343287667,82.4412002563477,0.882,5.30572176,12.1000003814697,21.8,71.912,70421811.0,Middle East & North Africa,Upper middle income,3,4
"Iran, Islamic Rep.",IRN,2006,7.15083708794927,8.76,3738.68928376282,82.3313217163086,,5.19862579,11.1999998092651,20.7,72.259,71227880.0,Middle East & North Africa,Upper middle income,3,4
"Iran, Islamic Rep.",IRN,2007,7.2097217086902,9.47,4857.36837125152,,,5.03977892,10.6000003814697,19.6,72.635,72031103.0,Middle East & North Africa,Upper middle income,3,4
"Iran, Islamic Rep.",IRN,2008,7.43467454741431,12.02,5574.41043617844,82.9623031616211,,5.28168428,10.4799995422363,18.6,73.044,72845542.0,Middle East & North Africa,Upper middle income,3,4
"Iran, Islamic Rep.",IRN,2009,7.52200253869157,13.8,5619.11762112186,,,6.55954573,11.9700002670288,17.6,73.481,73687565.0,Middle East & North Africa,Upper middle income,3,4
"Iran, Islamic Rep.",IRN,2010,7.68472866152124,15.9,6531.9274296787,,0.89,6.75473106,13.5200004577637,16.8,73.932,74567511.0,Middle East & North Africa,Upper middle income,3,4
"Iran, Islamic Rep.",IRN,2011,7.80293462388959,19.0,7729.34335288422,,,6.60725075,12.4499998092651,16.1,74.375,75491582.0,Middle East & North Africa,Upper middle income,3,4
"Iran, Islamic Rep.",IRN,2012,8.0016962450964,22.73,7832.90263547524,83.6259918212891,,6.63648596,12.6300001144409,15.4,74.787,76453574.0,Middle East & North Africa,Upper middle income,3,4
"Iran, Islamic Rep.",IRN,2013,8.00380876267108,29.95,6036.19208799041,84.6268005371094,,5.99379882,10.4399995803833,14.9,75.153,77435384.0,Middle East & North Africa,Upper middle income,3,4
"Iran, Islamic Rep.",IRN,2014,8.28302078741615,39.35,5540.98413566175,84.7052383422852,1.491,6.91351093,10.5699996948242,14.3,75.466,78411092.0,Middle East & North Africa,Upper middle income,3,4
"Iran, Islamic Rep.",IRN,2015,2.86129610832048,45.33497588,4862.29972856127,,,7.76057939,11.0600004196167,13.8,75.73,79360487.0,Middle East & North Africa,Upper middle income,3,4
"Iran, Islamic Rep.",IRN,2016,2.86129610832048,53.22677263,5219.1094080464,85.5442504882813,,8.10277065,12.4300003051758,13.3,75.953,80277428.0,Middle East & North Africa,Upper middle income,3,4
"Iran, Islamic Rep.",IRN,2017,2.86129610832048,60.41635615,5593.85378338148,,,5.533000995,12.1000003814697,12.8,76.153,81162788.0,Middle East & North Africa,Upper middle income,3,4
"Iran, Islamic Rep.",IRN,2018,2.86129610832048,20.80096366,4234.64075149378,,,5.533000995,11.9949998855591,21.7,,,Middle East & North Africa,Upper middle income,3,4
Iraq,IRQ,2000,3.07421949277952,20.80096366,4234.64075149378,74.0522003173828,,5.533000995,9.32999992370605,35.9,69.169,23565413.0,Middle East & North Africa,Upper middle income,3,4
Iraq,IRQ,2001,3.51902219102709,0.1,4234.64075149378,,0.543,5.533000995,9.39299964904785,35.3,69.081,24251649.0,Middle East & North Africa,Upper middle income,3,4
Iraq,IRQ,2002,3.49889273150781,0.5,4234.64075149378,,,5.533000995,9.55900001525879,34.8,68.932,24939299.0,Middle East & North Africa,Upper middle income,3,4
Iraq,IRQ,2003,3.5554450498068,0.6,4234.64075149378,,,2.99196045,9.68000030517578,34.2,68.742,25627626.0,Middle East & North Africa,Upper middle income,3,4
Iraq,IRQ,2004,4.3350584036112,0.9,1391.81692299578,,0.658,3.84302659,9.71599960327148,33.7,68.537,26316609.0,Middle East & North Africa,Upper middle income,3,4
Iraq,IRQ,2005,4.20324331377178,0.9,1849.60391076699,,0.66,2.89739932,9.42000007629395,33.2,68.35,27008426.0,Middle East & North Africa,Upper middle income,3,4
Iraq,IRQ,2006,3.56599605775338,0.952344244,2351.8124285881,,,2.42247886,9.06400012969971,32.6,68.217,27697912.0,Middle East & North Africa,Upper middle income,3,4
Iraq,IRQ,2007,2.1893167321541,0.93,3129.22492225095,,0.528,3.10637723,8.64900016784668,32.0,68.156,28390433.0,Middle East & North Africa,Upper middle income,3,4
Iraq,IRQ,2008,3.1997457904574,1.0,4521.03247019802,,,3.03573874,8.1899995803833,31.4,68.177,29111417.0,Middle East & North Africa,Upper middle income,3,4
Iraq,IRQ,2009,3.49715293558192,1.06,3735.14483603071,,,3.76825902,8.8129997253418,30.8,68.283,29894652.0,Middle East & North Africa,Upper middle income,3,4
Iraq,IRQ,2010,3.64712877455071,2.5,4502.74904825726,,0.639,3.23055627,8.58300018310547,30.2,68.465,30762701.0,Middle East & North Africa,Upper middle income,3,4
Iraq,IRQ,2011,4.23564549156204,5.0,5854.61449711212,,,2.79131816,8.19400024414063,29.5,68.702,31727053.0,Middle East & North Africa,Upper middle income,3,4
Iraq,IRQ,2012,4.65952390199695,7.1,6651.12241981136,,,2.69037065,7.96500015258789,28.9,68.963,32776571.0,Middle East & North Africa,Upper middle income,3,4
Iraq,IRQ,2013,4.88462266415942,9.2,6925.22404568487,43.6832809448242,,2.81274916,8.02099990844727,28.1,69.219,33883145.0,Middle East & North Africa,Upper middle income,3,4
Iraq,IRQ,2014,4.81183968613452,13.21,6703.07473722928,,0.854,2.78990095,7.92500019073486,27.4,69.458,35006080.0,Middle East & North Africa,Upper middle income,3,4
Iraq,IRQ,2015,2.86129610832048,17.22,4914.72761054144,,,3.10581652,8.07900047302246,26.7,69.672,36115649.0,Middle East & North Africa,Upper middle income,3,4
Iraq,IRQ,2016,2.86129610832048,21.23,4584.61743095832,,,3.31216318,8.0930004119873,26.0,69.862,37202572.0,Middle East & North Africa,Upper middle income,3,4
Iraq,IRQ,2017,2.86129610832048,49.35999889,5017.96806465347,,,5.533000995,7.89099979400635,25.3,70.038,38274618.0,Middle East & North Africa,Upper middle income,3,4
Iraq,IRQ,2018,2.86129610832048,20.80096366,4234.64075149378,,,5.533000995,7.92799997329712,21.7,,,Middle East & North Africa,Upper middle income,3,4
Ireland,IRL,2000,10.8347426425178,17.85046724,26241.5144887017,,2.2,5.90524706,4.31799983978271,6.0,76.5365853658537,3805174.0,Europe & Central Asia,High income,1,0
Ireland,IRL,2001,11.3882311587761,23.13881219,28227.2770501623,,2.4,6.39943767,3.68300008773804,5.8,77.1341463414634,3866243.0,Europe & Central Asia,High income,1,0
Ireland,IRL,2002,11.0412508103492,25.85,28490.211716540907,,2.4,6.67474754,4.21500015258789,5.4,77.6341463414634,3931947.0,Europe & Central Asia,High income,1,0
Ireland,IRL,2003,10.6811767034378,34.31,28490.211716540907,,2.6,7.00858862,4.47800016403198,5.0,78.1390243902439,3996521.0,Europe & Central Asia,High income,1,0
Ireland,IRL,2004,10.7516366268314,36.99,28490.211716540907,,2.786,7.22512888,4.49100017547607,4.7,78.5390243902439,4070262.0,Europe & Central Asia,High income,1,0
Ireland,IRL,2005,10.4661517040977,41.61,28490.211716540907,,,7.64774422,4.34200000762939,4.4,78.9439024390244,4159914.0,Europe & Central Asia,High income,1,0
Ireland,IRL,2006,10.0993731033222,54.82,28490.211716540907,,2.94,7.51325411,4.41499996185303,4.0,79.2414634146342,4273591.0,Europe & Central Asia,High income,1,0
Ireland,IRL,2007,10.1475288830814,61.15832455,28490.211716540907,,3.08,7.80249758,4.98000001907349,3.9,79.6414634146341,4398942.0,Europe & Central Asia,High income,1,0
Ireland,IRL,2008,9.57764129274599,65.34,28490.211716540907,,3.187,9.10264893,6.77400016784668,3.7,80.0951219512195,4489544.0,Europe & Central Asia,High income,1,0
Ireland,IRL,2009,8.88901094176336,67.38,28490.211716540907,,,10.301360604158114,12.6090002059937,3.6,80.190243902439,4535375.0,Europe & Central Asia,High income,1,0
Ireland,IRL,2010,8.78361393417548,69.85,28490.211716540907,,,10.301360604158114,14.5329999923706,3.5,80.7439024390244,4560155.0,Europe & Central Asia,High income,1,0
Ireland,IRL,2011,7.77982216046693,74.88997297,28490.211716540907,,2.625,10.301360604158114,15.3529996871948,3.4,80.7463414634146,4580084.0,Europe & Central Asia,High income,1,0
Ireland,IRL,2012,7.73815559101326,76.91999254,28490.211716540907,,2.667,10.301360604158114,15.4530000686646,3.4,80.8463414634146,4599533.0,Europe & Central Asia,High income,1,0
Ireland,IRL,2013,7.53811029677652,78.2477,28490.211716540907,,2.647,10.30037336,13.7449998855591,3.3,80.9487804878049,4623816.0,Europe & Central Asia,High income,1,0
Ireland,IRL,2014,7.31393980771791,83.49172234,28490.211716540907,,2.777,9.68642084,11.8559999465942,3.2,81.3487804878049,4657740.0,Europe & Central Asia,High income,1,0
Ireland,IRL,2015,2.86129610832048,83.49479167,28490.211716540907,,2.868,7.44604196,9.9040002822876,3.1,81.4536585365854,4701957.0,Europe & Central Asia,High income,1,0
Ireland,IRL,2016,2.86129610832048,84.51538863,28490.211716540907,,2.961,7.37830423,8.36600017547607,3.0,81.7048780487805,4755335.0,Europe & Central Asia,High income,1,0
Ireland,IRL,2017,2.86129610832048,84.51538863,28490.211716540907,,,5.533000995,6.71000003814697,3.0,81.9560975609756,4811321.0,Europe & Central Asia,High income,1,0
Ireland,IRL,2018,2.86129610832048,20.80096366,4234.64075149378,,,5.533000995,5.69099998474121,21.7,,,Europe & Central Asia,High income,1,0
Isle of Man,IMN,2000,2.86129610832048,20.80096366,21551.7793590399,,,5.533000995,6.34000015258789,21.7,,72554.0,Europe & Central Asia,High income,1,0
Isle of Man,IMN,2001,2.86129610832048,20.80096366,22669.8270590823,,,5.533000995,6.34000015258789,21.7,,73192.0,Europe & Central Asia,High income,1,0
Isle of Man,IMN,2002,2.86129610832048,20.80096366,26362.637942701,,,5.533000995,6.34000015258789,21.7,77.9658536585366,73870.0,Europe & Central Asia,High income,1,0
Isle of Man,IMN,2003,2.86129610832048,20.80096366,28490.211716540907,,,5.533000995,6.34000015258789,21.7,,74587.0,Europe & Central Asia,High income,1,0
Isle of Man,IMN,2004,2.86129610832048,20.80096366,28490.211716540907,,,5.533000995,6.34000015258789,21.7,,75341.0,Europe & Central Asia,High income,1,0
Isle of Man,IMN,2005,2.86129610832048,20.80096366,28490.211716540907,,,5.533000995,6.34000015258789,21.7,,76118.0,Europe & Central Asia,High income,1,0
Isle of Man,IMN,2006,2.86129610832048,20.80096366,28490.211716540907,,,5.533000995,6.34000015258789,21.7,,76914.0,Europe & Central Asia,High income,1,0
Isle of Man,IMN,2007,2.86129610832048,20.80096366,28490.211716540907,,,5.533000995,6.34000015258789,21.7,,77727.0,Europe & Central Asia,High income,1,0
Isle of Man,IMN,2008,2.86129610832048,20.80096366,28490.211716540907,,,5.533000995,6.34000015258789,21.7,,78534.0,Europe & Central Asia,High income,1,0
Isle of Man,IMN,2009,2.86129610832048,20.80096366,28490.211716540907,,,5.533000995,6.34000015258789,21.7,,79325.0,Europe & Central Asia,High income,1,0
Isle of Man,IMN,2010,2.86129610832048,20.80096366,28490.211716540907,,1.449,5.533000995,6.34000015258789,21.7,,80072.0,Europe & Central Asia,High income,1,0
Isle of Man,IMN,2011,2.86129610832048,20.80096366,28490.211716540907,,,5.533000995,6.34000015258789,21.7,,80759.0,Europe & Central Asia,High income,1,0
Isle of Man,IMN,2012,2.86129610832048,20.80096366,28490.211716540907,,,5.533000995,6.34000015258789,21.7,,81406.0,Europe & Central Asia,High income,1,0
Isle of Man,IMN,2013,2.86129610832048,20.80096366,28490.211716540907,,,5.533000995,6.34000015258789,21.7,,82013.0,Europe & Central Asia,High income,1,0
Isle of Man,IMN,2014,2.86129610832048,20.80096366,28490.211716540907,,,5.533000995,6.34000015258789,21.7,,82590.0,Europe & Central Asia,High income,1,0
Isle of Man,IMN,2015,2.86129610832048,20.80096366,28490.211716540907,,,5.533000995,6.34000015258789,21.7,,83167.0,Europe & Central Asia,High income,1,0
Isle of Man,IMN,2016,2.86129610832048,20.80096366,28490.211716540907,,,5.533000995,6.34000015258789,21.7,,83737.0,Europe & Central Asia,High income,1,0
Isle of Man,IMN,2017,2.86129610832048,20.80096366,4234.64075149378,,,5.533000995,6.34000015258789,21.7,,84287.0,Europe & Central Asia,High income,1,0
Israel,ISR,2000,9.58177945619335,20.87379,21042.9816003225,,3.766,6.80225894,11.1020002365112,5.6,78.9536585365854,6289000.0,Middle East & North Africa,High income,3,0
Israel,ISR,2001,9.8768102189781,17.37862386,20299.1377342362,,3.91,7.22923757,11.8120002746582,5.4,79.4073170731707,6439000.0,Middle East & North Africa,High income,3,0
Israel,ISR,2002,9.10387168949772,17.76459906,18427.607024383,,,7.15098418,12.8879995346069,5.2,79.4512195121951,6570000.0,Middle East & North Africa,High income,3,0
Israel,ISR,2003,9.40087746834686,19.59339366,18964.2236436521,,3.82,7.09503684,13.5050001144409,4.9,79.6487804878049,6689700.0,Middle East & North Africa,High income,3,0
Israel,ISR,2004,8.66799309737113,22.77048553,19892.0595093941,,,7.02788159,13.0290002822876,4.7,80.1463414634146,6809000.0,Middle East & North Africa,High income,3,0
Israel,ISR,2005,8.21808877216779,25.19404242,20557.124078202,,,7.12706989,11.3420000076294,4.5,80.1512195121951,6930100.0,Middle East & North Africa,High income,3,0
Israel,ISR,2006,8.85648836780697,27.88107446,21827.8231724236,,3.67,6.93495988,10.7069997787476,4.3,80.5536585365854,7053700.0,Middle East & North Africa,High income,3,0
Israel,ISR,2007,8.78433448002117,48.12806219,24889.1683615454,,3.633,6.91947713,9.37899971008301,4.1,80.5048780487805,7180100.0,Middle East & North Africa,High income,3,0
Israel,ISR,2008,9.3400930385289,59.39,28490.211716540907,,,7.00019841,7.7039999961853,3.9,80.9512195121951,7308800.0,Middle East & North Africa,High income,3,0
Israel,ISR,2009,8.61247288126536,63.12,27709.1175378506,,,7.09067004,9.53400039672852,3.8,81.4048780487805,7485600.0,Middle East & North Africa,High income,3,0
Israel,ISR,2010,9.03522325410567,67.5,28490.211716540907,,3.414,7.05110443,8.47999954223633,3.7,81.6024390243903,7623600.0,Middle East & North Africa,High income,3,0
Israel,ISR,2011,8.90188827937881,68.87387799,28490.211716540907,,3.345,7.00285028,7.13899993896484,3.5,81.6560975609756,7765800.0,Middle East & North Africa,High income,3,0
Israel,ISR,2012,9.54796776436382,70.8,28490.211716540907,,3.344,7.14195084,6.85699987411499,3.4,81.7048780487805,7910500.0,Middle East & North Africa,High income,3,0
Israel,ISR,2013,8.32178547056269,70.25031195,28490.211716540907,,3.539,7.10998784,6.20800018310547,3.3,82.0560975609756,8059500.0,Middle East & North Africa,High income,3,0
Israel,ISR,2014,7.86318134790706,75.01775316,28490.211716540907,,3.619,7.21097172,5.8899998664856,3.2,82.1536585365854,8215700.0,Middle East & North Africa,High income,3,0
Israel,ISR,2015,2.86129610832048,77.35208966,28490.211716540907,,3.576,7.37530683,5.25099992752075,3.0,82.0512195121951,8380100.0,Middle East & North Africa,High income,3,0
Israel,ISR,2016,2.86129610832048,79.65312418,28490.211716540907,,,7.31441124,4.7979998588562,2.9,82.4073170731707,8546000.0,Middle East & North Africa,High income,3,0
Israel,ISR,2017,2.86129610832048,81.58118359,28490.211716540907,,,5.533000995,4.21500015258789,2.9,82.6024390243903,8713300.0,Middle East & North Africa,High income,3,0
Israel,ISR,2018,2.86129610832048,20.80096366,4234.64075149378,,,5.533000995,3.95000004768372,21.7,,,Middle East & North Africa,High income,3,0
Italy,ITA,2000,7.912673166227,23.11087424,20051.2421548342,,4.2,7.58037235,10.8420000076294,4.7,79.7780487804878,56942108.0,Europe & Central Asia,High income,1,0
Italy,ITA,2001,7.90443266326278,27.22211698,20400.8111115225,98.416618347168,4.4,7.76886299,9.59500026702881,4.5,80.1268292682927,56974100.0,Europe & Central Asia,High income,1,0
Italy,ITA,2002,7.93232304235508,28.04,22196.5067547222,,4.4,7.89303446,9.20699977874756,4.3,80.2292682926829,57059007.0,Europe & Central Asia,High income,1,0
Italy,ITA,2003,8.17175128041614,29.04,27387.2263150177,,4.1,7.85541424,8.86600017547607,4.1,79.9829268292683,57313203.0,Europe & Central Asia,High income,1,0
Italy,ITA,2004,8.21648720132938,33.24,28490.211716540907,,4.203,8.18779716,7.86600017547607,3.9,80.7804878048781,57685327.0,Europe & Central Asia,High income,1,0
Italy,ITA,2005,8.16609012769546,35.0,28490.211716540907,,,8.3612048,7.73099994659424,3.8,80.7829268292683,57969484.0,Europe & Central Asia,High income,1,0
Italy,ITA,2006,8.07214559567724,37.99,28490.211716540907,,3.7,8.45968681,6.77699995040894,3.7,81.2829268292683,58143979.0,Europe & Central Asia,High income,1,0
Italy,ITA,2007,7.91734721623538,40.79,28490.211716540907,,,8.16283649,6.07499980926514,3.6,81.4341463414634,58438310.0,Europe & Central Asia,High income,1,0
Italy,ITA,2008,7.60176496973799,44.53,28490.211716540907,,4.242,8.56183142,6.72300004959106,3.5,81.4853658536586,58826731.0,Europe & Central Asia,High income,1,0
Italy,ITA,2009,6.79565148637292,48.83,28490.211716540907,,3.802,8.97653684,7.74900007247925,3.4,81.6365853658537,59095365.0,Europe & Central Asia,High income,1,0
Italy,ITA,2010,6.83837457020099,53.68,28490.211716540907,,,8.95361182,8.36299991607666,3.4,82.0365853658537,59277417.0,Europe & Central Asia,High income,1,0
Italy,ITA,2011,6.70255761383033,54.3899983,28490.211716540907,98.8482818603516,,8.83464291,8.35900020599365,3.3,82.1878048780488,59379449.0,Europe & Central Asia,High income,1,0
Italy,ITA,2012,6.20541385845015,55.82999799,28490.211716540907,,3.861,8.95606116,10.6549997329712,3.2,82.2390243902439,59539717.0,Europe & Central Asia,High income,1,0
Italy,ITA,2013,5.73294187855659,58.4593,28490.211716540907,,3.93,8.95226727,12.1490001678467,3.1,82.690243902439,60233948.0,Europe & Central Asia,High income,1,0
Italy,ITA,2014,5.27086678640296,55.63846022,28490.211716540907,,3.945,9.01144092,12.6829996109009,3.0,83.090243902439,60789140.0,Europe & Central Asia,High income,1,0
Italy,ITA,2015,2.86129610832048,58.14173496,28490.211716540907,,3.898,8.98541669,11.8959999084473,3.0,82.5439024390244,60730582.0,Europe & Central Asia,High income,1,0
Italy,ITA,2016,2.86129610832048,61.30114276,28490.211716540907,,4.021,8.93549301,11.6879997253418,2.9,83.2439024390244,60627498.0,Europe & Central Asia,High income,1,0
Italy,ITA,2017,2.86129610832048,61.30114276,28490.211716540907,,,5.533000995,11.2110004425049,2.9,83.2439024390244,60536709.0,Europe & Central Asia,High income,1,0
Italy,ITA,2018,2.86129610832048,20.80096366,4234.64075149378,,,5.533000995,10.2049999237061,21.7,,,Europe & Central Asia,High income,1,0
Jamaica,JAM,2000,3.87973829296494,3.115778027,3381.93932092142,,,6.01361013,15.5389995574951,19.0,72.327,2656864.0,Latin America & Caribbean,Upper middle income,2,4
Jamaica,JAM,2001,3.96560380215098,3.863020387,3428.45677251814,,,5.48854011,14.9300003051758,18.5,72.487,2677011.0,Latin America & Caribbean,Upper middle income,2,4
Jamaica,JAM,2002,3.79971663316572,6.1,3596.49933884839,,,5.05326904,14.1909999847412,18.1,72.683,2695446.0,Latin America & Caribbean,Upper middle income,2,4
Jamaica,JAM,2003,3.93263031928718,7.8,3465.22008912904,,0.85,4.77566331,11.7399997711182,17.8,72.911,2712511.0,Latin America & Caribbean,Upper middle income,2,4
Jamaica,JAM,2004,3.91053208085527,10.0,3719.97350994545,,,5.49121624,11.4399995803833,17.5,73.167,2728777.0,Latin America & Caribbean,Upper middle income,2,4
Jamaica,JAM,2005,3.8250899105285,12.8,4082.24076237861,,,4.63451226,11.2629995346069,17.3,73.446,2744673.0,Latin America & Caribbean,Upper middle income,2,4
Jamaica,JAM,2006,4.16481268741312,16.4,4311.85108022066,,,4.66568687,10.3249998092651,17.1,73.739,2760279.0,Latin America & Caribbean,Upper middle income,2,4
Jamaica,JAM,2007,3.47744865999127,21.1,4621.85641740202,,,5.12474128,9.74499988555908,16.9,74.038,2775467.0,Latin America & Caribbean,Upper middle income,2,4
Jamaica,JAM,2008,3.65895398122376,23.6,4903.1844439052,,0.406,5.20289722,10.3299999237061,16.6,74.334,2790122.0,Latin America & Caribbean,Upper middle income,2,4
Jamaica,JAM,2009,2.76063146512834,24.3,4303.53979575895,,,4.95641373,11.3620004653931,16.3,74.619,2804082.0,Latin America & Caribbean,Upper middle income,2,4
Jamaica,JAM,2010,2.5902683860983,27.67,4685.58831981582,,,4.99921419,12.3660001754761,16.0,74.883,2817210.0,Latin America & Caribbean,Upper middle income,2,4
Jamaica,JAM,2011,2.77731063480277,37.43861341,5093.97254752972,,,4.9163889,12.6999998092651,15.6,75.122,2829493.0,Latin America & Caribbean,Upper middle income,2,4
Jamaica,JAM,2012,2.62666878329823,33.79,5208.99608876625,,0.364,4.99695358,13.9300003051758,15.2,75.334,2840992.0,Latin America & Caribbean,Upper middle income,2,4
Jamaica,JAM,2013,2.83787402162909,37.1,4976.84878096438,,0.482,5.24255989,15.2510004043579,14.8,75.523,2851807.0,Latin America & Caribbean,Upper middle income,2,4
Jamaica,JAM,2014,2.59321537046218,40.4027351,4839.89210430559,88.0999984741211,0.392,5.23264313,13.7399997711182,14.3,75.689,2862087.0,Latin America & Caribbean,Upper middle income,2,4
Jamaica,JAM,2015,2.86129610832048,42.22122119,4925.41585894975,,0.429,5.65847448,13.5109996795654,13.9,75.836,2871934.0,Latin America & Caribbean,Upper middle income,2,4
Jamaica,JAM,2016,2.86129610832048,44.36685637,4883.86027010431,,0.472,6.0723917,13.1920003890991,13.5,75.97,2881355.0,Latin America & Caribbean,Upper middle income,2,4
Jamaica,JAM,2017,2.86129610832048,48.78096953,5114.04108078483,,,5.533000995,11.6590003967285,13.1,76.097,2890299.0,Latin America & Caribbean,Upper middle income,2,4
Jamaica,JAM,2018,2.86129610832048,20.80096366,4234.64075149378,,,5.533000995,9.44499969482422,21.7,,,Latin America & Caribbean,Upper middle income,2,4
Japan,JPN,2000,9.62235162366075,29.99074036,28490.211716540907,,2.035,7.15091301,4.69999980926514,3.3,81.0760975609756,126843000.0,East Asia & Pacific,High income,0,0
Japan,JPN,2001,9.46430870868037,38.53206086,28490.211716540907,,,7.35919809,5.0,3.1,81.4170731707317,127149000.0,East Asia & Pacific,High income,0,0
Japan,JPN,2002,9.57313013456785,46.59420112,28490.211716540907,,2.081,7.47336461,5.40000009536743,3.0,81.5634146341463,127445000.0,East Asia & Pacific,High income,0,0
Japan,JPN,2003,9.72528205891104,48.43526589,28490.211716540907,,,7.61100288,5.30000019073486,2.9,81.76,127718000.0,East Asia & Pacific,High income,0,0
Japan,JPN,2004,9.90920349715484,62.39392963,28490.211716540907,,2.133,7.65719447,4.69999980926514,2.8,82.030243902439,127761000.0,East Asia & Pacific,High income,0,0
Japan,JPN,2005,9.6988825182159,66.9210661,28490.211716540907,,,7.78066856,4.40000009536743,2.8,81.9251219512195,127773000.0,East Asia & Pacific,High income,0,0
Japan,JPN,2006,9.63204861795485,68.68527032,28490.211716540907,,2.186,7.80784261,4.09999990463257,2.7,82.3219512195122,127854000.0,East Asia & Pacific,High income,0,0
Japan,JPN,2007,9.78296389871954,74.3,28490.211716540907,,,7.89046068,3.90000009536743,2.6,82.5070731707317,128001000.0,East Asia & Pacific,High income,0,0
Japan,JPN,2008,9.44953397156087,75.4,28490.211716540907,,2.252,8.19951431,4.0,2.5,82.5875609756098,128063000.0,East Asia & Pacific,High income,0,0
Japan,JPN,2009,8.62081638773263,78.0,28490.211716540907,,,9.05829702,5.09999990463257,2.4,82.9314634146342,128047000.0,East Asia & Pacific,High income,0,0
Japan,JPN,2010,9.14831603810416,78.21,28490.211716540907,,2.227,9.15677291,5.09999990463257,2.4,82.8426829268293,128070000.0,East Asia & Pacific,High income,0,0
Japan,JPN,2011,9.31742666604085,79.05411352,28490.211716540907,,,10.301360604158114,4.52099990844727,2.4,82.5912195121951,127833000.0,East Asia & Pacific,High income,0,0
Japan,JPN,2012,9.63862828980874,79.4964,28490.211716540907,,2.297,10.301360604158114,4.30000019073486,2.2,83.0960975609756,127629000.0,East Asia & Pacific,High income,0,0
Japan,JPN,2013,9.7808150653223,88.21942891,28490.211716540907,,,10.301360604158114,4.0,2.1,83.3319512195122,127445000.0,East Asia & Pacific,High income,0,0
Japan,JPN,2014,9.53870610327163,89.10683302,28490.211716540907,,2.367,10.301360604158114,3.59999990463257,2.1,83.5878048780488,127276000.0,East Asia & Pacific,High income,0,0
Japan,JPN,2015,2.86129610832048,91.05802839,28490.211716540907,,,10.301360604158114,3.40000009536743,2.1,83.7939024390244,127141000.0,East Asia & Pacific,High income,0,0
Japan,JPN,2016,2.86129610832048,93.18272128,28490.211716540907,,,10.301360604158114,3.09999990463257,1.9,83.9848780487805,126994511.0,East Asia & Pacific,High income,0,0
Japan,JPN,2017,2.86129610832048,90.87304215,28490.211716540907,,,5.533000995,2.79999995231628,1.9,84.099756097561,126785797.0,East Asia & Pacific,High income,0,0
Japan,JPN,2018,2.86129610832048,20.80096366,4234.64075149378,,,5.533000995,2.4449999332428,21.7,,,East Asia & Pacific,High income,0,0
Jordan,JOR,2000,3.03886889026931,2.623275422,1657.88925631214,,2.008,9.63493916,13.6999998092651,23.3,71.73,5103130.0,Middle East & North Africa,Upper middle income,3,4
Jordan,JOR,2001,3.08132154881831,4.705719581,1728.26050900954,,2.191,9.88527424,14.6999998092651,22.8,71.907,5193482.0,Middle East & North Africa,Upper middle income,3,4
Jordan,JOR,2002,3.19367817004975,6.025532412,1812.28837444928,,2.372,9.65557845,15.3000001907349,22.2,72.083,5287488.0,Middle East & North Africa,Upper middle income,3,4
Jordan,JOR,2003,3.23704272218922,8.466005016,1889.21396186775,89.8923187255859,2.454,9.11606031,14.5,21.7,72.256,5396774.0,Middle East & North Africa,Upper middle income,3,4
Jordan,JOR,2004,3.47582310483336,11.65874137,2061.45688205636,,2.204,9.02237054,14.6949996948242,21.1,72.427,5535595.0,Middle East & North Africa,Upper middle income,3,4
Jordan,JOR,2005,3.68553936036594,12.93285205,2203.0837873545,91.1307525634766,2.421,8.8627451,14.8000001907349,20.6,72.594,5714111.0,Middle East & North Africa,Upper middle income,3,4
Jordan,JOR,2006,3.55933505801593,13.86710879,2537.30048980654,,2.482,8.05620609,14.0,20.0,72.76,5934232.0,Middle East & North Africa,Upper middle income,3,4
Jordan,JOR,2007,3.55794016364101,20.0,2762.80635412481,92.199577331543,2.653,8.3010469,13.1000003814697,19.5,72.924,6193191.0,Middle East & North Africa,Upper middle income,3,4
Jordan,JOR,2008,3.28965478560121,23.0,3385.60966483112,,2.425,8.75392804,12.6999998092651,19.0,73.087,6489822.0,Middle East & North Africa,Upper middle income,3,4
Jordan,JOR,2009,3.20944402646136,26.0,3492.13090643818,,2.342,9.50212867,12.8999996185303,18.5,73.25,6821116.0,Middle East & North Africa,Upper middle income,3,4
Jordan,JOR,2010,2.94896155736461,27.2,3679.19027463278,92.5510406494141,2.487,8.38929752,12.5,18.0,73.412,7182390.0,Middle East & North Africa,Upper middle income,3,4
Jordan,JOR,2011,2.86052357093644,34.9,3807.32414491854,95.9044494628906,,8.34106559,12.8999996185303,17.5,73.571,7574943.0,Middle East & North Africa,Upper middle income,3,4
Jordan,JOR,2012,3.05836706152074,37.0,3870.75321121669,97.8903198242188,,7.99453676,12.1999998092651,17.0,73.729,7992573.0,Middle East & North Africa,Upper middle income,3,4
Jordan,JOR,2013,2.8988318010275,41.4,3992.86710705268,,2.591,7.34948851,12.6000003814697,16.5,73.883,8413464.0,Middle East & North Africa,Upper middle income,3,4
Jordan,JOR,2014,3.00251472703979,46.2,4066.94077543088,,2.65,7.41439635,11.8999996185303,16.0,74.034,8809306.0,Middle East & North Africa,Upper middle income,3,4
Jordan,JOR,2015,2.86129610832048,60.11438269,4096.09927499826,,3.426,6.2844915,13.0749998092651,15.5,74.182,9159302.0,Middle East & North Africa,Upper middle income,3,4
Jordan,JOR,2016,2.86129610832048,62.30219257,4087.9375167203,,,5.46821058,15.2749996185303,15.1,74.329,9455802.0,Middle East & North Africa,Upper middle income,3,4
Jordan,JOR,2017,2.86129610832048,66.79031443,4129.75166443689,,,5.533000995,14.878999710083,14.6,74.476,9702353.0,Middle East & North Africa,Upper middle income,3,4
Jordan,JOR,2018,2.86129610832048,20.80096366,4234.64075149378,,,5.533000995,15.0249996185303,21.7,,,Middle East & North Africa,Upper middle income,3,4
Kazakhstan,KAZ,2000,7.93485418136683,0.668594403,1229.00095844501,,3.292,4.16032948,12.75,37.1,65.5170731707317,14883626.0,Europe & Central Asia,Upper middle income,1,4
Kazakhstan,KAZ,2001,8.8738510741614,1.006124211,1490.92708987166,,3.302,3.4709653,10.4300003051758,35.2,65.7682926829268,14858335.0,Europe & Central Asia,Upper middle income,1,4
Kazakhstan,KAZ,2002,9.00033367099743,1.674770995,1658.03078544636,,3.612,3.61480666,9.32999992370605,33.2,65.9682926829268,14858948.0,Europe & Central Asia,Upper middle income,1,4
Kazakhstan,KAZ,2003,9.53851735909099,2.000414753,2068.12411808473,,3.539,3.7212817,8.77999973297119,31.4,65.8658536585366,14909018.0,Europe & Central Asia,Upper middle income,1,4
Kazakhstan,KAZ,2004,11.48600787602411,2.650394657,2874.28829127649,,3.6,3.97663486,8.39999961853027,29.6,65.8878048780488,15012985.0,Europe & Central Asia,Upper middle income,1,4
Kazakhstan,KAZ,2005,11.48600787602411,2.961707492,3771.27895733845,,3.7,3.89684271,8.13000011444092,27.7,65.909756097561,15147029.0,Europe & Central Asia,Upper middle income,1,4
Kazakhstan,KAZ,2006,11.48600787602411,3.268369051,5291.57565018652,,3.88,3.3915585,7.78999996185303,25.9,66.1609756097561,15308084.0,Europe & Central Asia,Upper middle income,1,4
Kazakhstan,KAZ,2007,11.48600787602411,4.02,6771.41479681885,,3.877,2.69876988,7.26000022888184,24.0,66.5048780487805,15484192.0,Europe & Central Asia,Upper middle income,1,4
Kazakhstan,KAZ,2008,11.48600787602411,11.0,8513.56464506814,,3.7,3.03844651,6.63000011444092,22.1,67.0219512195122,15674000.0,Europe & Central Asia,Upper middle income,1,4
Kazakhstan,KAZ,2009,11.48600787602411,18.2,7165.22317483703,99.7324066162109,3.687,3.48817643,6.55000019073486,20.1,68.4292682926829,16092822.0,Europe & Central Asia,Upper middle income,1,4
Kazakhstan,KAZ,2010,11.48600787602411,31.6,9070.48825285747,99.7816314697266,3.506,2.72702036,5.76999998092651,18.2,68.2953658536585,16321872.0,Europe & Central Asia,Upper middle income,1,4
Kazakhstan,KAZ,2011,11.48600787602411,50.6,11634.0019047654,,3.548,2.69158566,5.3899998664856,16.4,68.98,16557201.0,Europe & Central Asia,Upper middle income,1,4
Kazakhstan,KAZ,2012,11.48600787602411,61.90662747,12386.7000029472,,3.489,3.08870056,5.28999996185303,14.6,69.61,16792089.0,Europe & Central Asia,Upper middle income,1,4
Kazakhstan,KAZ,2013,11.48600787602411,63.30422443,13890.6317716835,,3.501,2.70294889,5.19999980926514,13.1,70.45,17035550.0,Europe & Central Asia,Upper middle income,1,4
Kazakhstan,KAZ,2014,11.48600787602411,66.0,12807.2606866152,,3.274,2.74584606,5.05999994277954,11.8,71.62,17288285.0,Europe & Central Asia,Upper middle income,1,4
Kazakhstan,KAZ,2015,2.86129610832048,70.8299336,10510.7718884148,,,3.08749265,4.92999982833862,10.7,72.0,17542806.0,Europe & Central Asia,Upper middle income,1,4
Kazakhstan,KAZ,2016,2.86129610832048,74.58772647,7714.84184376024,,,3.52614962,4.96000003814697,9.7,72.3,17794055.0,Europe & Central Asia,Upper middle income,1,4
Kazakhstan,KAZ,2017,2.86129610832048,76.42674823,9030.31880602652,,,5.533000995,4.90000009536743,8.9,72.95,18037776.0,Europe & Central Asia,Upper middle income,1,4
Kazakhstan,KAZ,2018,2.86129610832048,20.80096366,4234.64075149378,,,5.533000995,4.88500022888184,21.7,,,Europe & Central Asia,Upper middle income,1,4
Kenya,KEN,2000,0.331249189400366,0.318059714,403.979713221115,82.2290802001953,,4.72945488,9.9040002822876,64.0,51.751,31450483.0,Sub-Saharan Africa,Lower middle income,6,2
Kenya,KEN,2001,0.289874857842224,0.619782266,401.77636117917,,,4.81983622,9.90100002288818,61.7,52.004,32321482.0,Sub-Saharan Africa,Lower middle income,6,2
Kenya,KEN,2002,0.239910544975164,1.207773885,395.849351119404,,0.138,5.02284555,10.0920000076294,59.1,52.565,33214009.0,Sub-Saharan Africa,Lower middle income,6,2
Kenya,KEN,2003,0.197903468685751,2.941902861,436.687535659748,,,5.16911124,10.0989999771118,56.4,53.413,34130852.0,Sub-Saharan Africa,Lower middle income,6,2
Kenya,KEN,2004,0.217354468922548,3.023528042,458.884355149169,,,5.34493777,9.9689998626709,53.5,54.513,35074931.0,Sub-Saharan Africa,Lower middle income,6,2
Kenya,KEN,2005,0.237527091439127,3.101897702,519.799934598691,,,5.31436767,9.78400039672852,50.4,55.819,36048288.0,Sub-Saharan Africa,Lower middle income,6,2
Kenya,KEN,2006,0.258407753417152,3.6,697.006638520849,,,5.8734461,9.44200038909912,47.7,57.271,37052050.0,Sub-Saharan Africa,Lower middle income,6,2
Kenya,KEN,2007,0.258132922598749,4.4,839.108111670398,72.1570281982422,,5.9970698,9.0649995803833,45.5,58.784,38085909.0,Sub-Saharan Africa,Lower middle income,6,2
Kenya,KEN,2008,0.261618017955056,5.2,916.899251500998,,0.173,6.04985664,8.92599964141846,43.1,60.275,39148416.0,Sub-Saharan Africa,Lower middle income,6,2
Kenya,KEN,2009,0.306941207942779,6.1,920.081625174945,,0.176,6.02780759,9.60000038146973,41.4,61.68,40237204.0,Sub-Saharan Africa,Lower middle income,6,2
Kenya,KEN,2010,0.294423101516048,7.2,967.350454885973,,0.177,6.11675065,9.73099994659424,39.9,62.936,41350152.0,Sub-Saharan Africa,Lower middle income,6,2
Kenya,KEN,2011,0.316754324792202,8.8,987.445396712381,,0.182,5.81170413,9.67800045013428,38.9,64.008,42486839.0,Sub-Saharan Africa,Lower middle income,6,2
Kenya,KEN,2012,0.286745420820472,10.5,1155.02058271256,,0.19,5.61369749,9.66199970245361,38.3,64.907,43646629.0,Sub-Saharan Africa,Lower middle income,6,2
Kenya,KEN,2013,0.297438082252893,13.0,1229.10106949388,,0.199,5.51936088,9.78999996185303,37.4,65.651,44826849.0,Sub-Saharan Africa,Lower middle income,6,2
Kenya,KEN,2014,0.310415313666165,16.5,1335.1231484276,78.733039855957,0.204,5.30316541,9.58800029754639,36.3,66.242,46024250.0,Sub-Saharan Africa,Lower middle income,6,2
Kenya,KEN,2015,2.86129610832048,16.6,1355.05547100771,,,4.89013852,9.67500019073486,35.1,66.695,47236259.0,Sub-Saharan Africa,Lower middle income,6,2
Kenya,KEN,2016,2.86129610832048,16.6,1462.50374328664,,,4.54957525,9.62899971008301,34.3,67.032,48461567.0,Sub-Saharan Africa,Lower middle income,6,2
Kenya,KEN,2017,2.86129610832048,17.82710021,1594.83492628749,,,5.533000995,9.29199981689453,33.6,67.291,49699862.0,Sub-Saharan Africa,Lower middle income,6,2
Kenya,KEN,2018,2.86129610832048,20.80096366,4234.64075149378,,,5.533000995,9.3129997253418,21.7,,,Sub-Saharan Africa,Lower middle income,6,2
Kiribati,KIR,2000,0.34755823045755,1.785225474,796.793763441361,,,8.645,6.34000015258789,53.7,64.001,84406.0,East Asia & Pacific,Lower middle income,0,2
Kiribati,KIR,2001,0.298970392974446,2.337458948,734.949246079786,,,10.301360604158114,6.34000015258789,52.5,64.231,85858.0,East Asia & Pacific,Lower middle income,0,2
Kiribati,KIR,2002,0.461822927996519,2.5,826.585504011134,,,10.301360604158114,6.34000015258789,51.5,64.43,87343.0,East Asia & Pacific,Lower middle income,0,2
Kiribati,KIR,2003,0.453760053996288,3.0,1015.03860509648,,,10.301360604158114,6.34000015258789,50.8,64.599,88895.0,East Asia & Pacific,Lower middle income,0,2
Kiribati,KIR,2004,0.486006494223675,3.5,1130.60280610635,,,10.301360604158114,6.34000015258789,50.5,64.74,90542.0,East Asia & Pacific,Lower middle income,0,2
Kiribati,KIR,2005,0.675212564310858,4.0,1214.55666670492,,,10.301360604158114,6.34000015258789,50.4,64.859,92325.0,East Asia & Pacific,Lower middle income,0,2
Kiribati,KIR,2006,0.739157649055803,4.5,1169.4774003717,,,10.301360604158114,6.34000015258789,50.5,64.961,94260.0,East Asia & Pacific,Lower middle income,0,2
Kiribati,KIR,2007,0.533043992898008,6.0,1377.53468399644,,,10.301360604158114,6.34000015258789,50.6,65.054,96311.0,East Asia & Pacific,Lower middle income,0,2
Kiribati,KIR,2008,0.558766761479074,7.0,1432.77743092529,,0.254,10.301360604158114,6.34000015258789,50.5,65.146,98440.0,East Asia & Pacific,Lower middle income,0,2
Kiribati,KIR,2009,0.401091798584043,8.97,1316.72161396393,,0.327,10.301360604158114,6.34000015258789,50.2,65.244,100568.0,East Asia & Pacific,Lower middle income,0,2
Kiribati,KIR,2010,0.607284806920469,9.07,1520.87533850854,,0.376,9.20623529,6.34000015258789,49.6,65.354,102652.0,East Asia & Pacific,Lower middle income,0,2
Kiribati,KIR,2011,0.595656245222443,10.0,1736.21199528597,,,8.58340909,6.34000015258789,48.8,65.481,104656.0,East Asia & Pacific,Lower middle income,0,2
Kiribati,KIR,2012,0.584722313413936,10.74679768,1784.42893079338,,,8.59842391,6.34000015258789,47.9,65.623,106613.0,East Asia & Pacific,Lower middle income,0,2
Kiribati,KIR,2013,0.574367715483485,11.5,1705.56890962812,,0.203,9.46005208,6.34000015258789,46.9,65.78,108535.0,East Asia & Pacific,Lower middle income,0,2
Kiribati,KIR,2014,0.564368357203643,12.25,1626.89387190322,,,9.98787879,6.34000015258789,45.9,65.949,110458.0,East Asia & Pacific,Lower middle income,0,2
Kiribati,KIR,2015,2.86129610832048,12.99748389,1522.30619477729,,,7.84410495,6.34000015258789,44.8,66.13,112407.0,East Asia & Pacific,Lower middle income,0,2
Kiribati,KIR,2016,2.86129610832048,13.7,1558.88695336363,,,10.301360604158114,6.34000015258789,43.8,66.317,114395.0,East Asia & Pacific,Lower middle income,0,2
Kiribati,KIR,2017,2.86129610832048,14.58181818,1594.29287043422,,,5.533000995,6.34000015258789,42.7,66.506,116398.0,East Asia & Pacific,Lower middle income,0,2
"Korea, Dem. People’s Rep.",PRK,2000,3.03815129916929,0.0,4234.64075149378,,,5.533000995,4.25400018692017,44.5,65.268,22929075.0,East Asia & Pacific,Low income,0,1
"Korea, Dem. People’s Rep.",PRK,2001,3.12233379056805,0.0,4234.64075149378,,,5.533000995,4.19799995422363,39.1,66.087,23131810.0,East Asia & Pacific,Low income,0,1
"Korea, Dem. People’s Rep.",PRK,2002,2.96638695108358,0.0,4234.64075149378,,,5.533000995,4.27199983596802,34.2,66.925,23336681.0,East Asia & Pacific,Low income,0,1
"Korea, Dem. People’s Rep.",PRK,2003,3.00575558212192,0.0,4234.64075149378,,3.181,5.533000995,4.15799999237061,30.4,67.615,23538540.0,East Asia & Pacific,Low income,0,1
"Korea, Dem. People’s Rep.",PRK,2004,3.04925304361685,0.0,4234.64075149378,,,5.533000995,4.0789999961853,27.8,68.102,23729498.0,East Asia & Pacific,Low income,0,1
"Korea, Dem. People’s Rep.",PRK,2005,3.16150748946826,0.0,4234.64075149378,,,5.533000995,3.91799998283386,26.4,68.389,23904167.0,East Asia & Pacific,Low income,0,1
"Korea, Dem. People’s Rep.",PRK,2006,3.19605781066424,0.0,4234.64075149378,,,5.533000995,3.66300010681152,26.0,68.54,24061097.0,East Asia & Pacific,Low income,0,1
"Korea, Dem. People’s Rep.",PRK,2007,2.65366847456145,0.0,4234.64075149378,,,5.533000995,3.38100004196167,25.7,68.676,24203289.0,East Asia & Pacific,Low income,0,1
"Korea, Dem. People’s Rep.",PRK,2008,2.92303428136408,0.0,4234.64075149378,99.9981918334961,3.297,5.533000995,3.27800011634827,25.2,68.886,24335146.0,East Asia & Pacific,Low income,0,1
"Korea, Dem. People’s Rep.",PRK,2009,2.88916720465555,0.0,4234.64075149378,,,5.533000995,3.63700008392334,24.4,69.187,24463021.0,East Asia & Pacific,Low income,0,1
"Korea, Dem. People’s Rep.",PRK,2010,2.70227950610288,0.0,4234.64075149378,,,5.533000995,3.65400004386902,23.1,69.572,24591599.0,East Asia & Pacific,Low income,0,1
"Korea, Dem. People’s Rep.",PRK,2011,1.94294369398832,0.0,4234.64075149378,,2.777,5.533000995,3.66899991035461,21.5,70.011,24722298.0,East Asia & Pacific,Low income,0,1
"Korea, Dem. People’s Rep.",PRK,2012,1.97380940252999,0.0,4234.64075149378,,3.451,5.533000995,3.63700008392334,19.8,70.448,24854034.0,East Asia & Pacific,Low income,0,1
"Korea, Dem. People’s Rep.",PRK,2013,1.44120605895083,20.80096366,4234.64075149378,,,5.533000995,3.67199993133545,18.3,70.842,24985976.0,East Asia & Pacific,Low income,0,1
"Korea, Dem. People’s Rep.",PRK,2014,1.61359684123056,20.80096366,4234.64075149378,,3.507,5.533000995,3.58299994468689,17.0,71.179,25116363.0,East Asia & Pacific,Low income,0,1
"Korea, Dem. People’s Rep.",PRK,2015,2.86129610832048,20.80096366,4234.64075149378,,,5.533000995,3.54399991035461,16.0,71.457,25243917.0,East Asia & Pacific,Low income,0,1
"Korea, Dem. People’s Rep.",PRK,2016,2.86129610832048,20.80096366,4234.64075149378,,,5.533000995,3.44700002670288,15.1,71.685,25368620.0,East Asia & Pacific,Low income,0,1
"Korea, Dem. People’s Rep.",PRK,2017,2.86129610832048,20.80096366,4234.64075149378,,,5.533000995,3.28699994087219,14.4,71.887,25490965.0,East Asia & Pacific,Low income,0,1
"Korea, Dem. People’s Rep.",PRK,2018,2.86129610832048,20.80096366,4234.64075149378,,,5.533000995,3.30299997329712,21.7,,,East Asia & Pacific,Low income,0,1
"Korea, Rep.",KOR,2000,9.52093176005307,44.7,11947.5791282061,,1.3,3.99853252,4.40000009536743,6.4,75.909756097561,47008111.0,East Asia & Pacific,High income,0,0
"Korea, Rep.",KOR,2001,9.50374423445104,56.6,11252.9075540783,,1.4,4.68074036,4.0,6.1,76.4121951219512,47370164.0,East Asia & Pacific,High income,0,0
"Korea, Rep.",KOR,2002,9.77299974964706,59.4,12782.5255346669,,1.5,4.39480163,3.29999995231628,5.7,76.7658536585366,47644736.0,East Asia & Pacific,High income,0,0
"Korea, Rep.",KOR,2003,9.73464949397951,65.5,14209.3885192557,,1.573,4.66509241,3.59999990463257,5.4,77.2146341463415,47892330.0,East Asia & Pacific,High income,0,0
"Korea, Rep.",KOR,2004,10.0301838595436,72.7,15907.6658340352,,1.733,4.64176984,3.70000004768372,5.1,77.6658536585366,48082519.0,East Asia & Pacific,High income,0,0
"Korea, Rep.",KOR,2005,9.60726984728573,73.5,18639.5222053842,,1.793,4.89096165,3.70000004768372,4.7,78.1682926829268,48184561.0,East Asia & Pacific,High income,0,0
"Korea, Rep.",KOR,2006,9.71660567635209,78.1,20888.3801505326,,1.842,5.23648826,3.5,4.4,78.6682926829268,48438292.0,East Asia & Pacific,High income,0,0
"Korea, Rep.",KOR,2007,10.1815670390122,78.8,23060.7078836716,,1.898,5.42498224,3.20000004768372,4.1,79.119512195122,48683638.0,East Asia & Pacific,High income,0,0
"Korea, Rep.",KOR,2008,10.3474228610228,81.0,20430.6394600807,,1.96,5.70577287,3.20000004768372,3.9,79.5170731707317,49054708.0,East Asia & Pacific,High income,0,0
"Korea, Rep.",KOR,2009,10.3201094917268,81.6,18291.9195978633,,2.017,6.11736372,3.59999990463257,3.7,79.9682926829268,49307835.0,East Asia & Pacific,High income,0,0
"Korea, Rep.",KOR,2010,11.4363166269633,83.7,22086.9529193201,,2.002,6.24060133,3.70000004768372,3.5,80.1170731707317,49554112.0,East Asia & Pacific,High income,0,0
"Korea, Rep.",KOR,2011,11.48600787602411,83.75912015,24079.788523886,,2.054,6.30238059,3.40000009536743,3.4,80.5682926829269,49936638.0,East Asia & Pacific,High income,0,0
"Korea, Rep.",KOR,2012,11.48600787602411,84.07,24358.7821758226,,2.099,6.43717494,3.20000004768372,3.3,80.819512195122,50199853.0,East Asia & Pacific,High income,0,0
"Korea, Rep.",KOR,2013,11.48600787602411,84.77,25890.0186698906,,2.185,6.57805915,3.09999990463257,3.2,81.2707317073171,50428893.0,East Asia & Pacific,High income,0,0
"Korea, Rep.",KOR,2014,11.48600787602411,87.55682649,27811.36638377,,2.231,6.82039351,3.5,3.1,81.7219512195122,50746659.0,East Asia & Pacific,High income,0,0
"Korea, Rep.",KOR,2015,2.86129610832048,89.9,27105.076226264,,2.273,7.04921624,3.59999990463257,3.0,82.0243902439024,51014947.0,East Asia & Pacific,High income,0,0
"Korea, Rep.",KOR,2016,2.86129610832048,92.84302568,27608.2474287116,,2.326,7.33752488,3.70000004768372,2.9,82.2756097560976,51245707.0,East Asia & Pacific,High income,0,0
"Korea, Rep.",KOR,2017,2.86129610832048,95.09714917,28490.211716540907,,,5.533000995,3.70000004768372,2.8,82.6268292682927,51466201.0,East Asia & Pacific,High income,0,0
"Korea, Rep.",KOR,2018,2.86129610832048,20.80096366,4234.64075149378,,,5.533000995,3.79500007629395,21.7,,,East Asia & Pacific,High income,0,0
Kosovo,XKX,2000,2.86129610832048,20.80096366,1087.76240120887,,,5.533000995,6.34000015258789,21.7,67.9512195121951,1700000.0,Europe & Central Asia,Lower middle income,1,2
Kosovo,XKX,2001,2.86129610832048,20.80096366,1490.36103250226,,,5.533000995,6.34000015258789,21.7,67.9975609756098,1701154.0,Europe & Central Asia,Lower middle income,1,2
Kosovo,XKX,2002,2.86129610832048,20.80096366,1413.53258703188,,,5.533000995,6.34000015258789,21.7,67.9439024390244,1702310.0,Europe & Central Asia,Lower middle income,1,2
Kosovo,XKX,2003,2.86129610832048,20.80096366,1638.10473921653,,,5.533000995,6.34000015258789,21.7,68.1951219512195,1703466.0,Europe & Central Asia,Lower middle income,1,2
Kosovo,XKX,2004,2.86129610832048,20.80096366,2086.53732547162,,,5.533000995,6.34000015258789,21.7,68.4463414634146,1704622.0,Europe & Central Asia,Lower middle income,1,2
Kosovo,XKX,2005,2.86129610832048,20.80096366,2147.46427105376,,,5.533000995,6.34000015258789,21.7,68.6951219512195,1705780.0,Europe & Central Asia,Lower middle income,1,2
Kosovo,XKX,2006,2.86129610832048,20.80096366,2237.12659780918,,,5.533000995,6.34000015258789,21.7,68.9463414634146,1719536.0,Europe & Central Asia,Lower middle income,1,2
Kosovo,XKX,2007,2.86129610832048,20.80096366,2685.98622183949,,,5.533000995,6.34000015258789,21.7,69.1975609756098,1733404.0,Europe & Central Asia,Lower middle income,1,2
Kosovo,XKX,2008,2.86129610832048,20.80096366,3254.82026926105,,,5.533000995,6.34000015258789,21.7,69.3975609756098,1747383.0,Europe & Central Asia,Lower middle income,1,2
Kosovo,XKX,2009,2.86129610832048,20.80096366,3209.69410857047,,,5.533000995,6.34000015258789,21.7,69.6487804878049,1761474.0,Europe & Central Asia,Lower middle income,1,2
Kosovo,XKX,2010,2.86129610832048,20.80096366,3283.51030374783,,,5.533000995,6.34000015258789,21.7,69.9,1775680.0,Europe & Central Asia,Lower middle income,1,2
Kosovo,XKX,2011,2.86129610832048,20.80096366,3736.36321725391,,,5.533000995,6.34000015258789,21.7,70.1487804878049,1791000.0,Europe & Central Asia,Lower middle income,1,2
Kosovo,XKX,2012,2.86129610832048,20.80096366,3600.67347519389,,,5.533000995,6.34000015258789,21.7,70.4975609756098,1805200.0,Europe & Central Asia,Lower middle income,1,2
Kosovo,XKX,2013,2.86129610832048,20.80096366,3876.95830210742,,,5.533000995,6.34000015258789,21.7,70.7975609756098,1824100.0,Europe & Central Asia,Lower middle income,1,2
Kosovo,XKX,2014,2.86129610832048,20.80096366,4054.72133937609,,,5.533000995,6.34000015258789,21.7,71.0975609756098,1821800.0,Europe & Central Asia,Lower middle income,1,2
Kosovo,XKX,2015,2.86129610832048,20.80096366,3574.54333277778,,,5.533000995,6.34000015258789,21.7,71.3463414634146,1801800.0,Europe & Central Asia,Lower middle income,1,2
Kosovo,XKX,2016,2.86129610832048,20.80096366,3697.12167678699,,,5.533000995,6.34000015258789,21.7,71.6463414634146,1816200.0,Europe & Central Asia,Lower middle income,1,2
Kosovo,XKX,2017,2.86129610832048,20.80096366,3957.44181912974,,,5.533000995,6.34000015258789,21.7,71.9463414634146,1830700.0,Europe & Central Asia,Lower middle income,1,2
Kuwait,KWT,2000,11.48600787602411,6.731395768,18389.384328289,,,2.51490796,0.800000011920929,10.9,73.16,2050741.0,Middle East & North Africa,High income,3,0
Kuwait,KWT,2001,11.48600787602411,8.551792434,16540.9676143149,,,3.60882573,0.800000011920929,10.8,73.232,2109355.0,Middle East & North Africa,High income,3,0
Kuwait,KWT,2002,11.48600787602411,10.24896793,17789.419812619,,,3.57235309,1.10000002384186,10.6,73.3,2143833.0,Middle East & North Africa,High income,3,0
Kuwait,KWT,2003,11.48600787602411,22.40293838,22071.5696085573,,1.9,3.23327255,1.29999995231628,10.5,73.367,2169118.0,Middle East & North Africa,High income,3,0
Kuwait,KWT,2004,11.48600787602411,22.92711204,26921.0827767441,,1.5,2.75732146,1.70000004768372,10.3,73.434,2207939.0,Middle East & North Africa,High income,3,0
Kuwait,KWT,2005,11.48600787602411,25.92610837,28490.211716540907,93.2744598388672,1.8,2.37762238,1.52600002288818,10.1,73.505,2276623.0,Middle East & North Africa,High income,3,0
Kuwait,KWT,2006,11.48600787602411,28.79119795,28490.211716540907,93.2821197509766,1.445,2.25313879,1.29999995231628,10.0,73.584,2377258.0,Middle East & North Africa,High income,3,0
Kuwait,KWT,2007,11.48600787602411,34.8,28490.211716540907,93.664192199707,1.856,2.13314508,1.5,9.8,73.67,2503410.0,Middle East & North Africa,High income,3,0
Kuwait,KWT,2008,11.48600787602411,42.0,28490.211716540907,93.8983001708984,1.846,1.93336699,1.75,9.7,73.764,2652340.0,Middle East & North Africa,High income,3,0
Kuwait,KWT,2009,11.48600787602411,50.8,28490.211716540907,,1.853,3.86935992,1.63999998569489,9.5,73.868,2818939.0,Middle East & North Africa,High income,3,0
Kuwait,KWT,2010,11.48600787602411,61.4,28490.211716540907,94.4690093994141,2.376,2.75703619,1.82000005245209,9.2,73.979,2998083.0,Middle East & North Africa,High income,3,0
Kuwait,KWT,2011,11.48600787602411,65.76907069,28490.211716540907,,2.402,2.61808431,2.05900001525879,8.9,74.096,3191051.0,Middle East & North Africa,High income,3,0
Kuwait,KWT,2012,11.48600787602411,70.45,28490.211716540907,95.5131683349609,2.415,2.57378597,2.39800000190735,8.5,74.217,3395556.0,Middle East & North Africa,High income,3,0
Kuwait,KWT,2013,11.48600787602411,75.46,28490.211716540907,95.585823059082,2.486,2.58543894,2.73200011253357,8.2,74.338,3598385.0,Middle East & North Africa,High income,3,0
Kuwait,KWT,2014,11.48600787602411,78.7,28490.211716540907,,2.608,3.19758021,2.90000009536743,7.8,74.458,3782450.0,Middle East & North Africa,High income,3,0
Kuwait,KWT,2015,2.86129610832048,77.52326901,28490.211716540907,95.6854476928711,2.608,4.01473617,2.20000004768372,7.5,74.577,3935794.0,Middle East & North Africa,High income,3,0
Kuwait,KWT,2016,2.86129610832048,78.36738376,27368.2866787596,,,3.903945,2.16000008583069,7.2,74.694,4052584.0,Middle East & North Africa,High income,3,0
Kuwait,KWT,2017,2.86129610832048,97.99998933,28490.211716540907,96.0359497070313,,5.533000995,1.99699997901917,6.9,74.811,4136528.0,Middle East & North Africa,High income,3,0
Kuwait,KWT,2018,2.86129610832048,20.80096366,4234.64075149378,96.0564727783203,,5.533000995,2.07599997520447,21.7,,,Middle East & North Africa,High income,3,0
Kyrgyz Republic,KGZ,2000,0.946245304589254,1.041401145,279.620424920086,,2.823,4.41414976,7.53999996185303,42.2,68.5585365853659,4898400.0,Europe & Central Asia,Lower middle income,1,2
Kyrgyz Republic,KGZ,2001,0.787517744838325,3.002941327,308.408776737328,,2.679,4.27703261,7.84000015258789,40.5,68.7073170731707,4945100.0,Europe & Central Asia,Lower middle income,1,2
Kyrgyz Republic,KGZ,2002,0.99340453243032,2.99926518,321.726606346204,,2.6,4.59219552,12.5500001907349,38.9,68.1560975609756,4990700.0,Europe & Central Asia,Lower middle income,1,2
Kyrgyz Republic,KGZ,2003,1.07829417246644,3.908766268,380.50733975156,,2.6,5.82382125,9.92000007629395,37.3,68.2560975609756,5043300.0,Europe & Central Asia,Lower middle income,1,2
Kyrgyz Republic,KGZ,2004,1.15080886242091,5.090385307,433.234976590867,,2.5,6.20281319,8.52999973297119,35.7,68.1536585365854,5104700.0,Europe & Central Asia,Lower middle income,1,2
Kyrgyz Republic,KGZ,2005,1.0832090419556,10.53380134,476.552129968975,,,7.45010669,8.10999965667725,34.3,67.9560975609756,5162600.0,Europe & Central Asia,Lower middle income,1,2
Kyrgyz Republic,KGZ,2006,1.05546412693546,12.306907,543.110702403072,,2.39,8.31183896,8.27000045776367,32.8,67.6951219512195,5218400.0,Europe & Central Asia,Lower middle income,1,2
Kyrgyz Republic,KGZ,2007,1.25843443929846,14.03,721.768690838857,,2.301,6.93210666,8.10000038146973,31.2,67.8951219512195,5268400.0,Europe & Central Asia,Lower middle income,1,2
Kyrgyz Republic,KGZ,2008,1.44026980277135,15.7,966.393627185372,,2.464,6.52511905,8.22000026702881,29.6,68.4512195121951,5318700.0,Europe & Central Asia,Lower middle income,1,2
Kyrgyz Republic,KGZ,2009,1.26154663496368,16.0,871.224389337854,99.2434310913086,2.441,6.8987344,8.40999984741211,27.8,69.1024390243903,5383300.0,Europe & Central Asia,Lower middle income,1,2
Kyrgyz Republic,KGZ,2010,1.1718730152903,16.3,880.037775119109,,1.881,6.95027176,8.64000034332275,26.1,69.3,5447900.0,Europe & Central Asia,Lower middle income,1,2
Kyrgyz Republic,KGZ,2011,1.38844086606463,17.5,1123.8831680627,,1.911,7.10729156,8.52999973297119,24.6,69.6024390243903,5514600.0,Europe & Central Asia,Lower middle income,1,2
Kyrgyz Republic,KGZ,2012,1.80694838778713,19.8,1177.97473487848,,1.894,8.5096633,8.43000030517578,23.2,70.0024390243902,5607200.0,Europe & Central Asia,Lower middle income,1,2
Kyrgyz Republic,KGZ,2013,1.7207895657039,23.0,1282.43716202467,,1.886,8.18745127,8.32999992370605,22.0,70.2024390243902,5719600.0,Europe & Central Asia,Lower middle income,1,2
Kyrgyz Republic,KGZ,2014,1.64639533887413,28.3,1279.76978265986,,1.854,8.31271203,8.05000019073486,20.9,70.4024390243902,5835500.0,Europe & Central Asia,Lower middle income,1,2
Kyrgyz Republic,KGZ,2015,2.86129610832048,30.24704278,1121.08283510739,,,7.21937462,7.55999994277954,19.8,70.6512195121951,5956900.0,Europe & Central Asia,Lower middle income,1,2
Kyrgyz Republic,KGZ,2016,2.86129610832048,34.5,1120.66651300848,,,6.62528772,7.21000003814697,18.8,70.9512195121951,6079500.0,Europe & Central Asia,Lower middle income,1,2
Kyrgyz Republic,KGZ,2017,2.86129610832048,38.19903776,1220.47349811901,,,5.533000995,6.8899998664856,17.9,71.2,6198200.0,Europe & Central Asia,Lower middle income,1,2
Kyrgyz Republic,KGZ,2018,2.86129610832048,20.80096366,4234.64075149378,,,5.533000995,7.17000007629395,21.7,,,Europe & Central Asia,Lower middle income,1,2
Lao PDR,LAO,2000,0.176149080630416,0.111044032,324.845049645308,69.583122253418,0.284,4.27513587,2.02500009536743,80.0,58.923,5329304.0,East Asia & Pacific,Lower middle income,0,2
Lao PDR,LAO,2001,0.161184788888052,0.181664461,326.640843433211,68.7343902587891,,4.29031703,1.86300003528595,77.8,59.494,5414568.0,East Asia & Pacific,Lower middle income,0,2
Lao PDR,LAO,2002,0.20945621583647,0.267899241,319.827058448336,,,3.69751299,1.8400000333786,75.6,60.07,5497273.0,East Asia & Pacific,Lower middle income,0,2
Lao PDR,LAO,2003,0.197162692467062,0.333912466,362.625295771488,,,4.47920656,1.68299996852875,73.5,60.648,5579656.0,East Asia & Pacific,Lower middle income,0,2
Lao PDR,LAO,2004,0.245994204361999,0.36143449,417.751656096427,,0.353,3.54057411,1.52900004386902,71.4,61.224,5664605.0,East Asia & Pacific,Lower middle income,0,2
Lao PDR,LAO,2005,0.244083186276878,0.85035749,475.416469486973,72.702262878418,0.281,3.336732,1.35000002384186,69.3,61.793,5754026.0,East Asia & Pacific,Lower middle income,0,2
Lao PDR,LAO,2006,0.265181500322429,1.169893428,590.30131077706,,,2.93200926,1.08700001239777,67.3,62.348,5849356.0,East Asia & Pacific,Lower middle income,0,2
Lao PDR,LAO,2007,0.152848496929386,1.64,709.767087046745,,,3.1534557,0.865000009536743,65.2,62.886,5949787.0,East Asia & Pacific,Lower middle income,0,2
Lao PDR,LAO,2008,0.156321265525372,3.55,899.495078724883,,,2.76727288,0.740000009536743,63.2,63.402,6052190.0,East Asia & Pacific,Lower middle income,0,2
Lao PDR,LAO,2009,0.204449551335525,6.0,948.127642147914,,0.197,3.46300399,0.800000011920929,61.3,63.893,6152036.0,East Asia & Pacific,Lower middle income,0,2
Lao PDR,LAO,2010,0.262420284476794,7.0,1141.12711507419,,0.272,2.91155231,0.708000004291534,59.5,64.357,6246274.0,East Asia & Pacific,Lower middle income,0,2
Lao PDR,LAO,2011,0.256490776723786,9.0,1381.42560554543,58.2879409790039,,1.94457504,0.702000021934509,57.8,64.795,6333487.0,East Asia & Pacific,Lower middle income,0,2
Lao PDR,LAO,2012,0.264657252209568,10.74767619,1588.63314741682,,0.179,2.07637582,0.689999997615814,56.0,65.208,6415169.0,East Asia & Pacific,Lower middle income,0,2
Lao PDR,LAO,2013,0.242789462006416,12.5,1838.80601992314,,0.447,2.39984974,0.716000020503998,54.5,65.6,6494557.0,East Asia & Pacific,Lower middle income,0,2
Lao PDR,LAO,2014,0.297200883705774,14.26,2017.58778126205,,0.491,2.29845549,0.695999979972839,53.0,65.975,6576397.0,East Asia & Pacific,Lower middle income,0,2
Lao PDR,LAO,2015,2.86129610832048,18.2,2159.43315209405,84.6610412597656,,2.45366446,0.680000007152557,51.5,66.335,6663967.0,East Asia & Pacific,Lower middle income,0,2
Lao PDR,LAO,2016,2.86129610832048,21.87,2338.69215683656,,,2.36087478,0.647000014781952,50.1,66.683,6758353.0,East Asia & Pacific,Lower middle income,0,2
Lao PDR,LAO,2017,2.86129610832048,25.51043508,2457.37741397281,,,5.533000995,0.602999985218048,48.6,67.021,6858160.0,East Asia & Pacific,Lower middle income,0,2
Lao PDR,LAO,2018,2.86129610832048,20.80096366,4234.64075149378,,,5.533000995,0.609000027179718,21.7,,,East Asia & Pacific,Lower middle income,0,2
Late-demographic dividend,LTE,2000,3.40141700986164,2.46984216827583,1662.18564947544,91.2316131591797,1.46044602903487,4.99953181537716,5.23700831259959,27.647223468713,71.2170487591779,2046846162.0,,,7,3
Late-demographic dividend,LTE,2001,3.4515978613844,3.55991991778829,1705.63527957147,91.4924926757813,,4.9544561181399,5.37543238712523,25.9944726834742,71.5993437396775,2061614709.0,,,7,3
Late-demographic dividend,LTE,2002,3.60602723757428,5.91392133636884,1794.56626496799,91.801139831543,,5.22209775403686,5.55243914062338,24.2964675221472,71.9575647588619,2075533921.0,,,7,3
Late-demographic dividend,LTE,2003,3.99068765573683,8.02968153616198,2032.84754663797,92.189567565918,,5.17409220293738,5.82373771277332,22.6124115908638,72.3111018432694,2089126195.0,,,7,3
Late-demographic dividend,LTE,2004,4.34802225595986,10.377710654238,2428.18932741263,92.5989227294922,,5.1028119308884,5.64471286206295,21.0961150876417,72.6793317930824,2102591709.0,,,7,3
Late-demographic dividend,LTE,2005,4.68000585555364,12.2838510776687,2912.0397150439,92.9266891479492,,5.12269637802745,5.56374683331528,19.5443874102887,72.9883459777038,2116164365.0,,,7,3
Late-demographic dividend,LTE,2006,5.02034272941184,15.1364087348156,3492.39848391681,93.1428833007813,,5.02680819933574,5.29421569721475,18.1964840881196,73.3482048580514,2129583971.0,,,7,3
Late-demographic dividend,LTE,2007,5.25850172487261,19.9738294450357,4373.59741743006,94.1361923217773,,4.92968859630342,5.00985870061356,16.9748338738439,73.6625412060374,2142686483.0,,,7,3
Late-demographic dividend,LTE,2008,5.5467105093696,25.1977932684411,5403.87442272204,94.3574371337891,,5.03046163731263,5.10646303575441,15.9220956708911,73.930454917711,2155982828.0,,,7,3
Late-demographic dividend,LTE,2009,5.62839942107689,30.5982464278242,5191.61129692289,94.6393966674805,,5.4733167038653,5.48832063156244,14.9312838504253,74.2175289150126,2169610308.0,,,7,3
Late-demographic dividend,LTE,2010,6.07688339069316,36.0336827218359,6191.18289518745,94.6449890136719,,5.52676942404615,5.18759946480826,14.0982641440529,74.4431201546373,2182732335.0,,,7,3
Late-demographic dividend,LTE,2011,6.5535444692305,40.049390848922,7503.75961487086,95.1674728393555,,5.47731364780224,5.04603449077725,13.2840825500797,74.7137762050652,2196011805.0,,,7,3
Late-demographic dividend,LTE,2012,6.70379206798689,44.7109969329183,7979.77466643614,95.3367233276367,,5.52344574380288,5.05185914419205,12.480811691571,74.9267995708146,2209612378.0,,,7,3
Late-demographic dividend,LTE,2013,6.77047122556471,48.3688675423299,8551.76802885617,95.3980331420898,1.9104567951684,5.60955909321719,5.02168060660194,11.8143582858821,75.1482233343242,2223399056.0,,,7,3
Late-demographic dividend,LTE,2014,6.74476233270348,50.9098012062388,8807.92049146415,95.5523910522461,,5.70302207651434,4.92801457003901,11.1652375716144,75.342530894342,2237241304.0,,,7,3
Late-demographic dividend,LTE,2015,2.86129610832048,53.4875075776034,8201.9702739585,95.7370529174805,,5.68203629300114,5.07997845482842,10.5068889140704,75.5306264174706,2250820960.0,,,7,3
Late-demographic dividend,LTE,2016,2.86129610832048,56.6131219590542,8155.85720587355,95.8905868530273,,5.78302384544804,5.2490876218817,10.0855832340997,75.7316598615739,2264577161.0,,,7,3
Late-demographic dividend,LTE,2017,2.86129610832048,58.8562244232432,8980.59249797762,,,5.533000995,5.22841354043686,9.47746661011356,75.9217839489322,2278213001.0,,,7,3
Late-demographic dividend,LTE,2018,2.86129610832048,20.80096366,4234.64075149378,,,5.533000995,5.17311568399952,21.7,,,,,7,3
Latin America & Caribbean,LCN,2000,2.58598037644525,3.8893056663212,4358.72576592334,89.0663223266602,1.59847249285652,5.92323691171698,9.18224853999374,27.4,71.5298314829906,524829251.0,,,7,3
Latin America & Caribbean,LCN,2001,2.61017567929674,5.63360756104842,4205.67739070722,89.2480392456055,,6.07466974402054,8.7376899731866,26.0,71.8501708564076,532172709.0,,,7,3
Latin America & Caribbean,LCN,2002,2.60626990608486,8.86260145569993,3723.24850388278,89.3266677856445,,6.24516621050094,9.09069267962091,24.8,72.1556211331992,539372044.0,,,7,3
Latin America & Caribbean,LCN,2003,2.63536753891972,11.2714432903311,3754.47850947775,90.12548828125,,6.521554327934,8.93630383706878,23.6,72.4432786850988,546478662.0,,,7,3
Latin America & Caribbean,LCN,2004,2.6189732898994,14.3986231075817,4271.46240417726,90.0045166015625,,6.57825300026222,8.41308133638724,22.6,72.717823026967,553563090.0,,,7,3
Latin America & Caribbean,LCN,2005,2.72321927861145,16.6217218797394,5098.87187333104,90.5096893310547,,6.71302060891297,7.94510350810378,21.6,72.9825373380929,560673962.0,,,7,3
Latin America & Caribbean,LCN,2006,2.7697174253903,20.7559931658432,5900.66251572713,90.4076232910156,,6.73149855995789,7.26527403750498,20.6,73.2403874519773,567821716.0,,,7,3
Latin America & Caribbean,LCN,2007,2.78386166811911,23.7125673925995,6865.65935574852,90.8718719482422,,6.88997650852847,6.87502960521105,19.8,73.4914220767815,574994397.0,,,7,3
Latin America & Caribbean,LCN,2008,2.88864995669634,26.509795734311,7881.11061238396,91.2270126342773,,6.82841116810826,6.49854140813361,19.1,73.7347319890022,582179826.0,,,7,3
Latin America & Caribbean,LCN,2009,2.79273255395327,31.0394181687776,7316.71869212846,91.4232406616211,,7.41703193259514,7.59244220817013,18.4,73.9804575428207,589349327.0,,,7,3
Latin America & Caribbean,LCN,2010,2.9051362501059,34.7118892337386,8964.83387933121,91.6036224365234,,7.86801072328953,7.02859458537723,18.4,74.2220028650888,596478519.0,,,7,3
Latin America & Caribbean,LCN,2011,2.93091449144373,39.3525378211838,10075.4497854025,92.1599273681641,,7.91486962438569,6.51024479389917,17.2,74.4590556400681,603537118.0,,,7,3
Latin America & Caribbean,LCN,2012,3.02585130951526,43.1824341328267,10062.7446221424,92.4093017578125,,7.88661438034881,6.40205268095585,16.7,74.689125897538,610547919.0,,,7,3
Latin America & Caribbean,LCN,2013,3.03604009564656,46.2610778057025,10194.6127946604,92.4533233642578,2.0473525825862,7.98840494080166,6.32549700845626,16.2,74.9117789269249,617495658.0,,,7,3
Latin America & Caribbean,LCN,2014,3.06330709887928,48.6168531057802,10278.2408909878,92.8799285888672,,8.17082452700162,6.12575667049426,15.9,75.1272318026963,624335544.0,,,7,3
Latin America & Caribbean,LCN,2015,2.86129610832048,54.4794548194134,8742.39429797637,93.2308120727539,,8.558727951046,6.62824912743434,15.5,75.3361705620382,631062646.0,,,7,3
Latin America & Caribbean,LCN,2016,2.86129610832048,57.3693766518291,8442.55109617619,93.5250625610352,,8.56101280127181,7.76579444603868,15.5,75.5400119601874,637663866.0,,,7,3
Latin America & Caribbean,LCN,2017,2.86129610832048,62.1439406648126,9271.59222370615,,,5.533000995,8.05360999428235,14.9,75.7398164785756,644124651.0,,,7,3
Latin America & Caribbean,LCN,2018,2.86129610832048,20.80096366,4234.64075149378,,,5.533000995,8.03540565771412,21.7,,,,,7,3
Latin America & Caribbean (excluding high income),LAC,2000,2.38076205715488,3.07519461317713,3910.12465213168,88.7415084838867,1.47561966767316,5.43197737248023,8.66097270149775,28.5918415511667,71.0840676462609,459908706.0,,,7,3
Latin America & Caribbean (excluding high income),LAC,2001,2.43633843585571,4.68255327251839,3782.22569090796,88.9282608032227,,5.60542877655573,7.96037132852342,27.1915457273631,71.4197534293778,466569961.0,,,7,3
Latin America & Caribbean (excluding high income),LAC,2002,2.45101501395582,8.11618789894228,3617.25692466204,89.0061111450195,,6.10275908772547,8.19472721743049,25.8740829353372,71.737694213926,473087978.0,,,7,3
Latin America & Caribbean (excluding high income),LAC,2003,2.45850583029413,10.5912753825415,3574.30255757458,89.849250793457,,6.43871049845507,8.37812467659139,24.6760316435415,72.0396247757774,479514487.0,,,7,3
Latin America & Caribbean (excluding high income),LAC,2004,2.38566342578967,13.6916865038057,4021.20015297402,89.7165832519531,,6.53051123030716,7.93829625470138,23.5252804873656,72.329628220529,485921455.0,,,7,3
Latin America & Caribbean (excluding high income),LAC,2005,2.48291546844008,15.9475828115066,4826.0209075735,90.2429275512695,,6.65907990598257,7.60171947059314,22.4478164187464,72.6096942203558,492360617.0,,,7,3
Latin America & Caribbean (excluding high income),LAC,2006,2.49661592251867,20.1667131982007,5593.11579917845,90.1238021850586,,6.71221683963015,6.9694338206918,21.5016370276483,72.8822031414918,498847473.0,,,7,3
Latin America & Caribbean (excluding high income),LAC,2007,2.5015360673674,22.9969382257795,6526.30128980235,90.5370635986328,,6.88018300086034,6.69059056141239,20.5892246844021,73.1490195727958,505365856.0,,,7,3
Latin America & Caribbean (excluding high income),LAC,2008,2.59538615175626,25.7576161747478,7494.62543383388,90.9038009643555,,6.77088129507352,6.29457903163558,19.8200350076139,73.4108657304913,511896377.0,,,7,3
Latin America & Caribbean (excluding high income),LAC,2009,2.5188932196813,30.1978534467981,6945.77020117028,91.1119689941406,,7.28945373397922,7.37882492039395,19.0697624937451,73.6692339651193,518406797.0,,,7,3
Latin America & Caribbean (excluding high income),LAC,2010,2.62230606516868,33.3134722572401,8537.47723787584,91.3344573974609,,7.8700923750646,6.9030245391148,19.1541275666781,73.9224147133129,524870761.0,,,7,3
Latin America & Caribbean (excluding high income),LAC,2011,2.63437172188396,37.7778661337552,9514.01589657565,91.9442672729492,,7.94625756641953,6.41104379257617,17.8492200858985,74.1701151987695,531283625.0,,,7,3
Latin America & Caribbean (excluding high income),LAC,2012,2.74571233879764,41.4960604817227,9440.55825674753,92.1971969604492,,7.89949131910051,6.31680706001961,17.3308724802474,74.4097324494745,537645733.0,,,7,3
Latin America & Caribbean (excluding high income),LAC,2013,2.76372925339785,44.5193144740555,9553.44271777029,92.2649917602539,1.91545190769887,7.99999144092179,6.25825305249264,16.8792590984291,74.6403948358198,543940758.0,,,7,3
Latin America & Caribbean (excluding high income),LAC,2014,2.78110175550676,46.8178402921679,9736.74026333593,92.7033767700195,,8.2102015615535,6.00829505144816,16.5105624973879,74.8628564002532,550149862.0,,,7,3
Latin America & Caribbean (excluding high income),LAC,2015,2.86129610832048,52.5378364759456,7887.48545998273,93.0671920776367,,8.59073340464845,6.55700424138789,16.16469880679,75.0776424083584,556257851.0,,,7,3
Latin America & Caribbean (excluding high income),LAC,2016,2.86129610832048,55.3280145484298,7625.33338808333,93.3724899291992,,8.74217092806214,7.80094593449407,16.2120195881146,75.2866736438754,562254848.0,,,7,3
Latin America & Caribbean (excluding high income),LAC,2017,2.86129610832048,60.2871762445994,8346.41265343321,,,5.533000995,8.09556781556735,15.6340924361876,75.4910293973757,568136842.0,,,7,3
Latin America & Caribbean (excluding high income),LAC,2018,2.86129610832048,20.80096366,4234.64075149378,,,5.533000995,7.98073535731465,21.7,,,,,7,3
Latin America & the Caribbean (IDA & IBRD countries),TLA,2000,2.56522300490082,3.90690206676902,4273.25255686963,88.767692565918,1.50238037801183,5.92213952364861,9.25593754094777,27.6420255752993,71.375511022126,508826710.0,,,7,3
Latin America & the Caribbean (IDA & IBRD countries),TLA,2001,2.59107754280088,5.64704311938835,4100.14835888868,88.9581985473633,,6.07033081488232,8.81752326927773,26.2928875271385,71.6992854126911,516120111.0,,,7,3
Latin America & the Caribbean (IDA & IBRD countries),TLA,2002,2.58568426773973,8.88747201335902,3596.74612412013,89.0414428710938,,6.24067503511735,9.18942339502429,25.0200332980532,72.0052497802913,523270767.0,,,7,3
Latin America & the Caribbean (IDA & IBRD countries),TLA,2003,2.61611497937467,11.314315205885,3619.70653185323,89.868896484375,,6.52091264878755,9.04851596209665,23.866419379922,72.2951309310529,530331985.0,,,7,3
Latin America & the Caribbean (IDA & IBRD countries),TLA,2004,2.59982406070276,14.4432080569115,4136.90939821376,89.7451324462891,,6.58109606253534,8.52809949777946,22.7663217416139,72.5725320765456,537377388.0,,,7,3
Latin America & the Caribbean (IDA & IBRD countries),TLA,2005,2.70323994412289,16.6888336949688,4971.01935478965,90.2687606811523,,6.68867603166372,8.04008169435461,21.7365587900973,72.8398034614647,544459791.0,,,7,3
Latin America & the Caribbean (IDA & IBRD countries),TLA,2006,2.74769289326631,20.895628968104,5769.84174486958,90.1641464233398,,6.7106793148575,7.34696720200217,20.835764937055,73.09968836259,551595525.0,,,7,3
Latin America & the Caribbean (IDA & IBRD countries),TLA,2007,2.76245627586453,23.9043189414626,6745.34973475577,90.644889831543,,6.83164999086559,6.95126207111948,19.9782647741319,73.3547130672098,558768052.0,,,7,3
Latin America & the Caribbean (IDA & IBRD countries),TLA,2008,2.86206864570452,26.6769756759173,7778.72406149011,91.0125427246094,,6.76952991235135,6.56572509809589,19.2508078204285,73.6059272738626,565956228.0,,,7,3
Latin America & the Caribbean (IDA & IBRD countries),TLA,2009,2.7654845471488,31.2757913259797,7195.56739212108,91.2195510864258,,7.34775732968446,7.66405328636557,18.5444827104433,73.8548687337662,573125269.0,,,7,3
Latin America & the Caribbean (IDA & IBRD countries),TLA,2010,2.86498398864059,34.9844533557924,8880.2048721515,91.40869140625,,7.83758222069425,7.0630157978972,18.5836050372187,74.1000758935396,580246796.0,,,7,3
Latin America & the Caribbean (IDA & IBRD countries),TLA,2011,2.89457643785641,39.7128396187772,10008.3273744573,91.9806289672852,,7.87900009186848,6.52077986770588,17.3555017535251,74.3411525494076,587315129.0,,,7,3
Latin America & the Caribbean (IDA & IBRD countries),TLA,2012,2.99221717191231,43.4044968851575,9985.93354049698,92.2369613647461,,7.87265409294796,6.41079950421115,16.8383278506747,74.5752180030266,594330743.0,,,7,3
Latin America & the Caribbean (IDA & IBRD countries),TLA,2013,3.00556591197305,46.4334790891078,10114.3373689315,92.2838973999023,1.93397588678155,7.96119674800487,6.33520800068336,16.3795988386327,74.8011587528223,601277206.0,,,7,3
Latin America & the Caribbean (IDA & IBRD countries),TLA,2014,3.03280490623507,48.9456618222704,10194.2062134613,92.7236404418945,,8.1238657812936,6.14534647329766,15.994178484178,75.0196860686888,608136047.0,,,7,3
Latin America & the Caribbean (IDA & IBRD countries),TLA,2015,2.86129610832048,54.7130125689268,8602.54907790917,93.0852279663086,,8.49091290349158,6.67466212843418,15.6326161559273,75.2312010700718,614891969.0,,,7,3
Latin America & the Caribbean (IDA & IBRD countries),TLA,2016,2.86129610832048,57.5343901640207,8287.51617500806,93.3884124755859,,8.49815707389379,7.83928176601585,15.6296690983763,75.4373989608739,621534921.0,,,7,3
Latin America & the Caribbean (IDA & IBRD countries),TLA,2017,2.86129610832048,62.2890896001866,9108.50858473965,,,5.533000995,8.13797295400081,15.057239631264,75.6392700497811,628059792.0,,,7,3
Latin America & the Caribbean (IDA & IBRD countries),TLA,2018,2.86129610832048,20.80096366,4234.64075149378,,,5.533000995,8.11645509420114,21.7,,,,,7,3
Latvia,LVA,2000,2.68262296466812,6.319062083,3352.7312961928,99.7465667724609,3.43,5.4478198,14.2110004425049,11.6,70.3146341463415,2367550.0,Europe & Central Asia,High income,1,0
Latvia,LVA,2001,2.98892891830718,7.219345808,3572.80513022012,,3.302,5.77847482,13.8210000991821,10.9,70.7609756097561,2337170.0,Europe & Central Asia,High income,1,0
Latvia,LVA,2002,2.99211141330108,21.94,4132.34920689811,,3.419,5.76919413,13.8290004730225,10.3,70.9609756097561,2310173.0,Europe & Central Asia,High income,1,0
Latvia,LVA,2003,3.22151003844044,26.98,5134.90569397268,,3.447,5.49030117,12.0609998703003,9.7,71.2658536585366,2287955.0,Europe & Central Asia,High income,1,0
Latvia,LVA,2004,3.27144228194503,38.58,6351.08012547156,,3.583,6.22915818,11.7080001831055,9.2,72.0268292682927,2263122.0,Europe & Central Asia,High income,1,0
Latvia,LVA,2005,3.35284632519489,46.0,7558.74200622923,,3.684,5.86039773,10.0329999923706,8.7,71.3560975609756,2238799.0,Europe & Central Asia,High income,1,0
Latvia,LVA,2006,3.61186003875841,53.63,9667.97570008021,,3.793,5.73710523,7.03000020980835,8.2,70.8658536585366,2218357.0,Europe & Central Asia,High income,1,0
Latvia,LVA,2007,3.77978525899583,59.17,14044.0158891923,,3.691,5.76844901,6.05200004577637,7.8,71.019512195122,2200325.0,Europe & Central Asia,High income,1,0
Latvia,LVA,2008,3.62940575624552,63.41,16348.53120679,,3.935,5.62530799,7.73899984359741,7.4,72.419512195122,2177322.0,Europe & Central Asia,High income,1,0
Latvia,LVA,2009,3.37649001783189,66.84,12219.3737898048,,3.761,6.15375586,17.5149993896484,7.0,73.0804878048781,2141669.0,Europe & Central Asia,High income,1,0
Latvia,LVA,2010,3.84959345523717,68.42,11326.2194746243,,3.117,6.14845662,17.547250032424937,6.6,73.4829268292683,2097555.0,Europe & Central Asia,High income,1,0
Latvia,LVA,2011,3.54111333202894,69.74995456,13702.6894696051,99.8958969116211,3.128,5.57204918,16.2059993743896,6.2,73.5756097560976,2059709.0,Europe & Central Asia,High income,1,0
Latvia,LVA,2012,3.47174754795094,73.11994377,13822.8055940347,,3.14,5.42009358,15.0469999313354,5.7,73.7780487804878,2034319.0,Europe & Central Asia,High income,1,0
Latvia,LVA,2013,3.5182409036458,75.2344,15032.2820131489,,3.193,5.3998227,11.8669996261597,5.2,73.9829268292683,2012647.0,Europe & Central Asia,High income,1,0
Latvia,LVA,2014,3.49819288166911,75.83,15716.3690672011,,3.223,5.46515399,10.8459997177124,4.7,74.1243902439024,1993782.0,Europe & Central Asia,High income,1,0
Latvia,LVA,2015,2.86129610832048,79.2006,13639.6941197963,,3.209,5.71063679,9.8730001449585,4.3,74.4804878048781,1977527.0,Europe & Central Asia,High income,1,0
Latvia,LVA,2016,2.86129610832048,79.84209778,14133.6829488022,,,6.24292955,9.64299964904785,3.9,74.580487804878,1959537.0,Europe & Central Asia,High income,1,0
Latvia,LVA,2017,2.86129610832048,81.3158617,15684.558518649,,,5.533000995,8.71500015258789,3.6,74.6804878048781,1942248.0,Europe & Central Asia,High income,1,0
Latvia,LVA,2018,2.86129610832048,20.80096366,4234.64075149378,,,5.533000995,7.85699987411499,21.7,,,Europe & Central Asia,High income,1,0
Least developed countries: UN classification,LDC,2000,0.166976484215508,0.100264625400267,316.676279098422,51.9946899414063,0.139264146389596,3.46846895673141,4.72322022473976,86.3433551961007,55.729413039882,664804763.0,,,7,3
Least developed countries: UN classification,LDC,2001,0.175880210546702,0.145098661236304,294.296247049179,52.6764602661133,,3.95280307729257,4.75169077571783,83.4246097345473,56.2571021273505,681932226.0,,,7,3
Least developed countries: UN classification,LDC,2002,0.18223536624457,0.234864260108399,311.544936963728,53.3305892944336,,4.12820724828164,4.92078481003438,80.4123367339036,56.8177628119103,699560739.0,,,7,3
Least developed countries: UN classification,LDC,2003,0.185154905731612,0.354935154296354,344.687405355932,54.1640205383301,,4.33197200478979,5.01139369768605,77.4123621717329,57.4102877448907,717572892.0,,,7,3
Least developed countries: UN classification,LDC,2004,0.209194200609335,0.554689552894121,386.001252542504,55.6509208679199,,4.59590112208797,4.942747709675,74.4432077092547,58.0291932082017,735796583.0,,,7,3
Least developed countries: UN classification,LDC,2005,0.211198027538312,0.782484109935339,442.436967627622,55.4189796447754,,4.54280966354536,4.81119473903736,71.5752774318646,58.6664864871333,754118072.0,,,7,3
Least developed countries: UN classification,LDC,2006,0.223563900223067,1.12042860583784,505.960464339626,54.8026809692383,,4.63376278995153,4.46809427971182,68.8887355849789,59.3139136878378,772488966.0,,,7,3
Least developed countries: UN classification,LDC,2007,0.230223596286471,1.85251174361142,591.882540351614,54.2167892456055,,4.61684425923027,4.24463459688874,66.3003104053135,59.9596192673043,790978141.0,,,7,3
Least developed countries: UN classification,LDC,2008,0.238035626418445,2.12220328326713,717.882974739848,55.5119209289551,,4.43891769264831,4.14102695340598,63.9705010995127,60.5919570539325,809730997.0,,,7,3
Least developed countries: UN classification,LDC,2009,0.251513587966893,2.70276190872253,703.304628986775,56.466869354248,,4.64034811813229,4.51792161625907,61.5145421734635,61.2019289409397,828953320.0,,,7,3
Least developed countries: UN classification,LDC,2010,0.269364191554851,4.12890881687742,786.86968749503,56.8265991210938,,4.37264997696997,4.31555842030584,59.5392268500826,61.7791981413611,848791962.0,,,7,3
Least developed countries: UN classification,LDC,2011,0.278625092399786,4.75950110064325,887.309724015395,54.9661483764648,,4.24591561648643,4.21207956153376,57.0990830628723,62.3168705571668,869298106.0,,,7,3
Least developed countries: UN classification,LDC,2012,0.278405673931745,6.01964838204507,925.707287595772,60.3688011169434,,4.17400359018477,4.13106242251337,55.0602543010356,62.815987448887,890423474.0,,,7,3
Least developed countries: UN classification,LDC,2013,0.294525991905485,7.48840416726345,980.493392960988,60.9074401855469,0.213478341060806,4.35596878516393,4.14229313626698,53.2353695634287,63.2776503796616,912093996.0,,,7,3
Least developed countries: UN classification,LDC,2014,0.314163046682849,10.3984046242632,1039.92318090435,61.6853790283203,,4.41348660462436,4.01588712348259,51.5235292995891,63.7017169572641,934192321.0,,,7,3
Least developed countries: UN classification,LDC,2015,2.86129610832048,13.2181539439115,1005.1731239519,62.256649017334,,4.592568519117,4.04180145710888,49.9014806278612,64.0895866544639,956631108.0,,,7,3
Least developed countries: UN classification,LDC,2016,2.86129610832048,15.6085666350051,984.056307447474,62.9458084106445,,4.31089307426291,4.04913026697674,48.3961245165942,64.4451978135642,979387925.0,,,7,3
Least developed countries: UN classification,LDC,2017,2.86129610832048,17.7821047650033,1072.6656009011,,,5.533000995,3.96176208100206,46.9563364033443,64.7753194632296,1002485957.0,,,7,3
Least developed countries: UN classification,LDC,2018,2.86129610832048,20.80096366,4234.64075149378,,,5.533000995,3.96388748087958,21.7,,,,,7,3
Lebanon,LBN,2000,4.71272369184816,7.952743736,5334.90332854286,,,10.301360604158114,8.39099979400635,17.1,74.447,3235366.0,Middle East & North Africa,Upper middle income,3,4
Lebanon,LBN,2001,4.81313947996032,6.783219775,5253.12259942488,,3.424,10.301360604158114,8.10700035095215,16.1,74.934,3359859.0,Middle East & North Africa,Upper middle income,3,4
Lebanon,LBN,2002,4.54258542191989,7.0,5436.5952231029,,,9.15927437,8.11100006103516,15.1,75.418,3522837.0,Middle East & North Africa,Upper middle income,3,4
Lebanon,LBN,2003,4.91183650577177,8.0,5425.66907030169,,,8.55576331,7.99900007247925,14.2,75.892,3701464.0,Middle East & North Africa,Upper middle income,3,4
Lebanon,LBN,2004,4.34826974164613,9.0,5473.4810200453,,,8.00453359,7.84999990463257,13.2,76.351,3863267.0,Middle East & North Africa,Upper middle income,3,4
Lebanon,LBN,2005,4.06539796310473,10.14,5390.20813403708,,,7.55121235,8.39200019836426,12.2,76.786,3986852.0,Middle East & North Africa,Upper middle income,3,4
Lebanon,LBN,2006,3.56365139808003,15.0,5434.2524815957,,2.899,8.65032249,8.71100044250488,11.3,77.187,4057350.0,Middle East & North Africa,Upper middle income,3,4
Lebanon,LBN,2007,3.29418059516462,18.74,6086.79540993977,89.6124420166016,2.738,8.54391369,8.97999954223633,10.5,77.553,4086466.0,Middle East & North Africa,Upper middle income,3,4
Lebanon,LBN,2008,4.19055437702366,22.53,7109.5131628517,,,7.78850405,7.24399995803833,9.8,77.881,4111047.0,Middle East & North Africa,Upper middle income,3,4
Lebanon,LBN,2009,4.98966904413797,30.14,8480.98876156677,91.1841888427734,,6.99202441,6.35500001907349,9.3,78.173,4183156.0,Middle East & North Africa,Upper middle income,3,4
Lebanon,LBN,2010,4.6222820517018,43.68,8858.28397217732,,2.671,7.44332141,6.46199989318848,8.8,78.43,4337141.0,Middle East & North Africa,Upper middle income,3,4
Lebanon,LBN,2011,4.45551119700948,52.0,8734.18918518532,,2.968,8.14711369,6.43599987030029,8.4,78.656,4588368.0,Middle East & North Africa,Upper middle income,3,4
Lebanon,LBN,2012,4.60351183507295,61.24978572,8959.25847100454,,,7.99691287,6.40899991989136,8.1,78.86,4916404.0,Middle East & North Africa,Upper middle income,3,4
Lebanon,LBN,2013,4.27993734768585,70.5,8807.90133514273,,,7.76060504,6.38199996948242,7.7,79.05,5276102.0,Middle East & North Africa,Upper middle income,3,4
Lebanon,LBN,2014,4.29573255231446,73.0,8660.03692753065,,2.38,7.96600388,6.28000020980835,7.4,79.231,5603279.0,Middle East & North Africa,Upper middle income,3,4
Lebanon,LBN,2015,2.86129610832048,74.0,8529.51366007737,,,7.82593249,6.23299980163574,7.2,79.409,5851479.0,Middle East & North Africa,Upper middle income,3,4
Lebanon,LBN,2016,2.86129610832048,76.11,8571.1262475123,,,8.01673185,6.26300001144409,6.9,79.584,6006668.0,Middle East & North Africa,Upper middle income,3,4
Lebanon,LBN,2017,2.86129610832048,78.18077489,8808.58944759405,,,5.533000995,6.11399984359741,6.7,79.758,6082357.0,Middle East & North Africa,Upper middle income,3,4
Lebanon,LBN,2018,2.86129610832048,20.80096366,4234.64075149378,,,5.533000995,6.16699981689453,21.7,,,Middle East & North Africa,Upper middle income,3,4
Lesotho,LSO,2000,0.990975539666902,0.21180607,474.819790600388,86.2544326782227,,5.85720501,17.547250032424937,82.5,48.405,1868699.0,Sub-Saharan Africa,Lower middle income,6,2
Lesotho,LSO,2001,0.995518981099761,0.261150063,437.819015426502,,,6.37439109,17.547250032424937,83.7,47.195,1885955.0,Sub-Saharan Africa,Lower middle income,6,2
Lesotho,LSO,2002,1.00238026149233,1.083943137,407.80939071857,,,5.95861381,17.547250032424937,84.7,46.394,1902312.0,Sub-Saharan Africa,Lower middle income,6,2
Lesotho,LSO,2003,1.00751369716964,1.53249659,603.636278327567,,0.047,5.62080341,17.547250032424937,85.5,46.021,1918097.0,Sub-Saharan Africa,Lower middle income,6,2
Lesotho,LSO,2004,1.02591832977544,2.175524339,781.514595393181,,,5.63196618,17.547250032424937,85.7,46.078,1933728.0,Sub-Saharan Africa,Lower middle income,6,2
Lesotho,LSO,2005,1.03264354774427,2.580245484,862.946308366279,,,5.06624425,17.547250032424937,85.5,46.521,1949543.0,Sub-Saharan Africa,Lower middle income,6,2
Lesotho,LSO,2006,1.03723427527215,2.979708187,915.775748629971,,,5.69018583,17.547250032424937,84.3,47.266,1965662.0,Sub-Saharan Africa,Lower middle income,6,2
Lesotho,LSO,2007,1.04703405712694,3.44543126,865.799330202721,,,6.76945696,17.547250032424937,81.8,48.171,1982287.0,Sub-Saharan Africa,Lower middle income,6,2
Lesotho,LSO,2008,1.06346722135275,3.58,879.298274200951,,,7.27228063,17.547250032424937,82.1,49.112,1999930.0,Sub-Saharan Africa,Lower middle income,6,2
Lesotho,LSO,2009,1.09871489281199,3.72,878.165423386524,75.8002014160156,,8.43277294,17.547250032424937,79.2,50.014,2019209.0,Sub-Saharan Africa,Lower middle income,6,2
Lesotho,LSO,2010,1.11597651810712,3.86,1157.34109192083,,,7.67230137,17.547250032424937,74.5,50.826,2040551.0,Sub-Saharan Africa,Lower middle income,6,2
Lesotho,LSO,2011,1.12985680415238,7.0,1350.64325215722,,,8.7529085,17.547250032424937,73.0,51.53,2064166.0,Sub-Saharan Africa,Lower middle income,6,2
Lesotho,LSO,2012,1.15102147059612,10.0,1281.6115077407,,,8.58117764,17.547250032424937,72.8,52.158,2089928.0,Sub-Saharan Africa,Lower middle income,6,2
Lesotho,LSO,2013,1.14996356313354,15.0,1192.99876553274,,,8.92014418,17.547250032424937,72.0,52.738,2117361.0,Sub-Saharan Africa,Lower middle income,6,2
Lesotho,LSO,2014,1.15011103162712,22.0,1218.46610643407,76.6352005004883,,8.62813108,17.547250032424937,70.9,53.268,2145785.0,Sub-Saharan Africa,Lower middle income,6,2
Lesotho,LSO,2015,2.86129610832048,25.0,1154.35521879082,,,8.34570567,17.547250032424937,70.5,53.745,2174645.0,Sub-Saharan Africa,Lower middle income,6,2
Lesotho,LSO,2016,2.86129610832048,27.36,1054.26875375922,,,8.0765782,17.547250032424937,68.4,54.174,2203821.0,Sub-Saharan Africa,Lower middle income,6,2
Lesotho,LSO,2017,2.86129610832048,29.78780333,1154.44424617304,,,5.533000995,17.547250032424937,66.5,54.568,2233339.0,Sub-Saharan Africa,Lower middle income,6,2
Lesotho,LSO,2018,2.86129610832048,20.80096366,4234.64075149378,,,5.533000995,17.547250032424937,21.7,,,Sub-Saharan Africa,Lower middle income,6,2
Liberia,LBR,2000,0.146195799512016,0.017702706,302.996475672572,,,3.9942417,2.7720000743866,91.04999999999998,52.423,2884522.0,Sub-Saharan Africa,Low income,6,1
Liberia,LBR,2001,0.164278273242371,0.033812227,302.895358680259,,,3.23545603,2.60599994659424,91.04999999999998,52.543,2991132.0,Sub-Saharan Africa,Low income,6,1
Liberia,LBR,2002,0.159233697360933,0.032713307,302.658003312587,,,2.7384659,2.65499997138977,91.04999999999998,52.814,3062863.0,Sub-Saharan Africa,Low income,6,1
Liberia,LBR,2003,0.167097261340856,0.031868935,240.033399299731,,,3.12121963,2.60599994659424,91.04999999999998,53.323,3116233.0,Sub-Saharan Africa,Low income,6,1
Liberia,LBR,2004,0.193947010685635,0.031011185,282.393919684273,,0.032,7.70776684,2.52600002288818,91.04999999999998,54.084,3176414.0,Sub-Saharan Africa,Low income,6,1
Liberia,LBR,2005,0.222635631341549,20.80096366,290.994502074371,,,8.78575058,2.42199993133545,89.9,55.052,3261230.0,Sub-Saharan Africa,Low income,6,1
Liberia,LBR,2006,0.22159475662043,20.80096366,331.473251974769,,,7.33268114,2.2260000705719,84.6,56.136,3375838.0,Sub-Saharan Africa,Low income,6,1
Liberia,LBR,2007,0.189982043489598,0.551376581,390.841610369913,42.9410781860352,,9.21247402,2.03200006484985,80.2,57.207,3512932.0,Sub-Saharan Africa,Low income,6,1
Liberia,LBR,2008,0.154168462784395,0.53,471.199371661371,,0.014,7.38733095,1.96399998664856,76.5,58.167,3662993.0,Sub-Saharan Africa,Low income,6,1
Liberia,LBR,2009,0.135653470209323,2.0,463.855965376615,,,9.44103099,2.24600005149841,73.3,58.977,3811528.0,Sub-Saharan Africa,Low income,6,1
Liberia,LBR,2010,0.200619787873991,2.3,506.063004590787,,0.023,8.80720844,2.26600003242493,70.4,59.631,3948125.0,Sub-Saharan Africa,Low income,6,1
Liberia,LBR,2011,0.218929837522637,2.5,589.165014605052,,,9.09986266,2.27699995040894,67.8,60.155,4070167.0,Sub-Saharan Africa,Low income,6,1
Liberia,LBR,2012,0.245544548772791,2.6,650.71362072029,,,8.48516518,2.26300001144409,65.4,60.615,4181563.0,Sub-Saharan Africa,Low income,6,1
Liberia,LBR,2013,0.223290252575012,3.2,715.53704589819,,,8.0748066,2.28800010681152,63.2,61.066,4286291.0,Sub-Saharan Africa,Low income,6,1
Liberia,LBR,2014,0.21296766351526,5.41,716.052908657476,,,8.91179706,2.20700001716614,61.2,61.527,4390737.0,Sub-Saharan Africa,Low income,6,1
Liberia,LBR,2015,2.86129610832048,5.903867603,706.059465897239,,,10.18906067,2.18400001525879,59.3,62.007,4499621.0,Sub-Saharan Africa,Low income,6,1
Liberia,LBR,2016,2.86129610832048,7.319106411,710.436009357099,,,9.61511081,2.15000009536743,57.6,62.505,4613823.0,Sub-Saharan Africa,Low income,6,1
Liberia,LBR,2017,2.86129610832048,7.984479722,694.319582848856,,,5.533000995,2.02800011634827,55.9,63.006,4731906.0,Sub-Saharan Africa,Low income,6,1
Liberia,LBR,2018,2.86129610832048,20.80096366,4234.64075149378,,,5.533000995,2.03299999237061,21.7,,,Sub-Saharan Africa,Low income,6,1
Libya,LBY,2000,8.79682718632737,0.187042622,7145.62849363423,,,3.42542057,17.547250032424937,24.1,70.473,5355751.0,Middle East & North Africa,Upper middle income,3,4
Libya,LBY,2001,8.84099907987514,0.366533175,6269.58012312628,,,4.05162821,17.547250032424937,23.4,70.616,5440566.0,Middle East & North Africa,Upper middle income,3,4
Libya,LBY,2002,8.65349944776269,2.244418222,3705.44263810764,,,4.89009927,17.547250032424937,22.7,70.783,5527515.0,Middle East & North Africa,Upper middle income,3,4
Libya,LBY,2003,8.75490673709462,2.814517987,4676.96750257125,,,4.10041168,17.547250032424937,21.9,70.97,5615952.0,Middle East & North Africa,Upper middle income,3,4
Libya,LBY,2004,8.82752645641998,3.532838162,5806.08360358565,86.0999984741211,1.24,3.49171287,17.547250032424937,20.9,71.17,5704759.0,Middle East & North Africa,Upper middle income,3,4
Libya,LBY,2005,8.99549052184409,3.917787977,8171.36165082884,,,2.59774676,17.547250032424937,19.8,71.362,5792688.0,Middle East & North Africa,Upper middle income,3,4
Libya,LBY,2006,9.05739993726021,4.301051789,9344.98751794529,,,2.51467609,17.547250032424937,18.6,71.521,5881435.0,Middle East & North Africa,Upper middle income,3,4
Libya,LBY,2007,8.3678691509828,4.721999379,11308.5666057964,,,2.4379137,17.386999130249,17.3,71.629,5970362.0,Middle East & North Africa,Upper middle income,3,4
Libya,LBY,2008,9.25370943510062,9.0,14396.0486485106,,1.823,2.63571721,16.5459995269775,16.1,71.681,6053078.0,Middle East & North Africa,Upper middle income,3,4
Libya,LBY,2009,9.47205276608453,10.8,10296.9735275996,,1.934,4.28816055,17.193000793457,15.1,71.679,6121053.0,Middle East & North Africa,Upper middle income,3,4
Libya,LBY,2010,10.043749858165,14.0,12120.5621692062,,1.9,3.58541106,17.547250032424937,14.2,71.643,6169140.0,Middle East & North Africa,Upper middle income,3,4
Libya,LBY,2011,6.41036612410331,14.0,5602.54943425492,,,6.05012753,17.547250032424937,13.9,71.598,6193501.0,Middle East & North Africa,Upper middle income,3,4
Libya,LBY,2012,8.49977348474362,20.80096366,13209.1407809781,,,5.533000995,17.547250032424937,12.9,71.574,6198258.0,Middle East & North Africa,Upper middle income,3,4
Libya,LBY,2013,9.08113628697363,16.5,10571.8507632837,,,5.533000995,17.547250032424937,12.3,71.592,6195970.0,Middle East & North Africa,Upper middle income,3,4
Libya,LBY,2014,9.18684539340708,17.76,6631.52904725951,,2.092,5.533000995,17.1310005187988,11.8,71.659,6204108.0,Middle East & North Africa,Upper middle income,3,4
Libya,LBY,2015,2.86129610832048,19.01607978,4465.49036623447,,,5.533000995,16.0949993133545,11.4,71.776,6234955.0,Middle East & North Africa,Upper middle income,3,4
Libya,LBY,2016,2.86129610832048,20.27215956,4166.63052895261,,,5.533000995,16.2390003204346,11.0,71.934,6293253.0,Middle East & North Africa,Upper middle income,3,4
Libya,LBY,2017,2.86129610832048,21.75892062,5978.04292565728,,,5.533000995,17.1219997406006,10.6,72.11,6374616.0,Middle East & North Africa,Upper middle income,3,4
Libya,LBY,2018,2.86129610832048,20.80096366,4234.64075149378,,,5.533000995,17.2870006561279,21.7,,,Middle East & North Africa,Upper middle income,3,4
Liechtenstein,LIE,2000,2.86129610832048,36.51522989,28490.211716540907,,,5.533000995,6.34000015258789,21.7,76.8268292682927,33286.0,Europe & Central Asia,High income,1,0
Liechtenstein,LIE,2001,2.86129610832048,45.11685265,28490.211716540907,,,5.533000995,6.34000015258789,21.7,79.2756097560976,33671.0,Europe & Central Asia,High income,1,0
Liechtenstein,LIE,2002,2.86129610832048,59.47071067,28490.211716540907,,,5.533000995,6.34000015258789,21.7,79.6365853658537,34018.0,Europe & Central Asia,High income,1,0
Liechtenstein,LIE,2003,2.86129610832048,58.80969184,28490.211716540907,,,5.533000995,6.34000015258789,21.7,79.9609756097561,34321.0,Europe & Central Asia,High income,1,0
Liechtenstein,LIE,2004,2.86129610832048,64.00744814,28490.211716540907,,,5.533000995,6.34000015258789,21.7,81.7707317073171,34596.0,Europe & Central Asia,High income,1,0
Liechtenstein,LIE,2005,2.86129610832048,63.37135615,28490.211716540907,,,5.533000995,6.34000015258789,21.7,80.6682926829268,34852.0,Europe & Central Asia,High income,1,0
Liechtenstein,LIE,2006,2.86129610832048,64.21416136,28490.211716540907,,,5.533000995,6.34000015258789,21.7,80.9487804878049,35095.0,Europe & Central Asia,High income,1,0
Liechtenstein,LIE,2007,1.76487741350999,65.08021844,28490.211716540907,,,5.533000995,6.34000015258789,21.7,81.2951219512195,35322.0,Europe & Central Asia,High income,1,0
Liechtenstein,LIE,2008,1.75400241974058,70.0,28490.211716540907,,,5.533000995,6.34000015258789,21.7,82.6829268292683,35541.0,Europe & Central Asia,High income,1,0
Liechtenstein,LIE,2009,1.43538556170665,75.0,28490.211716540907,,,5.533000995,6.34000015258789,21.7,81.5,35766.0,Europe & Central Asia,High income,1,0
Liechtenstein,LIE,2010,1.52778935088743,80.0,28490.211716540907,,,5.533000995,6.34000015258789,21.7,81.8414634146342,36003.0,Europe & Central Asia,High income,1,0
Liechtenstein,LIE,2011,1.31455437899846,85.0,28490.211716540907,,,5.533000995,6.34000015258789,21.7,81.7926829268293,36264.0,Europe & Central Asia,High income,1,0
Liechtenstein,LIE,2012,1.30444657271857,89.4077,28490.211716540907,,,5.533000995,6.34000015258789,21.7,82.3829268292683,36545.0,Europe & Central Asia,High income,1,0
Liechtenstein,LIE,2013,1.39376662865831,93.8,28490.211716540907,,,5.533000995,6.34000015258789,21.7,82.2609756097561,36834.0,Europe & Central Asia,High income,1,0
Liechtenstein,LIE,2014,1.18522907856816,95.21,28490.211716540907,,,5.533000995,6.34000015258789,21.7,82.0731707317073,37127.0,Europe & Central Asia,High income,1,0
Liechtenstein,LIE,2015,2.86129610832048,96.6411951,28490.211716540907,,,5.533000995,6.34000015258789,21.7,82.6560975609756,37403.0,Europe & Central Asia,High income,1,0
Liechtenstein,LIE,2016,2.86129610832048,98.09390389,28490.211716540907,,,5.533000995,6.34000015258789,21.7,82.2585365853659,37666.0,Europe & Central Asia,High income,1,0
Liechtenstein,LIE,2017,2.86129610832048,98.1,4234.64075149378,,,5.533000995,6.34000015258789,21.7,82.2585365853659,37922.0,Europe & Central Asia,High income,1,0
Lithuania,LTU,2000,3.47572906808217,6.427067495,3297.35470084107,,4.01,6.19174949,15.9309997558594,8.6,72.0195121951219,3499536.0,Europe & Central Asia,High income,1,0
Lithuania,LTU,2001,3.71262278805745,7.179356994,3530.14733731891,99.645751953125,4.027,6.00597977,16.8400001525879,8.2,71.6585365853659,3470818.0,Europe & Central Asia,High income,1,0
Lithuania,LTU,2002,3.81709911541077,17.69,4146.98792783931,,,6.13646725,13.0080003738403,7.9,71.7609756097561,3443067.0,Europe & Central Asia,High income,1,0
Lithuania,LTU,2003,3.75481675667081,25.91,5505.5356688311,,,6.17941601,12.875,7.6,72.0609756097561,3415213.0,Europe & Central Asia,High income,1,0
Lithuania,LTU,2004,3.92209352768298,31.23,6706.96699843928,,,5.50604338,10.6840000152588,7.4,71.9609756097561,3377075.0,Europe & Central Asia,High income,1,0
Lithuania,LTU,2005,4.18404209084167,36.22,7863.16200865166,,,5.64197326,8.32499980926514,7.2,71.2536585365854,3322528.0,Europe & Central Asia,High income,1,0
Lithuania,LTU,2006,4.32987187105207,43.9,9240.64254797441,,3.95,5.83789852,5.78000020980835,6.9,71.0560975609756,3269909.0,Europe & Central Asia,High income,1,0
Lithuania,LTU,2007,4.69369608584053,49.9,12297.9153480396,,4.034,5.75840523,4.25,6.5,70.9,3231294.0,Europe & Central Asia,High income,1,0
Lithuania,LTU,2008,4.69291649039735,55.22,14961.5681759187,,3.664,6.28742138,5.82600021362305,5.9,71.8121951219512,3198231.0,Europe & Central Asia,High income,1,0
Lithuania,LTU,2009,3.95810005703598,59.76,11837.3910271086,,,7.35569038,13.7849998474121,5.3,72.9146341463415,3162916.0,Europe & Central Asia,High income,1,0
Lithuania,LTU,2010,4.34861630293916,62.12,11984.8685698823,,3.915,6.8161025,17.547250032424937,4.9,73.2682926829268,3097282.0,Europe & Central Asia,High income,1,0
Lithuania,LTU,2011,4.55330131121176,63.6399774,14357.7352289471,99.8155975341797,4.041,6.49646167,15.3900003433228,4.5,73.5634146341464,3028115.0,Europe & Central Asia,High income,1,0
Lithuania,LTU,2012,4.62950967158482,67.22998933,14341.1816279932,,4.178,6.28769059,13.3649997711182,4.2,73.8634146341464,2987773.0,Europe & Central Asia,High income,1,0
Lithuania,LTU,2013,4.27365723711993,68.4529,15693.7867282599,,4.268,6.13999923,11.7700004577637,4.0,73.9146341463415,2957689.0,Europe & Central Asia,High income,1,0
Lithuania,LTU,2014,4.37809012309851,72.13,16545.1226673996,,4.33,6.1954704,10.6979999542236,4.0,74.5170731707317,2932367.0,Europe & Central Asia,High income,1,0
Lithuania,LTU,2015,2.86129610832048,71.378,14291.9064174959,,4.379,6.47636009,9.11999988555908,4.0,74.3219512195122,2904910.0,Europe & Central Asia,High income,1,0
Lithuania,LTU,2016,2.86129610832048,74.37664556,14982.5330474739,,,6.67158258,7.86199998855591,3.8,74.6707317073171,2868231.0,Europe & Central Asia,High income,1,0
Lithuania,LTU,2017,2.86129610832048,77.61525651,16809.6482569674,,,5.533000995,7.07299995422363,3.4,74.6707317073171,2828403.0,Europe & Central Asia,High income,1,0
Lithuania,LTU,2018,2.86129610832048,20.80096366,4234.64075149378,,,5.533000995,6.00699996948242,21.7,,,Europe & Central Asia,High income,1,0
Low & middle income,LMY,2000,2.11537439016194,1.40002118933967,1138.26581691336,77.3361434936523,0.997034321681936,4.65531674905095,5.16696584803987,58.8316161269813,65.5055451975176,5006331359.0,,,7,3
Low & middle income,LMY,2001,2.13256304814084,1.99465225076928,1139.04142001943,77.6852493286133,,4.74126556519641,5.25141369988648,56.9364069763574,65.8179392787672,5078333142.0,,,7,3
Low & middle income,LMY,2002,2.19175331105057,3.3936626627739,1180.95532325354,78.1230316162109,,4.86954228694668,5.4565250224291,54.9971846587678,66.1320384584142,5149852053.0,,,7,3
Low & middle income,LMY,2003,2.36529010418268,4.4714934658443,1309.22756214397,78.7640075683594,,4.96628981864594,5.57593902679963,53.0339428419407,66.4536004293242,5221596850.0,,,7,3
Low & middle income,LMY,2004,2.51608760626986,5.73976151344939,1530.80039129106,79.370002746582,,4.91134405250318,5.39376706055889,51.1538315062796,66.7916408673456,5293535848.0,,,7,3
Low & middle income,LMY,2005,2.64830067807892,6.81425733540081,1800.76477930052,79.3594131469727,,4.92676059930323,5.3285439895913,49.1991614325985,67.1161690337216,5365855198.0,,,7,3
Low & middle income,LMY,2006,2.78463455865992,8.37047654823883,2116.03543361943,79.3772888183594,,4.86228663817072,5.01704228264706,47.3997795683545,67.4753558095538,5438312606.0,,,7,3
Low & middle income,LMY,2007,2.88572764521667,10.9209932319997,2587.5948219165,80.0306701660156,,4.79396553361667,4.77455852719242,45.6037280898821,67.8241367337561,5510845496.0,,,7,3
Low & middle income,LMY,2008,3.02805474111942,13.5276772925505,3062.38989154847,80.4471130371094,,4.81040450689395,4.7278596475698,43.9171142088641,68.1534865512089,5584152146.0,,,7,3
Low & middle income,LMY,2009,3.06127190707468,16.1975960730886,2955.14749762216,80.8617630004883,,5.15678641331352,5.0558937365433,42.2138920112089,68.4974663911131,5658614849.0,,,7,3
Low & middle income,LMY,2010,3.2142177744576,19.8704787136752,3535.21482671877,81.3955001831055,,5.16007304613093,4.85140267587284,40.6974352453662,68.8086256372381,5733943206.0,,,7,3
Low & middle income,LMY,2011,3.42567298689197,22.6808499215856,4115.79103593632,81.4225921630859,,5.13314853645572,4.77137610218857,39.1252407195442,69.1236076569194,5810234066.0,,,7,3
Low & middle income,LMY,2012,3.50595302389191,25.8671896398531,4338.01481392423,82.3800582885742,,5.18386131041676,4.77318998251051,37.6799837230234,69.4062246608142,5887403423.0,,,7,3
Low & middle income,LMY,2013,3.47914977690477,28.6710630314915,4543.16987156799,82.5527420043945,1.17818006812615,5.27028679604801,4.79704427108408,36.3765515478736,69.6771603241768,5965522273.0,,,7,3
Low & middle income,LMY,2014,3.47610988167463,32.060877986862,4658.59366440385,82.9636306762695,,5.33515138116381,4.73244650838034,35.1624357223075,69.918508234165,6044110338.0,,,7,3
Low & middle income,LMY,2015,2.86129610832048,35.6849337462519,4345.9685674684,83.2375793457031,,5.32226111264322,4.89770217473262,33.9969554991419,70.1494780143059,6122853585.0,,,7,3
Low & middle income,LMY,2016,2.86129610832048,38.6222611957149,4312.26883423138,83.5369567871094,,5.37270136002063,4.9979674659518,32.9924967133254,70.3698678352416,6202027949.0,,,7,3
Low & middle income,LMY,2017,2.86129610832048,41.901311443437,4670.29123016073,,,5.533000995,4.91470446033722,31.9955141273269,70.579797472631,6281279888.0,,,7,3
Low & middle income,LMY,2018,2.86129610832048,20.80096366,4234.64075149378,,,5.533000995,4.89296689973097,21.7,,,,,7,3
Low income,LIC,2000,0.407045869212638,0.113438901380698,319.345862659523,50.6708793640137,0.165892018874725,4.16488772329231,4.29254894217726,88.1,53.5737272044774,465631330.0,,,7,3
Low income,LIC,2001,0.402802592415711,0.173971725686025,293.938162823769,51.3611602783203,,4.77176214138243,4.31851171362062,85.1,54.092204058846,478477973.0,,,7,3
Low income,LIC,2002,0.364133503229154,0.329457986104502,302.879078675393,51.6463317871094,,5.01242867477564,4.40240733935155,82.0,54.6703809248671,491764952.0,,,7,3
Low income,LIC,2003,0.396311343060703,0.527621064758872,320.792078138284,52.2902984619141,,5.34848145502199,4.37209935409384,78.9,55.2997825999615,505488618.0,,,7,3
Low income,LIC,2004,0.387938287367871,0.791301772913783,357.171643117191,54.1116981506348,,5.56067467407702,4.26586060680767,75.9,55.9706107053076,519630935.0,,,7,3
Low income,LIC,2005,0.392132957577701,1.07249063726188,395.340621572344,53.2630310058594,,5.56399564940236,4.18383483689862,73.0,56.6693443096383,534172627.0,,,7,3
Low income,LIC,2006,0.395533281820967,1.41287502200226,430.298659579031,53.0842094421387,,5.70245060875594,4.05508845642548,70.3,57.3825408106057,549135479.0,,,7,3
Low income,LIC,2007,0.391635457941619,1.931672213631,501.195934478049,54.2325782775879,,5.65163328277769,3.89402288149083,67.7,58.0936442114421,564514253.0,,,7,3
Low income,LIC,2008,0.401954779795958,2.57705850134892,591.121803920864,53.4046096801758,,5.65024507452341,3.89962757498761,65.3,58.7845295838932,580229110.0,,,7,3
Low income,LIC,2009,0.387771546059028,3.27663176024362,605.860960962268,54.6643981933594,,5.77319613255114,4.20436149278767,63.0,59.439901236278,596172925.0,,,7,3
Low income,LIC,2010,0.38717169808835,4.33998208924259,643.024588500379,54.7582893371582,,6.12356848321013,4.30731205518549,61.1,60.0500259762707,612274687.0,,,7,3
Low income,LIC,2011,0.352098092173012,4.88564730802339,710.161979108155,56.8175201416016,,5.70135958851617,4.23626061167799,58.6,60.6128024328676,628504663.0,,,7,3
Low income,LIC,2012,0.325237325667031,5.93474061486958,748.670406973586,57.9546813964844,,5.54478023941853,4.10211713858859,56.6,61.1370118051692,644901894.0,,,7,3
Low income,LIC,2013,0.315277065156451,7.32719453806295,801.948072592575,58.3858489990234,0.31108685815707,5.53696399726667,4.01753826669196,54.8,61.6298426973199,661550623.0,,,7,3
Low income,LIC,2014,0.320595160632741,8.97929345677106,837.975088090407,59.2793006896973,,5.64819084771176,3.83185626136059,53.1,62.0930431666334,678572076.0,,,7,3
Low income,LIC,2015,2.86129610832048,11.7475980827564,803.12671748006,59.7523918151855,,5.66269378509763,3.86203334414818,51.5,62.5278654126279,696058453.0,,,7,3
Low income,LIC,2016,2.86129610832048,13.5966179809894,758.473823818179,60.5816116333008,,5.59659117647004,3.8342092497366,50.0,62.9354735127997,714022293.0,,,7,3
Low income,LIC,2017,2.86129610832048,15.9952692934243,787.661451412436,,,5.533000995,3.66691798466176,48.6,63.3194485571204,732448558.0,,,7,3
Low income,LIC,2018,2.86129610832048,20.80096366,4234.64075149378,,,5.533000995,3.67317269566109,21.7,,,,,7,3
Lower middle income,LMC,2000,1.05143110612619,0.564034179919151,570.559630959174,66.6757507324219,0.604167702985492,3.70132558532825,4.48231060502594,66.7,62.6655389322479,2279894047.0,,,7,3
Lower middle income,LMC,2001,1.05621176364748,0.875030467110636,568.101135905508,67.1848602294922,,3.91106082354573,4.52418906181991,64.6,62.9852817289898,2319663773.0,,,7,3
Lower middle income,LMC,2002,1.06489627622754,1.59809184404172,602.65247342339,68.0193710327148,,3.78501302253481,4.64846177929354,62.5,63.3163057001815,2359545596.0,,,7,3
Lower middle income,LMC,2003,1.10184459207438,2.09581496210332,680.273403160783,68.8445205688477,,3.89118064838526,4.69348417049145,60.5,63.6474163234841,2399559858.0,,,7,3
Lower middle income,LMC,2004,1.1371213696082,2.91489533743339,768.168073178987,69.5552291870117,,3.82970146873639,4.62909225812946,58.6,63.9886426291262,2439591001.0,,,7,3
Lower middle income,LMC,2005,1.15639403540209,3.67554909302807,877.235900313391,69.4059677124023,,3.89275661819879,4.60654969976004,56.6,64.3354803045909,2479577431.0,,,7,3
Lower middle income,LMC,2006,1.18171613997305,4.56533744812596,1037.55826166526,69.4122161865234,,3.87647447866052,4.21949903643878,54.7,64.6976067910773,2519526342.0,,,7,3
Lower middle income,LMC,2007,1.23086887253714,5.74687082807901,1251.73107691502,69.8373794555664,,3.84828940042476,3.96604063404809,52.8,65.0662224707498,2559506456.0,,,7,3
Lower middle income,LMC,2008,1.30097771585923,6.77733881721235,1383.62597818407,70.7936019897461,,3.80034948061248,3.82824535676739,51.1,65.4332852067576,2599639626.0,,,7,3
Lower middle income,LMC,2009,1.33506809420011,7.83228994717086,1392.8700645557,71.4339828491211,,3.84139129607398,3.95673474797025,49.2,65.8119928969737,2640048111.0,,,7,3
Lower middle income,LMC,2010,1.33813053252425,10.7891193453984,1680.63677484143,72.7143478393555,,3.70894328829001,3.75063432840176,47.4,66.1804582502669,2681125444.0,,,7,3
Lower middle income,LMC,2011,1.44332182864054,13.0025590031914,1870.07196472268,72.2466430664063,,3.68025800663793,3.80225456519889,45.7,66.5223537254154,2722553718.0,,,7,3
Lower middle income,LMC,2012,1.51118575424219,15.5291505270825,1932.20386008523,74.2101898193359,,3.76735583581313,3.8583271768359,44.0,66.8369641454431,2764009843.0,,,7,3
Lower middle income,LMC,2013,1.43919336539734,18.1593339275449,1988.37032722425,74.6599426269531,0.702661796723714,4.0121082235777,4.00253968380153,42.4,67.1312784477564,2805787440.0,,,7,3
Lower middle income,LMC,2014,1.47402550841293,22.6011122053197,2063.06433665681,75.3697509765625,,3.90898372328252,3.95221808684772,40.9,67.3996087996539,2847558498.0,,,7,3
Lower middle income,LMC,2015,2.86129610832048,26.7999062926048,2019.85222753965,75.8382568359375,,3.92988502460032,4.14581706038492,39.4,67.6474018191821,2889358075.0,,,7,3
Lower middle income,LMC,2016,2.86129610832048,29.8285338895697,2071.07499732973,76.3502807617188,,3.93623379437949,4.11261164069038,38.1,67.8822229546122,2931083733.0,,,7,3
Lower middle income,LMC,2017,2.86129610832048,33.6856918773161,2209.06265384091,,,5.533000995,3.97233678277631,36.8,68.1054244634174,2972649833.0,,,7,3
Lower middle income,LMC,2018,2.86129610832048,20.80096366,4234.64075149378,,,5.533000995,3.97647017099404,21.7,,,,,7,3
Luxembourg,LUX,2000,11.48600787602411,22.88732797,28490.211716540907,,2.5,5.90139639,2.34500002861023,3.9,77.8731707317073,436300.0,Europe & Central Asia,High income,1,0
Luxembourg,LUX,2001,11.48600787602411,36.16342251,28490.211716540907,,2.5,6.41021208,1.80499994754791,3.7,77.8243902439025,441525.0,Europe & Central Asia,High income,1,0
Luxembourg,LUX,2002,11.48600787602411,39.84,28490.211716540907,,2.6,6.73757909,2.62100005149841,3.5,77.9658536585366,446175.0,Europe & Central Asia,High income,1,0
Luxembourg,LUX,2003,11.48600787602411,54.55,28490.211716540907,,2.7,6.97117626,3.67499995231628,3.3,77.7268292682927,451630.0,Europe & Central Asia,High income,1,0
Luxembourg,LUX,2004,11.48600787602411,65.88,28490.211716540907,,2.73,7.34653788,5.11299991607666,3.1,79.1219512195122,458095.0,Europe & Central Asia,High income,1,0
Luxembourg,LUX,2005,11.48600787602411,70.0,28490.211716540907,,2.852,7.18410018,4.48799991607666,3.0,79.4317073170732,465158.0,Europe & Central Asia,High income,1,0
Luxembourg,LUX,2006,11.48600787602411,72.51,28490.211716540907,,,6.7095662,4.73099994659424,2.8,79.2878048780488,472637.0,Europe & Central Asia,High income,1,0
Luxembourg,LUX,2007,11.48600787602411,78.92,28490.211716540907,,2.862,6.2342318,4.06500005722046,2.7,79.3829268292683,479993.0,Europe & Central Asia,High income,1,0
Luxembourg,LUX,2008,11.48600787602411,82.23,28490.211716540907,,,6.53786985,5.05999994277954,2.6,80.5390243902439,488650.0,Europe & Central Asia,High income,1,0
Luxembourg,LUX,2009,11.48600787602411,87.31,28490.211716540907,,,7.33958799,5.12200021743774,2.5,80.6365853658537,497783.0,Europe & Central Asia,High income,1,0
Luxembourg,LUX,2010,11.48600787602411,90.62,28490.211716540907,,2.764,7.03064916,4.36100006103516,2.4,80.6317073170732,506953.0,Europe & Central Asia,High income,1,0
Luxembourg,LUX,2011,11.48600787602411,90.02985856,28490.211716540907,,2.748,6.11205059,4.90100002288818,2.4,80.9878048780488,518347.0,Europe & Central Asia,High income,1,0
Luxembourg,LUX,2012,11.48600787602411,91.94992374,28490.211716540907,,2.776,6.57173956,5.1399998664856,2.3,81.3926829268293,530946.0,Europe & Central Asia,High income,1,0
Luxembourg,LUX,2013,11.48600787602411,93.7765,28490.211716540907,,2.799,6.55510074,5.84800004959106,2.3,81.8,543360.0,Europe & Central Asia,High income,1,0
Luxembourg,LUX,2014,11.48600787602411,94.67,28490.211716540907,,2.855,6.4285974,5.85200023651123,2.2,82.2292682926829,556319.0,Europe & Central Asia,High income,1,0
Luxembourg,LUX,2015,2.86129610832048,96.38,28490.211716540907,,2.92,6.18960579,6.66900014877319,2.2,82.2926829268293,569604.0,Europe & Central Asia,High income,1,0
Luxembourg,LUX,2016,2.86129610832048,97.82762613,28490.211716540907,,2.921,6.16378558,6.29099988937378,2.1,82.6853658536585,582014.0,Europe & Central Asia,High income,1,0
Luxembourg,LUX,2017,2.86129610832048,97.82762613,28490.211716540907,,,5.533000995,5.52199983596802,2.1,82.6853658536585,596336.0,Europe & Central Asia,High income,1,0
Luxembourg,LUX,2018,2.86129610832048,20.80096366,4234.64075149378,,,5.533000995,5.46999979019165,21.7,,,Europe & Central Asia,High income,1,0
"Macao SAR, China",MAC,2000,3.81283894770538,13.60858974,15702.8555275752,,,5.533000995,6.80000019073486,21.7,80.407,427979.0,East Asia & Pacific,High income,0,0
"Macao SAR, China",MAC,2001,3.85047514044206,22.52121677,15547.8735275484,91.2953720092773,,5.533000995,6.40000009536743,21.7,80.645,438081.0,East Asia & Pacific,High income,0,0
"Macao SAR, China",MAC,2002,3.3819370188195,25.17188016,16312.6377158653,,,5.533000995,6.30000019073486,21.7,80.87,448896.0,East Asia & Pacific,High income,0,0
"Macao SAR, China",MAC,2003,3.33112244565324,25.74212398,17809.5981547644,,,5.533000995,6.0,21.7,81.089,460147.0,East Asia & Pacific,High income,0,0
"Macao SAR, China",MAC,2004,3.64014228353622,31.48409738,22453.1923456372,,,5.533000995,4.90000009536743,21.7,81.304,471453.0,East Asia & Pacific,High income,0,0
"Macao SAR, China",MAC,2005,3.79193632281234,34.86292717,25058.5359342937,,,5.533000995,4.09999990463257,21.7,81.523,482559.0,East Asia & Pacific,High income,0,0
"Macao SAR, China",MAC,2006,3.2855225816914,46.4,28490.211716540907,93.4997482299805,,5.533000995,3.79999995231628,21.7,81.748,493320.0,East Asia & Pacific,High income,0,0
"Macao SAR, China",MAC,2007,3.04962854018177,47.327,28490.211716540907,,,5.533000995,3.20000004768372,21.7,81.981,503823.0,East Asia & Pacific,High income,0,0
"Macao SAR, China",MAC,2008,2.6022362291678,49.24,28490.211716540907,,,5.533000995,3.0,21.7,82.22,514348.0,East Asia & Pacific,High income,0,0
"Macao SAR, China",MAC,2009,3.94403907765466,54.0,28490.211716540907,,,5.533000995,3.57999992370605,21.7,82.462,525313.0,East Asia & Pacific,High income,0,0
"Macao SAR, China",MAC,2010,2.62236367462554,55.198,28490.211716540907,,,5.533000995,2.83999991416931,21.7,82.704,536969.0,East Asia & Pacific,High income,0,0
"Macao SAR, China",MAC,2011,2.63626171422123,60.20369672,28490.211716540907,95.6400375366211,,5.533000995,2.55999994277954,21.7,82.937,549439.0,East Asia & Pacific,High income,0,0
"Macao SAR, China",MAC,2012,2.33371316425228,61.31,28490.211716540907,,,5.533000995,1.97000002861023,21.7,83.155,562531.0,East Asia & Pacific,High income,0,0
"Macao SAR, China",MAC,2013,2.05052089031521,65.8,28490.211716540907,,,5.533000995,1.82000005245209,21.7,83.355,575841.0,East Asia & Pacific,High income,0,0
"Macao SAR, China",MAC,2014,2.17984275987167,69.78,28490.211716540907,,,5.533000995,1.70000004768372,21.7,83.536,588781.0,East Asia & Pacific,High income,0,0
"Macao SAR, China",MAC,2015,2.86129610832048,77.60013186,28490.211716540907,,,5.533000995,1.80999994277954,21.7,83.7,600942.0,East Asia & Pacific,High income,0,0
"Macao SAR, China",MAC,2016,2.86129610832048,81.64298546,28490.211716540907,96.5384902954102,,5.533000995,1.89999997615814,21.7,83.849,612167.0,East Asia & Pacific,High income,0,0
"Macao SAR, China",MAC,2017,2.86129610832048,83.17408907,28490.211716540907,,,5.533000995,2.0,21.7,83.991,622567.0,East Asia & Pacific,High income,0,0
"Macao SAR, China",MAC,2018,2.86129610832048,20.80096366,4234.64075149378,,,5.533000995,2.02300000190735,21.7,,,East Asia & Pacific,High income,0,0
Madagascar,MDG,2000,0.118846962409508,0.196394691,245.939065850803,70.6861724853516,,5.38570344,5.80000019073486,68.5,58.485,15766806.0,Sub-Saharan Africa,Low income,6,1
Madagascar,MDG,2001,0.107117168929801,0.222511586,278.555703176672,,0.087,5.71562383,5.34999990463257,65.2,59.129,16260932.0,Sub-Saharan Africa,Low income,6,1
Madagascar,MDG,2002,0.0737113257247176,0.339720155,262.285948115461,,0.136,5.90622814,4.94500017166138,62.1,59.717,16765117.0,Sub-Saharan Africa,Low income,6,1
Madagascar,MDG,2003,0.0984706357798689,0.423252419,316.799896490486,,0.148,4.82440324,4.46999979019165,59.3,60.256,17279141.0,Sub-Saharan Africa,Low income,6,1
Madagascar,MDG,2004,0.101546441871557,0.525353655,245.123587583262,,0.157,5.49482167,3.20199990272522,56.6,60.752,17802997.0,Sub-Saharan Africa,Low income,6,1
Madagascar,MDG,2005,0.0949910681973509,0.567721802,274.819702299258,,0.181,5.5263217,2.35999989509583,54.0,61.212,18336724.0,Sub-Saharan Africa,Low income,6,1
Madagascar,MDG,2006,0.089148787506618,0.607552239,292.150744287583,,0.171,5.61919175,2.51999998092651,51.7,61.65,18880268.0,Sub-Saharan Africa,Low income,6,1
Madagascar,MDG,2007,0.0934038053728086,0.65,377.848292823497,,0.182,5.20623049,2.55599999427795,49.4,62.079,19433523.0,Sub-Saharan Africa,Low income,6,1
Madagascar,MDG,2008,0.0944419237216331,1.65,470.733254004499,,0.187,4.51785248,2.67300009727478,47.1,62.509,19996469.0,Sub-Saharan Africa,Low income,6,1
Madagascar,MDG,2009,0.0861077631854079,1.63,415.689322591492,64.4809112548828,0.182,4.82792224,3.51300001144409,45.0,62.944,20569121.0,Sub-Saharan Africa,Low income,6,1
Madagascar,MDG,2010,0.0925780695964946,1.7,412.730934137725,,0.196,5.32037158,4.28000020980835,42.9,63.388,21151640.0,Sub-Saharan Africa,Low income,6,1
Madagascar,MDG,2011,0.107595267078671,1.9,454.963463976433,,0.144,4.9819346,2.06299996376038,40.9,63.836,21743949.0,Sub-Saharan Africa,Low income,6,1
Madagascar,MDG,2012,0.12110340140298,2.3,443.906100111531,71.5726165771484,0.143,3.97327766,0.598999977111816,39.0,64.28,22346573.0,Sub-Saharan Africa,Low income,6,1
Madagascar,MDG,2013,0.135748886401402,3.0,461.723072174234,,,4.22997193,0.935000002384186,37.4,64.713,22961146.0,Sub-Saharan Africa,Low income,6,1
Madagascar,MDG,2014,0.130421320637677,3.7,452.463192574895,,,5.08265223,1.33399999141693,36.1,65.133,23589801.0,Sub-Saharan Africa,Low income,6,1
Madagascar,MDG,2015,2.86129610832048,4.17397219,402.088311769817,,,5.50418518,1.79999995231628,34.9,65.539,24234088.0,Sub-Saharan Africa,Low income,6,1
Madagascar,MDG,2016,2.86129610832048,4.713662899,401.742265413689,,,6.00363747,1.75499999523163,33.7,65.932,24894551.0,Sub-Saharan Africa,Low income,6,1
Madagascar,MDG,2017,2.86129610832048,9.8,449.722381894452,,,5.533000995,1.6690000295639,32.7,66.312,25570895.0,Sub-Saharan Africa,Low income,6,1
Madagascar,MDG,2018,2.86129610832048,20.80096366,4234.64075149378,,,5.533000995,1.65900003910065,21.7,,,Sub-Saharan Africa,Low income,6,1
Malawi,MWI,2000,0.0763946782801807,0.126780945,153.259508675372,,,3.35252887,8.4040002822876,91.04999999999998,46.45,11376172.0,Sub-Saharan Africa,Low income,6,1
Malawi,MWI,2001,0.0739930007730084,0.164020725,146.761539725235,,,2.98039698,8.3149995803833,91.04999999999998,46.71,11695863.0,Sub-Saharan Africa,Low income,6,1
Malawi,MWI,2002,0.0708144219550479,0.215094727,290.979897687755,,,3.77586968,8.30700016021729,87.1,47.169,12013711.0,Sub-Saharan Africa,Low income,6,1
Malawi,MWI,2003,0.07431087454841,0.278815116,260.105251697695,,0.011,4.67483659,8.22500038146973,80.2,47.843,12336687.0,Sub-Saharan Africa,Low income,6,1
Malawi,MWI,2004,0.0734786374102066,0.347505335,274.225629402118,,0.021,5.73337382,8.0939998626709,74.0,48.735,12676038.0,Sub-Saharan Africa,Low income,6,1
Malawi,MWI,2005,0.0672110754601847,0.384489334,280.367384226713,,,6.05505064,7.80000019073486,69.2,49.846,13039711.0,Sub-Saharan Africa,Low income,6,1
Malawi,MWI,2006,0.0679920460260586,0.42513749,297.709596899192,,,6.91642115,7.0939998626709,65.8,51.163,13429262.0,Sub-Saharan Africa,Low income,6,1
Malawi,MWI,2007,0.0641150196926241,0.965864737,320.276495511186,,,7.66315605,6.46199989318848,63.4,52.63,13840969.0,Sub-Saharan Africa,Low income,6,1
Malawi,MWI,2008,0.0740017296331908,0.7,372.848780444367,,0.018,8.59821658,6.17999982833862,60.5,54.177,14271234.0,Sub-Saharan Africa,Low income,6,1
Malawi,MWI,2009,0.0642957247501496,1.07,420.747205068564,,0.018,8.26966223,6.42999982833862,58.4,55.745,14714602.0,Sub-Saharan Africa,Low income,6,1
Malawi,MWI,2010,0.0754332982024574,2.26,458.865430122972,61.3097190856934,0.019,7.24141071,6.32399988174438,56.2,57.263,15167095.0,Sub-Saharan Africa,Low income,6,1
Malawi,MWI,2011,0.0755568762942631,3.33,512.17023204094,,,7.49375141,6.3730001449585,52.9,58.667,15627618.0,Sub-Saharan Africa,Low income,6,1
Malawi,MWI,2012,0.0681128300668963,4.3506,374.50293256129,,,8.47896858,6.17700004577637,49.2,59.927,16097305.0,Sub-Saharan Africa,Low income,6,1
Malawi,MWI,2013,0.0738835216940527,5.05,332.921024865108,,,10.301360604158114,5.94600009918213,46.4,61.02,16577147.0,Sub-Saharan Africa,Low income,6,1
Malawi,MWI,2014,0.0747629100469522,5.83,354.318989805753,65.1453704833984,,9.71204623,5.87599992752075,44.1,61.932,17068838.0,Sub-Saharan Africa,Low income,6,1
Malawi,MWI,2015,2.86129610832048,9.298148347,362.658197650946,62.1435394287109,,9.33346903,5.78599977493286,42.0,62.661,17573607.0,Sub-Saharan Africa,Low income,6,1
Malawi,MWI,2016,2.86129610832048,11.47,300.307748766344,,,9.83034233,5.71199989318848,40.2,63.223,18091575.0,Sub-Saharan Africa,Low income,6,1
Malawi,MWI,2017,2.86129610832048,13.78216439,338.484430340903,,,5.533000995,5.46799993515015,38.5,63.671,18622104.0,Sub-Saharan Africa,Low income,6,1
Malawi,MWI,2018,2.86129610832048,20.80096366,4234.64075149378,,,5.533000995,5.42999982833862,21.7,,,Sub-Saharan Africa,Low income,6,1
Malaysia,MYS,2000,5.4229371944872,21.38473116,4045.17047135901,88.6877593994141,0.689,2.56480446,3.0,8.7,72.8,23185608.0,East Asia & Pacific,Upper middle income,0,4
Malaysia,MYS,2001,5.72264062642214,26.6959725,3915.11504595638,,,2.72831661,3.52999997138977,8.1,72.966,23698907.0,East Asia & Pacific,Upper middle income,0,4
Malaysia,MYS,2002,5.52683452091923,32.33820434,4167.36438653514,,0.697,2.72418228,3.48000001907349,7.6,73.113,24198811.0,East Asia & Pacific,Upper middle income,0,4
Malaysia,MYS,2003,6.41008638647401,34.97115234,4463.67589342594,,,2.98330183,3.60999989509583,7.3,73.242,24688703.0,East Asia & Pacific,Upper middle income,0,4
Malaysia,MYS,2004,6.50775334292864,42.25226563,4955.47774271198,,,2.91764555,3.53999996185303,7.1,73.356,25174109.0,East Asia & Pacific,Upper middle income,0,4
Malaysia,MYS,2005,6.80011647196798,48.62917025,5593.82299540355,,,2.84462247,3.52999997138977,7.0,73.463,25659393.0,East Asia & Pacific,Upper middle income,0,4
Malaysia,MYS,2006,6.41469151530438,51.63798899,6222.98295481975,,,3.17184255,3.3199999332428,6.9,73.577,26143566.0,East Asia & Pacific,Upper middle income,0,4
Malaysia,MYS,2007,6.94125576108476,55.7,7269.17114042014,,,3.1216423,3.23000001907349,6.8,73.704,26625845.0,East Asia & Pacific,Upper middle income,0,4
Malaysia,MYS,2008,7.52577775520397,55.8,8513.6295414071,,0.923,3.08152043,3.33999991416931,6.7,73.852,27111069.0,East Asia & Pacific,Upper middle income,0,4
Malaysia,MYS,2009,7.20424991024395,55.9,7326.74443486459,,,3.32245725,3.69000005722046,6.6,74.022,27605383.0,East Asia & Pacific,Upper middle income,0,4
Malaysia,MYS,2010,7.77155474604007,56.3,9071.35698672103,93.1178894042969,1.173,3.22872473,3.25,6.6,74.21,28112289.0,East Asia & Pacific,Upper middle income,0,4
Malaysia,MYS,2011,7.69701588203133,61.0,10405.120619133,,1.281,3.38865622,3.04999995231628,6.5,74.408,28635128.0,East Asia & Pacific,Upper middle income,0,4
Malaysia,MYS,2012,7.49755896856738,65.8,10779.5075072926,,,3.54644915,3.03999996185303,6.4,74.606,29170456.0,East Asia & Pacific,Upper middle income,0,4
Malaysia,MYS,2013,7.96151399932217,57.05751226,10882.2891042102,,,3.57183876,3.10999989509583,6.4,74.797,29706724.0,East Asia & Pacific,Upper middle income,0,4
Malaysia,MYS,2014,8.03299157864044,63.66542588,11183.729432082,,,3.77302208,2.88000011444092,6.4,74.976,30228017.0,East Asia & Pacific,Upper middle income,0,4
Malaysia,MYS,2015,2.86129610832048,71.06406781,9655.13737655446,,1.533,3.89755195,3.09999990463257,6.5,75.143,30723155.0,East Asia & Pacific,Upper middle income,0,4
Malaysia,MYS,2016,2.86129610832048,78.78830993,9515.19431808728,93.7347030639648,,3.80219497,3.44000005722046,6.6,75.3,31187265.0,East Asia & Pacific,Upper middle income,0,4
Malaysia,MYS,2017,2.86129610832048,80.14047901,9951.54415327241,,,5.533000995,3.41000008583069,6.7,75.452,31624264.0,East Asia & Pacific,Upper middle income,0,4
Malaysia,MYS,2018,2.86129610832048,20.80096366,4234.64075149378,,,5.533000995,3.35999989509583,21.7,,,East Asia & Pacific,Upper middle income,0,4
Maldives,MDV,2000,1.60865455946131,2.203872939,2226.72172907378,,0.777,7.7365586,1.97000002861023,35.1,69.936,280384.0,South Asia,Upper middle income,5,4
Maldives,MDV,2001,1.60975099903493,3.617290649,3031.69993959485,,,8.21364966,2.13700008392334,31.4,70.842,287027.0,South Asia,Upper middle income,5,4
Maldives,MDV,2002,2.01825094023598,5.347765169,3047.59190870453,,,8.78440171,2.39800000190735,27.9,71.737,294341.0,South Asia,Upper middle income,5,4
Maldives,MDV,2003,1.67449017070967,5.97659285,3481.43521433015,,,6.77857531,2.64199995994568,24.7,72.603,302209.0,South Asia,Upper middle income,5,4
Maldives,MDV,2004,2.14995022920338,6.588254875,3952.12198355148,,1.007,7.48356985,2.78299999237061,22.3,73.418,310423.0,South Asia,Upper middle income,5,4
Maldives,MDV,2005,1.8861985472155,6.869605067,3648.78005463624,,,8.82753409,2.87400007247925,19.3,74.151,318836.0,South Asia,Upper middle income,5,4
Maldives,MDV,2006,2.31868125154641,11.03635278,4811.66746787284,98.3979034423828,,8.04819013,3.02900004386902,17.1,74.771,327371.0,South Asia,Upper middle income,5,4
Maldives,MDV,2007,2.32413187728747,16.3,5559.50683172405,,1.749,8.30568126,3.01600003242493,15.3,75.269,336070.0,South Asia,Upper middle income,5,4
Maldives,MDV,2008,2.44428408307106,23.2,6583.45124965947,,,10.301360604158114,3.13000011444092,13.7,75.648,345054.0,South Asia,Upper middle income,5,4
Maldives,MDV,2009,2.49293231894973,24.8,6615.76377781727,,1.61,10.09288165,3.73499989509583,12.4,75.92,354501.0,South Asia,Upper middle income,5,4
Maldives,MDV,2010,2.56531352963285,26.53,7100.40589910181,,1.579,8.48759024,4.11399984359741,11.2,76.112,364511.0,South Asia,Upper middle income,5,4
Maldives,MDV,2011,2.62954274640059,34.0,7395.68779981626,,,7.92251577,4.39099979400635,10.2,76.259,375131.0,South Asia,Upper middle income,5,4
Maldives,MDV,2012,2.87698697317214,38.9301,7473.19562949108,,,8.67304801,4.64799976348877,9.3,76.401,386203.0,South Asia,Upper middle income,5,4
Maldives,MDV,2013,2.74980938457009,44.1,8291.48529494197,,,8.14059515,5.0310001373291,8.6,76.571,397397.0,South Asia,Upper middle income,5,4
Maldives,MDV,2014,3.26955984979681,49.28,9056.65343979878,98.6101226806641,2.154,7.90784106,5.21000003814697,8.0,76.783,408247.0,South Asia,Upper middle income,5,4
Maldives,MDV,2015,2.86129610832048,54.46195515,9821.69057441832,,3.611,8.89896749,5.67799997329712,7.5,77.042,418403.0,South Asia,Upper middle income,5,4
Maldives,MDV,2016,2.86129610832048,59.09258997,10319.0971600694,,,10.301360604158114,6.11999988555908,7.1,77.339,427756.0,South Asia,Upper middle income,5,4
Maldives,MDV,2017,2.86129610832048,63.18566588,11151.069206829,,,5.533000995,5.82999992370605,6.8,77.649,436330.0,South Asia,Upper middle income,5,4
Maldives,MDV,2018,2.86129610832048,20.80096366,4234.64075149378,,,5.533000995,6.07499980926514,21.7,,,South Asia,Upper middle income,5,4
Mali,MLI,2000,0.0748934369953928,0.142545755,269.348382916517,,0.044,5.10195223,5.53399991989136,91.04999999999998,48.069,10967690.0,Sub-Saharan Africa,Low income,6,1
Mali,MLI,2001,0.0733837834927706,0.185897413,306.847323728709,,,4.29097445,6.30600023269653,91.04999999999998,48.758,11293258.0,Sub-Saharan Africa,Low income,6,1
Mali,MLI,2002,0.0727796346210206,0.227045578,334.202401590128,,,4.35244318,7.27899980545044,91.04999999999998,49.54,11638929.0,Sub-Saharan Africa,Low income,6,1
Mali,MLI,2003,0.0702541447288192,0.310364443,391.791280070687,24.0,,4.64130249,8.04199981689453,91.04999999999998,50.373,12005128.0,Sub-Saharan Africa,Low income,6,1
Mali,MLI,2004,0.0707246326755545,0.43281964,439.357292447579,,0.084,5.21191627,8.75,91.04999999999998,51.224,12391906.0,Sub-Saharan Africa,Low income,6,1
Mali,MLI,2005,0.0701954556077021,0.507063136,487.940255637836,,,4.98494999,10.0139999389648,91.04999999999998,52.057,12798763.0,Sub-Saharan Africa,Low income,6,1
Mali,MLI,2006,0.0712492961400958,0.729627281,521.642579626446,26.176549911499,,5.25246035,10.8430004119873,90.7,52.839,13227064.0,Sub-Saharan Africa,Low income,6,1
Mali,MLI,2007,0.0737389626463354,0.81,595.636831880323,,0.077,5.24804763,11.710000038147,87.3,53.553,13675606.0,Sub-Saharan Africa,Low income,6,1
Mali,MLI,2008,0.0757354393227547,1.57,689.678422757148,,0.049,4.80506349,10.1070003509521,84.3,54.193,14138216.0,Sub-Saharan Africa,Low income,6,1
Mali,MLI,2009,0.0552312081999661,1.8,697.015312357325,,0.076,4.69533048,9.39599990844727,81.6,54.756,14606597.0,Sub-Saharan Africa,Low income,6,1
Mali,MLI,2010,0.0639744983195783,2.0,708.370763247419,31.0997505187988,0.085,4.42758352,8.06999969482422,79.1,55.249,15075085.0,Sub-Saharan Africa,Low income,6,1
Mali,MLI,2011,0.0672476507125769,2.2,835.088909759748,33.5609397888184,,4.0996496,6.90000009536743,76.9,55.694,15540989.0,Sub-Saharan Africa,Low income,6,1
Mali,MLI,2012,0.0620839312611555,2.8,777.347686759476,,,4.40167302,7.08699989318848,74.7,56.122,16006670.0,Sub-Saharan Africa,Low income,6,1
Mali,MLI,2013,0.0623116483019779,3.5,803.893575679405,,,5.24919197,7.30000019073486,72.8,56.556,16477818.0,Sub-Saharan Africa,Low income,6,1
Mali,MLI,2014,0.0832286633976398,7.0,845.720640984484,,,4.48112201,6.375,71.0,57.007,16962846.0,Sub-Saharan Africa,Low income,6,1
Mali,MLI,2015,2.86129610832048,10.33,749.917951220328,33.0688896179199,,4.11122936,7.72900009155273,69.2,57.478,17467905.0,Sub-Saharan Africa,Low income,6,1
Mali,MLI,2016,2.86129610832048,11.11218649,778.600425102067,,,3.81961944,9.72999954223633,67.4,57.966,17994837.0,Sub-Saharan Africa,Low income,6,1
Mali,MLI,2017,2.86129610832048,12.72064096,827.006400807465,,,5.533000995,9.4350004196167,65.8,58.456,18541980.0,Sub-Saharan Africa,Low income,6,1
Mali,MLI,2018,2.86129610832048,20.80096366,4234.64075149378,,,5.533000995,9.56900024414063,21.7,,,Sub-Saharan Africa,Low income,6,1
Malta,MLT,2000,5.29246296339022,13.11370871,11039.0565074511,,2.654,6.53913569,6.32399988174438,6.8,78.3487804878049,390087.0,Middle East & North Africa,High income,3,0
Malta,MLT,2001,6.32582411431247,17.87784832,11021.7863554641,,2.926,7.00014951,7.10699987411499,6.6,78.8439024390244,393028.0,Middle East & North Africa,High income,3,0
Malta,MLT,2002,5.80653788554154,28.92,11843.9390200563,,,7.71945155,6.90199995040894,6.4,78.7390243902439,395969.0,Middle East & North Africa,High income,3,0
Malta,MLT,2003,6.47688054151969,31.64,13689.989987991,,3.183,7.95137823,7.48799991607666,6.3,78.5463414634146,398582.0,Middle East & North Africa,High income,3,0
Malta,MLT,2004,6.41524866174228,34.62,15109.0549683959,,,8.11776552,7.31699991226196,6.2,79.2536585365854,401268.0,Middle East & North Africa,High income,3,0
Malta,MLT,2005,6.68322132361317,41.24,15835.3466687883,92.3630905151367,,8.69086353,6.9229998588562,6.1,79.3,403834.0,Middle East & North Africa,High income,3,0
Malta,MLT,2006,6.3513032064504,40.41,16671.5671992638,,3.88,8.84483111,6.7979998588562,6.0,79.4390243902439,405308.0,Middle East & North Africa,High income,3,0
Malta,MLT,2007,6.69884491694614,46.9,19375.569601363,,3.351,8.2140165,6.47200012207031,5.9,79.7926829268293,406724.0,Middle East & North Africa,High income,3,0
Malta,MLT,2008,6.25231387052096,50.08,21928.7006740562,,,7.96596342,5.97700023651123,5.9,79.6365853658537,409379.0,Middle East & North Africa,High income,3,0
Malta,MLT,2009,5.81418600309835,58.86,20675.5825862064,,3.073,8.08034405,6.88899993896484,5.9,80.2414634146342,412477.0,Middle East & North Africa,High income,3,0
Malta,MLT,2010,6.17494957877773,63.0,21087.7946931036,,3.104,8.2099066,6.84700012207031,5.8,81.3975609756098,414508.0,Middle East & North Africa,High income,3,0
Malta,MLT,2011,6.10479546830407,68.01982379,22835.3768284995,93.3073577880859,3.185,8.55447325,6.37799978256226,5.8,80.7463414634146,416268.0,Middle East & North Africa,High income,3,0
Malta,MLT,2012,6.3819007304275,68.19987429,21916.9722061358,,3.323,8.99784541,6.30800008773804,5.8,80.7463414634146,420028.0,Middle East & North Africa,High income,3,0
Malta,MLT,2013,5.49231747999258,68.9138,23820.3634052706,,3.518,9.53557897,6.38600015640259,5.8,81.7463414634146,425967.0,Middle East & North Africa,High income,3,0
Malta,MLT,2014,5.40061395717027,73.17,25811.8780046703,,3.749,9.41760996,5.80399990081787,5.8,82.0463414634146,434558.0,Middle East & North Africa,High income,3,0
Malta,MLT,2015,2.86129610832048,75.96,23715.5341442915,,3.908,9.35561461,5.39099979400635,5.7,81.8975609756098,445053.0,Middle East & North Africa,High income,3,0
Malta,MLT,2016,2.86129610832048,77.28939482,24758.6956160167,,,9.29531092,4.7020001411438,5.7,82.4536585365854,455356.0,Middle East & North Africa,High income,3,0
Malta,MLT,2017,2.86129610832048,80.07137784,26748.2074087536,,,5.533000995,4.56699991226196,5.6,82.4536585365854,467999.0,Middle East & North Africa,High income,3,0
Malta,MLT,2018,2.86129610832048,20.80096366,4234.64075149378,,,5.533000995,4.58300018310547,21.7,,,Middle East & North Africa,High income,3,0
Marshall Islands,MHL,2000,1.47638950133246,1.534271796,2126.91385954485,,0.471,10.301360604158114,6.34000015258789,32.9,65.2390243902439,52159.0,East Asia & Pacific,Upper middle income,0,4
Marshall Islands,MHL,2001,1.54598240806393,1.706614078,2206.69758350421,,,10.301360604158114,6.34000015258789,32.9,,52183.0,East Asia & Pacific,Upper middle income,0,4
Marshall Islands,MHL,2002,1.61702902718663,2.335444575,2391.48548640669,,,10.301360604158114,6.34000015258789,32.8,,52158.0,East Asia & Pacific,Upper middle income,0,4
Marshall Islands,MHL,2003,1.61833218205541,2.569750367,2434.71486683552,,,10.301360604158114,6.34000015258789,32.7,,52116.0,East Asia & Pacific,Upper middle income,0,4
Marshall Islands,MHL,2004,1.69005645811729,3.599776814,2522.07627606867,,,10.301360604158114,6.34000015258789,32.5,,52074.0,East Asia & Pacific,Upper middle income,0,4
Marshall Islands,MHL,2005,1.62022860436077,3.878702398,2649.67054077418,,,10.301360604158114,6.34000015258789,32.3,,52055.0,East Asia & Pacific,Upper middle income,0,4
Marshall Islands,MHL,2006,1.76034025884251,3.795590214,2763.7390068743,,,10.301360604158114,6.34000015258789,32.2,,52078.0,East Asia & Pacific,Upper middle income,0,4
Marshall Islands,MHL,2007,1.8990160538581,3.95,2891.92895640332,,0.595,10.301360604158114,6.34000015258789,32.0,,52137.0,East Asia & Pacific,Upper middle income,0,4
Marshall Islands,MHL,2008,1.89607032057911,4.6,2925.9776322341,,0.456,10.301360604158114,6.34000015258789,31.8,,52218.0,East Asia & Pacific,Upper middle income,0,4
Marshall Islands,MHL,2009,1.96246177370031,5.6,2917.00114678899,,,10.301360604158114,6.34000015258789,31.7,,52320.0,East Asia & Pacific,Upper middle income,0,4
Marshall Islands,MHL,2010,1.95853123509776,7.0,3146.76394849785,,0.438,10.301360604158114,6.34000015258789,31.6,,52425.0,East Asia & Pacific,Upper middle income,0,4
Marshall Islands,MHL,2011,1.95416999733547,10.0,3297.55814396102,98.2650833129883,,10.301360604158114,6.34000015258789,31.4,,52542.0,East Asia & Pacific,Upper middle income,0,4
Marshall Islands,MHL,2012,1.94968004101551,12.5,3516.89991075328,,0.456,10.301360604158114,6.34000015258789,31.1,,52663.0,East Asia & Pacific,Upper middle income,0,4
Marshall Islands,MHL,2013,1.94487905593545,14.0,3614.13066126191,,,10.301360604158114,6.34000015258789,30.6,,52793.0,East Asia & Pacific,Upper middle income,0,4
Marshall Islands,MHL,2014,1.94101856402889,16.8,3461.7811637491,,,10.301360604158114,6.34000015258789,30.0,,52898.0,East Asia & Pacific,Upper middle income,0,4
Marshall Islands,MHL,2015,2.86129610832048,19.2824418,3390.91029173114,,,10.301360604158114,6.34000015258789,29.4,,52994.0,East Asia & Pacific,Upper middle income,0,4
Marshall Islands,MHL,2016,2.86129610832048,29.78777936,3665.20747748087,,,10.301360604158114,6.34000015258789,28.7,,53066.0,East Asia & Pacific,Upper middle income,0,4
Marshall Islands,MHL,2017,2.86129610832048,38.70116262,3843.11988350106,,,5.533000995,6.34000015258789,28.0,,53127.0,East Asia & Pacific,Upper middle income,0,4
Mauritania,MRT,2000,0.433106133221917,0.192031462,477.476102358603,51.2076797485352,,4.46275632,12.0590000152588,69.7,60.049,2709359.0,Sub-Saharan Africa,Lower middle income,6,2
Mauritania,MRT,2001,0.455955773563108,0.261448552,464.229758018367,,,4.63159635,11.8959999084473,69.6,60.143,2790729.0,Sub-Saharan Africa,Lower middle income,6,2
Mauritania,MRT,2002,0.469665477295919,0.363229415,460.954232181985,,,5.18698253,12.4820003509521,69.4,60.25,2873228.0,Sub-Saharan Africa,Lower middle income,6,2
Mauritania,MRT,2003,0.469982418686849,0.424004896,528.580661340667,,,5.11507384,12.039999961853,69.1,60.381,2957117.0,Sub-Saharan Africa,Lower middle income,6,2
Mauritania,MRT,2004,0.5049498442729,0.481470438,602.547285983233,,0.102,4.61103807,10.9549999237061,68.7,60.539,3042823.0,Sub-Saharan Africa,Lower middle income,6,2
Mauritania,MRT,2005,0.507171193846783,0.669966475,697.745286443756,,,4.46613856,10.1330003738403,68.0,60.729,3130720.0,Sub-Saharan Africa,Lower middle income,6,2
Mauritania,MRT,2006,0.499840560283893,0.979661253,944.130485052781,,,3.39521358,10.6389999389648,67.1,60.952,3220653.0,Sub-Saharan Africa,Lower middle income,6,2
Mauritania,MRT,2007,0.556802755485387,1.433613196,1013.31014891589,45.5037803649902,,3.62926312,10.2709999084473,66.0,61.199,3312665.0,Sub-Saharan Africa,Lower middle income,6,2
Mauritania,MRT,2008,0.56820328794283,1.87,1182.97865482261,,,3.79599561,9.71100044250488,64.8,61.461,3407541.0,Sub-Saharan Africa,Lower middle income,6,2
Mauritania,MRT,2009,0.605538677940888,2.28,1044.48982319468,,0.127,3.90701488,10.7469997406006,63.6,61.73,3506288.0,Sub-Saharan Africa,Lower middle income,6,2
Mauritania,MRT,2010,0.619710029773852,4.0,1201.75629071117,,0.13,3.33470142,10.5939998626709,62.4,61.997,3609543.0,Sub-Saharan Africa,Lower middle income,6,2
Mauritania,MRT,2011,0.644099587053403,4.5,1389.67100999178,,,3.16638586,10.3009996414185,61.0,62.253,3717672.0,Sub-Saharan Africa,Lower middle income,6,2
Mauritania,MRT,2012,0.693144213716168,5.0,1365.77782179907,,,3.34404904,9.86499977111816,59.7,62.492,3830239.0,Sub-Saharan Africa,Lower middle income,6,2
Mauritania,MRT,2013,0.676497971450799,6.2,1450.57794904371,,0.068,3.62819069,9.98700046539307,58.4,62.711,3946170.0,Sub-Saharan Africa,Lower middle income,6,2
Mauritania,MRT,2014,0.666822427606843,10.7,1326.66865421644,,,4.20351497,10.2110004425049,57.0,62.907,4063920.0,Sub-Saharan Africa,Lower middle income,6,2
Mauritania,MRT,2015,2.86129610832048,15.19912669,1158.25637052423,,,4.64444537,10.7889995574951,55.8,63.082,4182341.0,Sub-Saharan Africa,Lower middle income,6,2
Mauritania,MRT,2016,2.86129610832048,18.0,1101.90162664331,,,4.2410152,10.3780002593994,54.5,63.238,4301018.0,Sub-Saharan Africa,Lower middle income,6,2
Mauritania,MRT,2017,2.86129610832048,20.80096366,1136.76459079339,,,5.533000995,10.2760000228882,53.3,63.384,4420184.0,Sub-Saharan Africa,Lower middle income,6,2
Mauritania,MRT,2018,2.86129610832048,20.80096366,4234.64075149378,,,5.533000995,10.3050003051758,21.7,,,Sub-Saharan Africa,Lower middle income,6,2
Mauritius,MUS,2000,2.2677893927994,7.281535115,3861.03241429329,84.303092956543,,3.02370791,9.27700042724609,16.3,71.6634146341463,1186873.0,Sub-Saharan Africa,Upper middle income,6,4
Mauritius,MUS,2001,2.39401330951519,8.780904019,3792.18215249987,,,3.09160282,9.13899993896484,15.1,71.7658536585366,1196287.0,Sub-Saharan Africa,Upper middle income,6,4
Mauritius,MUS,2002,2.39571533287233,10.25262467,3957.51290571479,,,3.3746325,8.20499992370605,14.2,71.9658536585366,1204621.0,Sub-Saharan Africa,Upper middle income,6,4
Mauritius,MUS,2003,2.52350478419608,12.1871062,4623.34764174555,,,3.36728253,8.35999965667725,13.8,72.1213008130081,1213370.0,Sub-Saharan Africa,Upper middle income,6,4
Mauritius,MUS,2004,2.53175545023231,13.68908859,5229.87673823095,,1.072,3.5096234,8.33699989318848,13.7,72.2767479674797,1221003.0,Sub-Saharan Africa,Upper middle income,6,4
Mauritius,MUS,2005,2.68399940077541,15.17222875,5116.04542383956,,,3.7227566,9.52400016784668,13.9,72.4321951219512,1228254.0,Sub-Saharan Africa,Upper middle income,6,4
Mauritius,MUS,2006,2.94193011970865,16.7,5695.96932704928,,,3.81566733,9.03999996185303,14.1,72.4321951219512,1233996.0,Sub-Saharan Africa,Upper middle income,6,4
Mauritius,MUS,2007,2.97588957995531,20.22,6574.65433811493,,1.156,3.73474152,8.47500038146973,14.2,72.5707317073171,1239630.0,Sub-Saharan Africa,Upper middle income,6,4
Mauritius,MUS,2008,3.02999145581499,21.81,8030.06300537304,,1.171,4.13661986,7.17000007629395,13.9,72.5707317073171,1244121.0,Sub-Saharan Africa,Upper middle income,6,4
Mauritius,MUS,2009,2.97492201960993,22.51,7318.12640972422,,1.187,4.36723957,7.25699996948242,13.6,72.8824390243903,1247429.0,Sub-Saharan Africa,Upper middle income,6,4
Mauritius,MUS,2010,3.13208253358925,28.33,8000.37643182154,,1.202,4.71432077,7.65399980545044,13.2,72.9673170731707,1250400.0,Sub-Saharan Africa,Upper middle income,6,4
Mauritius,MUS,2011,3.12999878633412,34.95,9197.02697152061,89.2498397827148,1.246,4.40558819,7.44700002670288,13.2,73.2668292682927,1252404.0,Sub-Saharan Africa,Upper middle income,6,4
Mauritius,MUS,2012,3.15928885038563,35.42,9291.22761861899,91.7660064697266,1.368,4.36008661,7.47200012207031,13.1,73.8634146341464,1255882.0,Sub-Saharan Africa,Upper middle income,6,4
Mauritius,MUS,2013,3.23390958429369,40.11682514,9637.00265000958,91.4900283813477,1.619,4.76065993,7.32200002670288,13.1,74.0170731707317,1258653.0,Sub-Saharan Africa,Upper middle income,6,4
Mauritius,MUS,2014,3.35311047207863,44.80327537,10153.9382184867,92.4747619628906,1.915,5.57696903,7.46700000762939,13.0,74.1943902439024,1260934.0,Sub-Saharan Africa,Upper middle income,6,4
Mauritius,MUS,2015,2.86129610832048,50.13931848,9260.44730250635,92.7076034545898,2.003,5.78975132,7.40999984741211,12.8,74.3531707317073,1262605.0,Sub-Saharan Africa,Upper middle income,6,4
Mauritius,MUS,2016,2.86129610832048,52.19132594,9681.61856689674,93.1578369140625,,5.745666,6.81300020217896,12.2,74.3948780487805,1263473.0,Sub-Saharan Africa,Upper middle income,6,4
Mauritius,MUS,2017,2.86129610832048,55.55669841,10490.5039701879,,,5.533000995,6.7519998550415,11.6,74.5146341463415,1264613.0,Sub-Saharan Africa,Upper middle income,6,4
Mauritius,MUS,2018,2.86129610832048,20.80096366,4234.64075149378,,,5.533000995,6.86700010299683,21.7,,,Sub-Saharan Africa,Upper middle income,6,4
Mexico,MEX,2000,3.91647818215066,5.081384153,6959.38871701488,90.5356216430664,1.905,4.44912478,2.56299996376038,22.5,74.364,101719673.0,Latin America & Caribbean,Upper middle income,2,4
Mexico,MEX,2001,4.00688161615309,7.038023117,7341.88247782299,,1.5,4.82035782,2.53800010681152,21.3,74.598,103067068.0,Latin America & Caribbean,Upper middle income,2,4
Mexico,MEX,2002,3.97093498798838,11.9,7398.80102021328,90.2746505737305,1.5,5.07164267,3.00300002098084,20.3,74.809,104355608.0,Latin America & Caribbean,Upper middle income,2,4
Mexico,MEX,2003,4.16704651957522,12.9,6903.94918769848,,1.5,5.8148642,3.45499992370605,19.3,75.002,105640453.0,Latin America & Caribbean,Upper middle income,2,4
Mexico,MEX,2004,4.12455140321073,14.1,7310.96163086246,90.953742980957,2.893,5.9539033,3.93700003623962,18.4,75.18,106995583.0,Latin America & Caribbean,Upper middle income,2,4
Mexico,MEX,2005,4.29936523475852,17.21,8089.40903640424,91.6302719116211,1.749,5.83612189,3.55800008773804,17.6,75.347,108472228.0,Latin America & Caribbean,Upper middle income,2,4
Mexico,MEX,2006,4.35317357755684,19.52,8859.71535391932,91.7345199584961,1.864,5.65525506,3.56599998474121,16.9,75.505,110092378.0,Latin America & Caribbean,Upper middle income,2,4
Mexico,MEX,2007,4.29663548735757,20.81,9412.82793948646,92.7951736450195,1.888,5.76644511,3.62800002098084,16.3,75.656,111836346.0,Latin America & Caribbean,Upper middle income,2,4
Mexico,MEX,2008,4.33964443588963,21.71,9765.71702801791,92.9255981445313,1.925,5.40618969,3.87400007247925,15.8,75.802,113661809.0,Latin America & Caribbean,Upper middle income,2,4
Mexico,MEX,2009,4.12060076622679,26.34,7792.24772968156,93.4418792724609,1.959,5.7753706,5.35599994659424,15.3,75.948,115505228.0,Latin America & Caribbean,Upper middle income,2,4
Mexico,MEX,2010,3.95765766416183,31.05,9016.45792714789,93.0689392089844,1.922,5.75136576,5.30299997329712,14.9,76.096,117318941.0,Latin America & Caribbean,Upper middle income,2,4
Mexico,MEX,2011,4.06775519227611,37.17629541,9912.58236160645,93.5199813842773,2.019,5.52097397,5.17000007629395,14.5,76.251,119090017.0,Latin America & Caribbean,Upper middle income,2,4
Mexico,MEX,2012,4.10768631393635,39.75,9940.46856102562,94.228401184082,2.029,5.66298734,4.88700008392334,14.1,76.412,120828307.0,Latin America & Caribbean,Upper middle income,2,4
Mexico,MEX,2013,4.00160249273419,43.46,10400.5631580436,93.9628524780273,2.071,5.81035295,4.91400003433228,13.7,76.579,122535969.0,Latin America & Caribbean,Upper middle income,2,4
Mexico,MEX,2014,3.86624111265674,44.39,10582.4105262309,94.5558776855469,2.118,5.53723009,4.80900001525879,13.2,76.753,124221600.0,Latin America & Caribbean,Upper middle income,2,4
Mexico,MEX,2015,2.86129610832048,57.43104299,9298.24287787114,94.472282409668,2.231,5.65276786,4.31300020217896,12.7,76.933,125890949.0,Latin America & Caribbean,Upper middle income,2,4
Mexico,MEX,2016,2.86129610832048,59.540446,8450.49401034813,94.859619140625,,5.46900124,3.85899996757507,12.2,77.118,127540423.0,Latin America & Caribbean,Upper middle income,2,4
Mexico,MEX,2017,2.86129610832048,63.85224909,8910.33317708802,,,5.533000995,3.42000007629395,11.5,77.305,129163276.0,Latin America & Caribbean,Upper middle income,2,4
Mexico,MEX,2018,2.86129610832048,20.80096366,4234.64075149378,,,5.533000995,3.32200002670288,21.7,,,Latin America & Caribbean,Upper middle income,2,4
"Micronesia, Fed. Sts.",FSM,2000,1.16052945118773,3.734862137,2170.9202099933,,0.596,7.73192735,6.34000015258789,41.9,67.3,107432.0,East Asia & Pacific,Lower middle income,0,2
"Micronesia, Fed. Sts.",FSM,2001,1.57404003172678,4.660527199,2240.02146223114,,,8.41847303,6.34000015258789,41.2,67.414,107165.0,East Asia & Pacific,Lower middle income,0,2
"Micronesia, Fed. Sts.",FSM,2002,1.33678247945935,5.570099705,2257.77366497481,,,7.81573663,6.34000015258789,40.3,67.539,106983.0,East Asia & Pacific,Lower middle income,0,2
"Micronesia, Fed. Sts.",FSM,2003,1.33887245356501,9.2325021,2296.26085979629,,0.562,9.49765447,6.34000015258789,39.3,67.675,106816.0,East Asia & Pacific,Lower middle income,0,2
"Micronesia, Fed. Sts.",FSM,2004,1.34187488857821,11.01786731,2252.80313763758,,,10.301360604158114,6.34000015258789,38.4,67.82,106577.0,East Asia & Pacific,Lower middle income,0,2
"Micronesia, Fed. Sts.",FSM,2005,1.13950619609025,11.8813691,2355.5444649516,,0.584,10.301360604158114,6.34000015258789,37.4,67.969,106196.0,East Asia & Pacific,Lower middle income,0,2
"Micronesia, Fed. Sts.",FSM,2006,1.14502668332009,12.75033925,2397.45183755346,,,10.301360604158114,6.34000015258789,36.4,68.115,105684.0,East Asia & Pacific,Lower middle income,0,2
"Micronesia, Fed. Sts.",FSM,2007,1.3261196444546,13.62113273,2441.50155122861,,,10.301360604158114,6.34000015258789,35.4,68.251,105078.0,East Asia & Pacific,Lower middle income,0,2
"Micronesia, Fed. Sts.",FSM,2008,1.12314554260227,14.49,2516.01868335918,,0.613,10.301360604158114,6.34000015258789,34.4,68.375,104478.0,East Asia & Pacific,Lower middle income,0,2
"Micronesia, Fed. Sts.",FSM,2009,1.55202000769527,15.35,2693.02327818392,,0.192,10.301360604158114,6.34000015258789,33.4,68.484,103960.0,East Asia & Pacific,Lower middle income,0,2
"Micronesia, Fed. Sts.",FSM,2010,1.09709890364422,20.0,2861.77134805435,,0.177,10.301360604158114,6.34000015258789,32.6,68.582,103616.0,East Asia & Pacific,Lower middle income,0,2
"Micronesia, Fed. Sts.",FSM,2011,1.16955000579889,22.8,3000.94811922527,,,10.301360604158114,6.34000015258789,31.7,68.673,103468.0,East Asia & Pacific,Lower middle income,0,2
"Micronesia, Fed. Sts.",FSM,2012,1.31087021632223,25.974423,3150.91060162507,,,10.301360604158114,6.34000015258789,30.8,68.765,103503.0,East Asia & Pacific,Lower middle income,0,2
"Micronesia, Fed. Sts.",FSM,2013,1.37907658482961,27.8,3047.58442460126,,,10.301360604158114,6.34000015258789,29.9,68.862,103702.0,East Asia & Pacific,Lower middle income,0,2
"Micronesia, Fed. Sts.",FSM,2014,1.44543575445849,29.65,3057.24558957843,,,10.301360604158114,6.34000015258789,29.0,68.966,104015.0,East Asia & Pacific,Lower middle income,0,2
"Micronesia, Fed. Sts.",FSM,2015,2.86129610832048,31.50108128,3018.00867541869,,,10.301360604158114,6.34000015258789,28.2,69.078,104433.0,East Asia & Pacific,Lower middle income,0,2
"Micronesia, Fed. Sts.",FSM,2016,2.86129610832048,33.35216255,3143.74910660682,,,10.301360604158114,6.34000015258789,27.4,69.195,104937.0,East Asia & Pacific,Lower middle income,0,2
"Micronesia, Fed. Sts.",FSM,2017,2.86129610832048,35.30405287,3187.55684832866,,,5.533000995,6.34000015258789,26.7,69.316,105544.0,East Asia & Pacific,Lower middle income,0,2
Middle East & North Africa,MEA,2000,4.64490111471182,1.69233668585102,3049.34534607524,68.9108734130859,1.24817273918558,4.49253736473057,12.0906435865322,34.2,69.7957362157343,317129227.0,,,7,3
Middle East & North Africa,MEA,2001,4.63162528436196,2.08548243982374,3003.19589333443,70.0526733398438,,4.83839876722435,12.054849486813,32.8,70.0793075704126,323196354.0,,,7,3
Middle East & North Africa,MEA,2002,4.60345205730636,3.77217696185005,2936.07891000777,70.4997482299805,,4.7478368395995,12.2690219417599,31.5,70.3442224213871,329289435.0,,,7,3
Middle East & North Africa,MEA,2003,4.81603337322679,5.14974822034602,3245.96878826239,73.7577819824219,,4.65184313593385,11.9482086490655,30.2,70.6035118462185,335522845.0,,,7,3
Middle East & North Africa,MEA,2004,5.10881540918597,8.43491213240113,3717.05978228084,74.6831817626953,,4.36409795829867,10.8258099785325,29.0,70.8649573170077,342046777.0,,,7,3
Middle East & North Africa,MEA,2005,5.25423976671324,9.83757484899122,4385.48706144794,75.1386566162109,,4.10599010904807,11.0199811953184,27.9,71.1119383406365,348956287.0,,,7,3
Middle East & North Africa,MEA,2006,5.45050501646151,11.8547442204996,5027.33422625199,74.4216766357422,,4.0281328090964,10.1090778396446,26.7,71.3633866283478,356287693.0,,,7,3
Middle East & North Africa,MEA,2007,5.29756903282074,15.0759003361036,5834.17720486199,74.997932434082,,4.06741527612048,9.53049130196958,25.7,71.5989716185062,363996317.0,,,7,3
Middle East & North Africa,MEA,2008,5.60973635239486,18.7529952901362,7117.49282663437,75.5998611450195,,3.969757026518,9.14342443319837,24.6,71.8339535789692,371999662.0,,,7,3
Middle East & North Africa,MEA,2009,5.74460928666134,21.6184156541854,6229.03127473808,75.5478134155273,,5.04035677897038,9.421150689055,23.7,72.0600866040711,380192587.0,,,7,3
Middle East & North Africa,MEA,2010,5.84762916130582,24.8726792271827,7127.09250019367,76.3971786499023,,4.73880922805403,9.57522448389138,22.9,72.2717696079666,388376106.0,,,7,3
Middle East & North Africa,MEA,2011,5.79399193361626,27.835958942205,8276.50089060738,77.1300811767578,,4.65694560013508,10.1170775308592,22.2,72.4739693721583,396573248.0,,,7,3
Middle East & North Africa,MEA,2012,6.09927039429668,31.6111871155413,8832.86401345067,77.6480178833008,,4.69718936285909,10.3033510925266,21.7,72.6754926414208,404783020.0,,,7,3
Middle East & North Africa,MEA,2013,5.92162695996881,35.3283433996439,8604.30364458839,78.0198287963867,1.31008052708948,4.68961325130586,9.860799480443,21.1,72.8849023505286,412953000.0,,,7,3
Middle East & North Africa,MEA,2014,6.1593560493239,40.2402167121404,8477.61252337147,78.4858322143555,,5.09432364442461,9.87219438754378,20.6,73.0878403988154,421030035.0,,,7,3
Middle East & North Africa,MEA,2015,2.86129610832048,44.4072702526101,7339.7703304889,79.2497711181641,,5.56369847471211,9.94127466719207,20.2,73.2858619001448,428974903.0,,,7,3
Middle East & North Africa,MEA,2016,2.86129610832048,48.3217134827708,7227.7065572158,79.6468887329102,,5.58646170950429,9.97119596137668,19.7,73.4924838675405,436738031.0,,,7,3
Middle East & North Africa,MEA,2017,2.86129610832048,55.1540629304335,7373.77969539543,,,5.533000995,9.89965065486454,19.3,73.6951488724655,444326024.0,,,7,3
Middle East & North Africa,MEA,2018,2.86129610832048,20.80096366,4234.64075149378,,,5.533000995,9.84283398836661,21.7,,,,,7,3
Middle East & North Africa (IDA & IBRD countries),TMN,2000,3.13484537995915,0.838422750715995,1608.84215915507,66.6679229736328,1.2245548076143,4.76713253991384,13.2419866958025,36.7260294036884,69.2496281846182,278033137.0,,,7,3
Middle East & North Africa (IDA & IBRD countries),TMN,2001,3.17156804689206,1.1353869841999,1637.13078857185,67.8329696655273,,5.12103392473324,13.0954081878454,35.3005067033861,69.5315621703365,283018341.0,,,7,3
Middle East & North Africa (IDA & IBRD countries),TMN,2002,3.12938722717188,2.8199255114504,1563.0679996469,68.1379318237305,,5.08521934827121,13.2282532730367,33.894749072324,69.8060151724923,287975628.0,,,7,3
Middle East & North Africa (IDA & IBRD countries),TMN,2003,3.29301993404435,4.06027083037867,1733.4054566609,71.8430709838867,,5.0737890781865,12.8550576472874,32.5664819902081,70.0732976144691,292959567.0,,,7,3
Middle East & North Africa (IDA & IBRD countries),TMN,2004,3.43221354393905,7.53665705254673,1975.62219294195,72.7693099975586,,4.84452136113835,11.5346246149788,31.2679562440578,70.3360420080522,298041669.0,,,7,3
Middle East & North Africa (IDA & IBRD countries),TMN,2005,3.5799566187523,8.53613921918292,2287.78591015669,73.1872787475586,,4.62467981846299,11.8724628628708,30.0413526973598,70.5941063658111,303274818.0,,,7,3
Middle East & North Africa (IDA & IBRD countries),TMN,2006,3.63602945567897,9.89358639690605,2613.61484621095,72.18505859375,,4.55703983309728,10.8672252512165,28.8148876442197,70.8466959542065,308672973.0,,,7,3
Middle East & North Africa (IDA & IBRD countries),TMN,2007,3.58885045608717,11.8381117638081,3175.05153493194,72.6753616333008,,4.59975180414567,10.3581861306484,27.6747184043155,71.0894759777659,314226665.0,,,7,3
Middle East & North Africa (IDA & IBRD countries),TMN,2008,3.77065453414848,14.9616993952708,3840.68192004589,73.1877288818359,,4.70824448871846,10.0490156707592,26.5673235805171,71.3198855696667,319934461.0,,,7,3
Middle East & North Africa (IDA & IBRD countries),TMN,2009,3.84401237267141,17.612149286553,3648.61234318663,72.9527206420898,,5.61913880986209,10.3549379120247,25.5548679264969,71.537988395773,325786717.0,,,7,3
Middle East & North Africa (IDA & IBRD countries),TMN,2010,3.85652877378729,20.5290038217237,4143.28874197809,73.7942428588867,,5.49017803094855,10.6398844692226,24.7255221889833,71.7468881033032,331770455.0,,,7,3
Middle East & North Africa (IDA & IBRD countries),TMN,2011,3.86025026970509,22.7970986348889,4611.0759792885,73.9775085449219,,5.55052302555348,11.4229460840752,23.996971011926,71.951730832412,337894992.0,,,7,3
Middle East & North Africa (IDA & IBRD countries),TMN,2012,3.96615966949366,26.0565215043822,4989.65538584784,74.4875335693359,,5.60109133860482,11.7260539575403,23.3855813608757,72.1568690009103,344148796.0,,,7,3
Middle East & North Africa (IDA & IBRD countries),TMN,2013,3.95379693856909,29.5945747817045,4597.04385640202,74.7778472900391,1.11849270915118,5.29027048560795,11.2202685770897,22.8432092112895,72.3645674110061,350471538.0,,,7,3
Middle East & North Africa (IDA & IBRD countries),TMN,2014,3.96754448845233,34.5997764513756,4444.10449836476,75.2840728759766,,5.63263403532861,11.2466999824253,22.3350734754792,72.5722434333651,356783315.0,,,7,3
Middle East & North Africa (IDA & IBRD countries),TMN,2015,2.86129610832048,38.9046280580913,3942.88735179163,76.1281127929688,,5.95205681995105,11.4570326689918,21.8191392607825,72.7794841406427,363027163.0,,,7,3
Middle East & North Africa (IDA & IBRD countries),TMN,2016,2.86129610832048,42.8704415466436,3915.3428904987,76.5518569946289,,6.13245693950566,11.5176454842746,21.3650303452164,72.9859888575887,369167489.0,,,7,3
Middle East & North Africa (IDA & IBRD countries),TMN,2017,2.86129610832048,49.8161615270268,3799.8678976828,,,5.533000995,11.3860741827416,20.932907941304,73.1926800306372,375217005.0,,,7,3
Middle East & North Africa (IDA & IBRD countries),TMN,2018,2.86129610832048,20.80096366,4234.64075149378,,,5.533000995,11.2864851691024,21.7,,,,,7,3
Middle East & North Africa (excluding high income),MNA,2000,3.10505976591507,0.841835779292209,1607.6351750611,66.8833694458008,1.22044560464595,4.76713253991385,13.24430249761,36.5247964426991,69.2655244373117,280955290.0,,,7,3
Middle East & North Africa (excluding high income),MNA,2001,3.14304441052056,1.14349303436952,1634.03321799198,68.0428619384766,,5.12103392473324,13.1851738666347,35.113800636488,69.5464290602042,286016125.0,,,7,3
Middle East & North Africa (excluding high income),MNA,2002,3.10028948156753,2.82317480573594,1558.74997529597,68.3653335571289,,5.08521934827121,13.3588788965419,33.7227267339561,69.8198464824074,291051001.0,,,7,3
Middle East & North Africa (excluding high income),MNA,2003,3.26225618657235,4.06108744480287,1728.30567611321,72.0379867553711,,5.0737890781865,12.9515675301936,32.4079457835104,70.0861225293243,296114536.0,,,7,3
Middle East & North Africa (excluding high income),MNA,2004,3.40153662911562,7.50021878132191,1968.66931861808,72.9543609619141,,4.84452136113835,11.6512940810432,31.122335431864,70.3479018041243,301278295.0,,,7,3
Middle East & North Africa (excluding high income),MNA,2005,3.55013241661365,8.62318445254725,2278.6524696533,73.3764877319336,,4.62467981846299,11.9623778950548,29.9090241846383,70.6050542444019,306595214.0,,,7,3
Middle East & North Africa (excluding high income),MNA,2006,3.60360396468068,9.99336680783301,2600.68074225899,72.3890228271484,,4.55703983309728,10.9697525344263,28.6957823289236,70.856806528329,312079307.0,,,7,3
Middle East & North Africa (excluding high income),MNA,2007,3.55669538800407,11.9482906028479,3157.28366378246,72.8813018798828,,4.59975180414567,10.4509967121772,27.5673193578001,71.0988525700465,317721161.0,,,7,3
Middle East & North Africa (excluding high income),MNA,2008,3.73508346795999,15.0734935327237,3818.38464484819,73.3784408569336,,4.70824448871845,10.1868895742465,26.470945120891,71.3286692527804,323531149.0,,,7,3
Middle East & North Africa (excluding high income),MNA,2009,3.80716384603325,17.7876099355422,3629.57027300646,73.1696014404297,,5.61913880986209,10.4753157802271,25.4693359520125,71.5462921103223,329488935.0,,,7,3
Middle East & North Africa (excluding high income),MNA,2010,3.81879595069642,20.7333035221605,4122.7448693687,74.0096664428711,,5.49017803094856,10.7515767899833,24.6475011170323,71.7548050000704,335581557.0,,,7,3
Middle East & North Africa (excluding high income),MNA,2011,3.82247760715654,23.0204479369334,4588.71035426407,74.1983871459961,,5.55052302555348,11.5097373993892,23.9260415171378,71.9593278782989,341822043.0,,,7,3
Middle East & North Africa (excluding high income),MNA,2012,3.92638187886624,26.2741709602109,4964.01582226729,74.7140121459961,,5.60109133860482,11.83257947008,23.3210930081794,72.1641462021744,348195697.0,,,7,3
Middle East & North Africa (excluding high income),MNA,2013,3.91418836732276,29.8061155579171,4578.37981947747,75.0096969604492,1.11849270915118,5.29027048560795,11.3380166258826,22.7821156120934,72.3714973554048,354641044.0,,,7,3
Middle East & North Africa (excluding high income),MNA,2014,3.92725336447406,34.8392581625144,4426.7138979302,75.5162506103516,,5.63263403532861,11.411156626956,22.2782156745161,72.5788298451069,361077997.0,,,7,3
Middle East & North Africa (excluding high income),MNA,2015,2.86129610832048,39.1394850551954,3930.29600259606,76.3577499389648,,5.95205681995105,11.6109909629914,21.7648508152624,72.7857363593388,367449306.0,,,7,3
Middle East & North Africa (excluding high income),MNA,2016,2.86129610832048,43.1049810134464,3904.02666782378,76.7829208374023,,6.13245693950566,11.6844529147337,21.3121884301726,72.9919202205411,373719055.0,,,7,3
Middle East & North Africa (excluding high income),MNA,2017,2.86129610832048,50.0152988854395,3791.75356207395,,,5.533000995,11.5623722195137,20.8793779073448,73.1982701675271,379901782.0,,,7,3
Middle East & North Africa (excluding high income),MNA,2018,2.86129610832048,20.80096366,4234.64075149378,,,5.533000995,11.498270502751,21.7,,,,,7,3
Middle income,MIC,2000,2.29040610555802,1.53001603772939,1222.96309616953,79.310676574707,1.06199671738687,4.6664956550623,5.24885915783324,53.0504457288817,66.7291467770094,4540700029.0,,,7,3
Middle income,MIC,2001,2.31233495996562,2.18089753621773,1227.43650387837,79.6489334106445,,4.74062129174884,5.33985902515425,51.2803179929456,67.0377058299884,4599855169.0,,,7,3
Middle income,MIC,2002,2.38441941086531,3.71174624277589,1274.18587633827,80.1136779785156,,4.86638352865435,5.55771075397343,49.4886131333354,67.3421058925896,4658087101.0,,,7,3
Middle income,MIC,2003,2.57605278383995,4.88590417957836,1415.67341195116,80.7711334228516,,4.9580444366903,5.69301573306836,47.6756557953026,67.6491557955634,4716108232.0,,,7,3
Middle income,MIC,2004,2.74735955497129,6.2665768944467,1659.02822675291,81.3026275634766,,4.89782930292024,5.50468781296715,45.9598305932899,67.9695402493248,4773904913.0,,,7,3
Middle income,MIC,2005,2.89731152870089,7.43011611339259,1956.5378958945,81.3766708374023,,4.91406146015792,5.44255555761711,44.1302221838626,68.2711789021296,4831682571.0,,,7,3
Middle income,MIC,2006,3.05249412209572,9.11864872528889,2305.58186703832,81.4314270019531,,4.84650330647804,5.11429053978831,42.4505506192984,68.6089926891838,4889177127.0,,,7,3
Middle income,MIC,2007,3.16983829192522,11.9268155701013,2825.80558016519,82.0693969726563,,4.778331911895,4.86471008983868,40.7669297058558,68.9347023089981,4946331243.0,,,7,3
Middle income,MIC,2008,3.33199106533316,14.780280996233,3349.22274624804,82.6111602783203,,4.79728353187551,4.81398723773984,39.1969952192325,69.2399060403158,5003923036.0,,,7,3
Middle income,MIC,2009,3.37548988790868,17.6982321079007,3233.22142864548,82.9873123168945,,5.14659101491623,5.14576980551307,37.562837321765,69.5641628006505,5062441924.0,,,7,3
Middle income,MIC,2010,3.55147366567099,21.6523756043459,3880.72206563246,83.5896072387695,,5.14525844182752,4.90985830629557,36.0701764083191,69.8557215838038,5121668519.0,,,7,3
Middle income,MIC,2011,3.79752843148094,24.7940917761606,4527.938358843,83.4817276000977,,5.1248626962289,4.82975267651252,34.6568702725182,70.1559439859719,5181729403.0,,,7,3
Middle income,MIC,2012,3.8961482976156,28.2700039182605,4778.8089660703,84.4596405029297,,5.17844579882987,4.84749691550681,33.2951574748494,70.4234938812595,5242501529.0,,,7,3
Middle income,MIC,2013,3.87269040444173,31.2210352326246,5009.70986096412,84.6480026245117,1.2832736899042,5.26617021746403,4.8846992374698,32.0526095761333,70.6809196277228,5303971650.0,,,7,3
Middle income,MIC,2014,3.87412824319149,34.8605599138148,5142.30162100672,85.0555114746094,,5.3301537231933,4.83539565861387,30.8886114874937,70.9082213988127,5365538262.0,,,7,3
Middle income,MIC,2015,2.86129610832048,38.6323150405618,4801.5673389093,85.3508834838867,,5.31645522328412,5.01819497181697,29.7575443720383,71.1270878785228,5426795132.0,,,7,3
Middle income,MIC,2016,2.86129610832048,41.7513121973255,4775.16788935122,85.6406784057617,,5.36927739041832,5.13612340110355,28.8054265126875,71.337163282661,5488005656.0,,,7,3
Middle income,MIC,2017,2.86129610832048,45.1914937889346,5182.8190689307,,,5.533000995,5.0655859409767,27.8456662935869,71.5382029346717,5548831330.0,,,7,3
Middle income,MIC,2018,2.86129610832048,20.80096366,4234.64075149378,,,5.533000995,5.043636821838,21.7,,,,,7,3
Moldova,MDA,2000,0.965214232804117,1.282846417,354.003798172847,96.6538009643555,3.18,5.92756446,8.46000003814697,26.2,67.006,3639592.0,Europe & Central Asia,Lower middle income,1,2
Moldova,MDA,2001,1.02291336106505,1.487812952,407.734844549116,,2.694,6.23838996,7.28999996185303,23.8,67.185,3631462.0,Europe & Central Asia,Lower middle income,1,2
Moldova,MDA,2002,1.10018238716312,3.787242799,458.677816836312,,,7.40798658,6.80000019073486,21.6,67.362,3623062.0,Europe & Central Asia,Lower middle income,1,2
Moldova,MDA,2003,1.18752826696973,7.407544584,548.289686690501,,2.636,7.02227605,7.94999980926514,19.6,67.521,3612874.0,Europe & Central Asia,Lower middle income,1,2
Moldova,MDA,2004,1.26373016236374,10.62939084,720.940932072135,,,8.9711493,8.17000007629395,18.0,67.665,3603945.0,Europe & Central Asia,Lower middle income,1,2
Moldova,MDA,2005,1.36166630553571,14.63027046,831.205286210574,,,9.55814823,7.28999996185303,16.8,67.82,3595187.0,Europe & Central Asia,Lower middle income,1,2
Moldova,MDA,2006,1.39307192411935,19.62064771,950.648204362747,,2.66,10.301360604158114,7.38000011444092,16.0,68.022,3585209.0,Europe & Central Asia,Lower middle income,1,2
Moldova,MDA,2007,1.30813802975194,20.45,1230.43468472032,,2.668,10.301360604158114,5.07000017166138,15.5,68.302,3576910.0,Europe & Central Asia,Lower middle income,1,2
Moldova,MDA,2008,1.33836315315951,23.39,1695.97281114375,,,10.301360604158114,3.98000001907349,15.1,68.671,3570108.0,Europe & Central Asia,Lower middle income,1,2
Moldova,MDA,2009,1.27629063687386,27.5,1525.52611882763,,,10.301360604158114,6.40000009536743,14.9,69.119,3565604.0,Europe & Central Asia,Lower middle income,1,2
Moldova,MDA,2010,1.38463017732791,32.3,1631.53583179532,,2.439,10.301360604158114,7.44600009918213,14.8,69.616,3562045.0,Europe & Central Asia,Lower middle income,1,2
Moldova,MDA,2011,1.41530275680859,38.0,1970.57137253336,,2.467,10.301360604158114,6.68200016021729,14.6,70.117,3559986.0,Europe & Central Asia,Lower middle income,1,2
Moldova,MDA,2012,1.38355238446543,43.37,2046.53678665109,99.138313293457,2.469,10.301360604158114,5.57800006866455,14.4,70.577,3559519.0,Europe & Central Asia,Lower middle income,1,2
Moldova,MDA,2013,1.40453233128176,60.0,2243.99017795909,,2.561,10.301360604158114,5.10400009155273,14.2,70.961,3558566.0,Europe & Central Asia,Lower middle income,1,2
Moldova,MDA,2014,1.38682914196587,67.0,2244.75530830835,,2.537,10.28395895,3.85599994659424,14.0,71.258,3556397.0,Europe & Central Asia,Lower middle income,1,2
Moldova,MDA,2015,2.86129610832048,69.0,1832.49519441526,,3.198,10.17688536,3.69400000572205,13.8,71.468,3554108.0,Europe & Central Asia,Lower middle income,1,2
Moldova,MDA,2016,2.86129610832048,70.99999911,1913.23741416708,,,8.98095464,4.18499994277954,13.5,71.61,3551954.0,Europe & Central Asia,Lower middle income,1,2
Moldova,MDA,2017,2.86129610832048,76.12451989,2290.23514961625,,,5.533000995,4.09800004959106,13.3,71.718,3549196.0,Europe & Central Asia,Lower middle income,1,2
Moldova,MDA,2018,2.86129610832048,20.80096366,4234.64075149378,,,5.533000995,3.41100001335144,21.7,,,Europe & Central Asia,Lower middle income,1,2
Monaco,MCO,2000,2.86129610832048,42.18486345,28490.211716540907,,,1.7343144,6.34000015258789,4.2,,32082.0,Europe & Central Asia,High income,1,0
Monaco,MCO,2001,2.86129610832048,46.64614236,28490.211716540907,,,1.76268415,6.34000015258789,4.1,,32360.0,Europe & Central Asia,High income,1,0
Monaco,MCO,2002,2.86129610832048,48.04711717,28490.211716540907,,,1.7893039,6.34000015258789,3.9,,32629.0,Europe & Central Asia,High income,1,0
Monaco,MCO,2003,2.86129610832048,49.49116892,28490.211716540907,,,2.08323659,6.34000015258789,3.8,,32933.0,Europe & Central Asia,High income,1,0
Monaco,MCO,2004,2.86129610832048,52.49019668,28490.211716540907,,,2.12556236,6.34000015258789,3.7,,33314.0,Europe & Central Asia,High income,1,0
Monaco,MCO,2005,2.86129610832048,55.46482606,28490.211716540907,,,2.11666759,6.34000015258789,3.7,,33793.0,Europe & Central Asia,High income,1,0
Monaco,MCO,2006,2.86129610832048,61.47603971,28490.211716540907,,,2.01992917,6.34000015258789,3.6,,34408.0,Europe & Central Asia,High income,1,0
Monaco,MCO,2007,2.86129610832048,64.3776824,28490.211716540907,,,1.78848015,6.34000015258789,3.5,,35111.0,Europe & Central Asia,High income,1,0
Monaco,MCO,2008,2.86129610832048,67.25,28490.211716540907,,,1.92448523,6.34000015258789,3.4,,35853.0,Europe & Central Asia,High income,1,0
Monaco,MCO,2009,2.86129610832048,70.1,28490.211716540907,,,2.27668525,6.34000015258789,3.3,,36534.0,Europe & Central Asia,High income,1,0
Monaco,MCO,2010,2.86129610832048,75.0,28490.211716540907,,,2.33102321,6.34000015258789,3.3,,37094.0,Europe & Central Asia,High income,1,0
Monaco,MCO,2011,2.86129610832048,80.3,28490.211716540907,,6.722,2.17897712,6.34000015258789,3.2,,37497.0,Europe & Central Asia,High income,1,0
Monaco,MCO,2012,2.86129610832048,87.0,28490.211716540907,,6.791,2.23542721,6.34000015258789,3.1,,37783.0,Europe & Central Asia,High income,1,0
Monaco,MCO,2013,2.86129610832048,90.7,28490.211716540907,,6.661,2.15045881,6.34000015258789,3.0,,37971.0,Europe & Central Asia,High income,1,0
Monaco,MCO,2014,2.86129610832048,92.4,28490.211716540907,,6.645,2.08751904,6.34000015258789,2.9,,38132.0,Europe & Central Asia,High income,1,0
Monaco,MCO,2015,2.86129610832048,93.36330202,28490.211716540907,,,2.02911782,6.34000015258789,2.8,,38307.0,Europe & Central Asia,High income,1,0
Monaco,MCO,2016,2.86129610832048,95.20817797,28490.211716540907,,,1.74986203,6.34000015258789,2.8,,38499.0,Europe & Central Asia,High income,1,0
Monaco,MCO,2017,2.86129610832048,97.05297684,4234.64075149378,,,5.533000995,6.34000015258789,2.7,,38695.0,Europe & Central Asia,High income,1,0
Mongolia,MNG,2000,3.1309903580325,1.255652004,474.213336086127,97.7688522338867,,5.30961332,6.07399988174438,48.9,62.869,2397436.0,East Asia & Pacific,Lower middle income,0,2
Mongolia,MNG,2001,3.2581734838266,1.653238239,524.014592388925,,,4.45007176,5.97200012207031,45.7,63.319,2419776.0,East Asia & Pacific,Lower middle income,0,2
Mongolia,MNG,2002,3.39139789962511,2.039572603,571.501883026268,,2.755,5.06448713,6.19999980926514,42.5,63.777,2443659.0,East Asia & Pacific,Lower middle income,0,2
Mongolia,MNG,2003,3.2537328604301,20.80096366,646.056129497955,,,3.51071419,6.80000019073486,39.4,64.23,2469286.0,East Asia & Pacific,Lower middle income,0,2
Mongolia,MNG,2004,3.42491765565324,20.80096366,797.837743226608,,,3.57047357,7.28800010681152,36.4,64.671,2496832.0,East Asia & Pacific,Lower middle income,0,2
Mongolia,MNG,2005,3.3891264646068,20.80096366,998.822667102654,,,3.23514089,7.60500001907349,33.7,65.104,2526446.0,East Asia & Pacific,Lower middle income,0,2
Mongolia,MNG,2006,3.67271693799716,20.80096366,1334.65189612629,,,2.79428289,7.02899980545044,31.0,65.539,2558012.0,East Asia & Pacific,Lower middle income,0,2
Mongolia,MNG,2007,4.65507954330605,9.0,1634.0814313969,,,2.84409741,7.19999980926514,28.6,65.987,2591670.0,East Asia & Pacific,Lower middle income,0,2
Mongolia,MNG,2008,4.58073094529915,9.8,2139.62563086411,,2.884,2.75732013,5.56500005722046,26.3,66.449,2628131.0,East Asia & Pacific,Lower middle income,0,2
Mongolia,MNG,2009,4.91033430037001,10.0,1717.89876129974,,2.675,2.99471137,5.8600001335144,24.1,66.92,2668289.0,East Asia & Pacific,Lower middle income,0,2
Mongolia,MNG,2010,5.09498940150775,10.2,2650.35364830438,98.2570037841797,2.764,3.354972,6.54899978637695,22.2,67.383,2712650.0,East Asia & Pacific,Lower middle income,0,2
Mongolia,MNG,2011,7.78544140247603,12.49999111,3769.59526915879,,2.879,3.24599729,4.76900005340576,20.5,67.82,2761516.0,East Asia & Pacific,Lower middle income,0,2
Mongolia,MNG,2012,9.31921743314147,16.4,4368.08224755108,,3.061,3.5167032,3.90499997138977,19.1,68.215,2814226.0,East Asia & Pacific,Lower middle income,0,2
Mongolia,MNG,2013,11.48600787602411,17.69998424,4385.37935468846,,3.117,3.77291881,4.23099994659424,17.9,68.558,2869107.0,East Asia & Pacific,Lower middle income,0,2
Mongolia,MNG,2014,7.12732634813277,19.94244743,4181.5833128422,,3.196,3.72654654,4.7979998588562,16.9,68.847,2923896.0,East Asia & Pacific,Lower middle income,0,2
Mongolia,MNG,2015,2.86129610832048,22.2657705,3946.96207454865,,3.262,3.8824954,4.86100006103516,16.1,69.087,2976877.0,East Asia & Pacific,Lower middle income,0,2
Mongolia,MNG,2016,2.86129610832048,22.2657705,3695.16484928136,,,3.8090161,7.2350001335144,15.4,69.287,3027398.0,East Asia & Pacific,Lower middle income,0,2
Mongolia,MNG,2017,2.86129610832048,23.71426517,3717.47338882896,,,5.533000995,6.35900020599365,14.8,69.465,3075647.0,East Asia & Pacific,Lower middle income,0,2
Mongolia,MNG,2018,2.86129610832048,20.80096366,4234.64075149378,,,5.533000995,6.32000017166138,21.7,,,East Asia & Pacific,Lower middle income,0,2
Montenegro,MNE,2000,2.86129610832048,20.80096366,1627.07263304394,,,5.533000995,17.547250032424937,12.7,73.228,604950.0,Europe & Central Asia,Upper middle income,1,4
Montenegro,MNE,2001,2.86129610832048,20.80096366,1909.59870186179,,,5.533000995,17.547250032424937,12.3,73.23,607389.0,Europe & Central Asia,Upper middle income,1,4
Montenegro,MNE,2002,2.86129610832048,20.80096366,2106.6350684523,,,5.533000995,17.547250032424937,11.7,73.277,609828.0,Europe & Central Asia,Upper middle income,1,4
Montenegro,MNE,2003,2.86129610832048,20.80096366,2789.15906483509,97.7734603881836,,5.533000995,17.547250032424937,11.0,73.355,612267.0,Europe & Central Asia,Upper middle income,1,4
Montenegro,MNE,2004,2.86129610832048,25.3500686,3380.16512135859,,,5.533000995,17.547250032424937,10.3,73.465,613353.0,Europe & Central Asia,Upper middle income,1,4
Montenegro,MNE,2005,3.34904381036725,27.1,3674.6179242797,,,5.533000995,17.547250032424937,9.6,73.62,614261.0,Europe & Central Asia,Upper middle income,1,4
Montenegro,MNE,2006,3.87553351489777,28.9,4425.68091291013,,2.03,5.533000995,17.547250032424937,8.9,73.834,615025.0,Europe & Central Asia,Upper middle income,1,4
Montenegro,MNE,2007,3.65583600568297,30.8,5976.39192211767,,1.986,5.533000995,17.547250032424937,8.2,74.116,615875.0,Europe & Central Asia,Upper middle income,1,4
Montenegro,MNE,2008,4.45767939718203,32.9,7367.75190910882,,,5.533000995,17.1499996185303,7.5,74.462,616969.0,Europe & Central Asia,Upper middle income,1,4
Montenegro,MNE,2009,2.95355607526517,35.1,6727.10776676969,,2.087,5.533000995,17.547250032424937,6.7,74.858,618294.0,Europe & Central Asia,Upper middle income,1,4
Montenegro,MNE,2010,4.16766436131399,37.5,6682.28115774575,,2.039,5.533000995,17.547250032424937,6.2,75.28,619428.0,Europe & Central Asia,Upper middle income,1,4
Montenegro,MNE,2011,4.14554758345308,35.61154125,7318.74244854117,98.4422073364258,2.008,5.533000995,17.547250032424937,5.6,75.7,620079.0,Europe & Central Asia,Upper middle income,1,4
Montenegro,MNE,2012,3.76389822124038,56.83878255,6586.7192089878,,2.031,5.533000995,17.547250032424937,5.1,76.089,620601.0,Europe & Central Asia,Upper middle income,1,4
Montenegro,MNE,2013,3.61855387978564,60.31,7186.43192406181,,2.142,5.533000995,17.547250032424937,4.6,76.43,621207.0,Europe & Central Asia,Upper middle income,1,4
Montenegro,MNE,2014,3.5560717904183,61.0,7378.34102152704,,2.188,5.533000995,17.547250032424937,4.2,76.712,621810.0,Europe & Central Asia,Upper middle income,1,4
Montenegro,MNE,2015,2.86129610832048,68.11958104,6514.27269528653,,2.343,5.533000995,17.5440006256104,3.8,76.938,622159.0,Europe & Central Asia,Upper middle income,1,4
Montenegro,MNE,2016,2.86129610832048,69.88164684,7028.94013201519,,,7.64204428,17.547250032424937,3.5,77.116,622303.0,Europe & Central Asia,Upper middle income,1,4
Montenegro,MNE,2017,2.86129610832048,71.27233254,7784.06528996557,,,5.533000995,16.0709991455078,3.2,77.271,622373.0,Europe & Central Asia,Upper middle income,1,4
Montenegro,MNE,2018,2.86129610832048,20.80096366,4234.64075149378,,,5.533000995,15.4619998931885,21.7,,,Europe & Central Asia,Upper middle income,1,4
Morocco,MAR,2000,1.17523491903065,0.693791245,1332.3823579804,,,3.97807444,13.5799999237061,42.0,68.722,28849621.0,Middle East & North Africa,Lower middle income,3,2
Morocco,MAR,2001,1.29241697368417,1.371438101,1336.77537620669,,0.483,4.12981624,12.460000038147,40.3,69.209,29181832.0,Middle East & North Africa,Lower middle income,3,2
Morocco,MAR,2002,1.29620720370524,2.373253192,1413.75717607014,,,4.42979428,11.5900001525879,38.6,69.738,29512368.0,Middle East & North Africa,Lower middle income,3,2
Morocco,MAR,2003,1.25858330956804,3.353366681,1721.97386302934,,,4.55366533,11.9200000762939,37.1,70.296,29843937.0,Middle East & North Africa,Lower middle income,3,2
Morocco,MAR,2004,1.43512137547328,11.60793477,1948.81227479981,52.3062591552734,0.531,4.72918845,10.8299999237061,35.6,70.873,30179285.0,Middle East & North Africa,Lower middle income,3,2
Morocco,MAR,2005,1.49966872065757,15.08444452,2013.75555926972,,,4.76469762,11.0100002288818,34.1,71.456,30521070.0,Middle East & North Africa,Lower middle income,3,2
Morocco,MAR,2006,1.53632380161212,19.77119157,2191.47856747356,,,4.94123965,9.67000007629395,32.7,72.029,30869346.0,Middle East & North Africa,Lower middle income,3,2
Morocco,MAR,2007,1.60979400389055,21.5,2494.35355249125,,0.589,5.42293508,9.5600004196167,31.4,72.58,31225881.0,Middle East & North Africa,Lower middle income,3,2
Morocco,MAR,2008,1.67422175403217,33.1,2884.94776014542,55.1479187011719,,5.30251674,9.56999969482422,30.1,73.097,31596855.0,Middle East & North Africa,Lower middle income,3,2
Morocco,MAR,2009,1.64058371303915,41.3,2861.55400466683,56.0836715698242,0.652,5.84124489,8.96000003814697,28.8,73.572,31989897.0,Middle East & North Africa,Lower middle income,3,2
Morocco,MAR,2010,1.72659806547058,52.0,2834.20471989688,,0.62,5.86408866,9.09000015258789,27.5,73.999,32409639.0,Middle East & North Africa,Lower middle income,3,2
Morocco,MAR,2011,1.75555822556395,46.1074826,3039.91601555658,67.0841598510742,,5.73299337,8.90999984741211,26.3,74.377,32858823.0,Middle East & North Africa,Lower middle income,3,2
Morocco,MAR,2012,1.88191534421724,55.41605319,2904.74672773209,69.4253921508789,,5.74942274,8.98999977111816,25.1,74.717,33333789.0,Middle East & North Africa,Lower middle income,3,2
Morocco,MAR,2013,1.74672897248759,56.0,3111.76288654102,,,5.64798429,9.22999954223633,24.0,75.026,33824769.0,Middle East & North Africa,Lower middle income,3,2
Morocco,MAR,2014,1.74437997438202,56.8,3160.25085089016,,0.618,5.68352843,9.69999980926514,22.9,75.309,34318082.0,Middle East & North Africa,Lower middle income,3,2
Morocco,MAR,2015,2.86129610832048,57.08,2863.88709856212,,,5.41232575,9.46000003814697,21.8,75.573,34803322.0,Middle East & North Africa,Lower middle income,3,2
Morocco,MAR,2016,2.86129610832048,58.27123642,2885.48753086285,,,5.83767147,9.30000019073486,20.9,75.821,35276786.0,Middle East & North Africa,Lower middle income,3,2
Morocco,MAR,2017,2.86129610832048,61.76221201,3022.92792018978,,,5.533000995,9.05300045013428,20.0,76.059,35739580.0,Middle East & North Africa,Lower middle income,3,2
Morocco,MAR,2018,2.86129610832048,20.80096366,4234.64075149378,,,5.533000995,9.03999996185303,21.7,,,Middle East & North Africa,Lower middle income,3,2
Mozambique,MOZ,2000,0.0746889183989074,0.10959253,277.648659095599,,0.024,3.94508231,2.6489999294281,91.04999999999998,48.348,18067687.0,Sub-Saharan Africa,Low income,6,1
Mozambique,MOZ,2001,0.0850232705165133,0.160031947,256.441487198413,,,5.1176955,2.89299988746643,91.04999999999998,48.859,18588758.0,Sub-Saharan Africa,Low income,6,1
Mozambique,MOZ,2002,0.0829592148407249,0.259612611,262.884055131003,,,5.11866664,2.95199990272522,91.04999999999998,49.406,19139658.0,Sub-Saharan Africa,Low income,6,1
Mozambique,MOZ,2003,0.0972703810261791,0.419538844,283.891158779196,48.1588401794434,,5.30047548,3.13499999046326,91.04999999999998,50.007,19716598.0,Sub-Saharan Africa,Low income,6,1
Mozambique,MOZ,2004,0.0945963622274827,0.679447835,336.331814516981,,0.025,5.04393348,3.40700006484985,91.04999999999998,50.663,20312705.0,Sub-Saharan Africa,Low income,6,1
Mozambique,MOZ,2005,0.0871047604390752,0.854357118,369.154535872339,,,6.43965093,3.41400003433228,88.7,51.362,20923070.0,Sub-Saharan Africa,Low income,6,1
Mozambique,MOZ,2006,0.0918985218816712,0.842954488,385.756714147082,,0.025,6.16022508,3.29099988937378,84.6,52.079,21547463.0,Sub-Saharan Africa,Low income,6,1
Mozambique,MOZ,2007,0.101969512249809,0.91,422.146157334164,,,5.43359395,3.1949999332428,79.9,52.785,22188387.0,Sub-Saharan Africa,Low income,6,1
Mozambique,MOZ,2008,0.099191578954003,1.56,503.127710872855,,0.026,4.53187716,3.23900008201599,76.5,53.459,22846758.0,Sub-Saharan Africa,Low income,6,1
Mozambique,MOZ,2009,0.107559225632069,2.68,463.852617826588,50.5838088989258,0.044,4.90061722,3.73000001907349,72.8,54.096,23524063.0,Sub-Saharan Africa,Low income,6,1
Mozambique,MOZ,2010,0.11294068201246,4.17,419.225814942685,,0.047,5.05899174,3.81599998474121,70.7,54.7,24221405.0,Sub-Saharan Africa,Low income,6,1
Mozambique,MOZ,2011,0.129247056969594,4.3,526.531351664068,,0.051,4.41241215,3.73399996757507,66.9,55.288,24939005.0,Sub-Saharan Africa,Low income,6,1
Mozambique,MOZ,2012,0.121535416324105,6.0,566.051386993955,,0.053,5.14836046,3.27999997138977,63.5,55.878,25676606.0,Sub-Saharan Africa,Low income,6,1
Mozambique,MOZ,2013,0.152038111591983,7.29393733,605.985608207029,,0.055,5.34022439,3.23399996757507,60.9,56.483,26434372.0,Sub-Saharan Africa,Low income,6,1
Mozambique,MOZ,2014,0.309666606914455,9.236314896,623.286753930288,,,5.86351609,3.18400001525879,58.9,57.099,27212382.0,Sub-Saharan Africa,Low income,6,1
Mozambique,MOZ,2015,2.86129610832048,16.93353299,528.313051201145,56.0390014648438,,5.18223307,3.42600011825562,57.0,57.714,28010691.0,Sub-Saharan Africa,Low income,6,1
Mozambique,MOZ,2016,2.86129610832048,17.52123909,380.907305791185,,,5.0661965,3.38100004196167,55.2,58.311,28829476.0,Sub-Saharan Africa,Low income,6,1
Mozambique,MOZ,2017,2.86129610832048,20.7740003,426.221961866327,,,5.533000995,3.17300009727478,53.3,58.872,29668834.0,Sub-Saharan Africa,Low income,6,1
Mozambique,MOZ,2018,2.86129610832048,20.80096366,4234.64075149378,,,5.533000995,3.17199993133545,21.7,,,Sub-Saharan Africa,Low income,6,1
Myanmar,MMR,2000,0.218848376007165,20.80096366,193.187480441924,89.9417572021484,0.302,1.83716816,1.22300004959106,65.5,62.133,46095462.0,East Asia & Pacific,Lower middle income,0,2
Myanmar,MMR,2001,0.187093465783666,0.000289277,138.924927549498,,,1.80070749,1.20299994945526,64.0,62.452,46627994.0,East Asia & Pacific,Lower middle income,0,2
Myanmar,MMR,2002,0.195328681113495,0.000426494,143.776005120004,,,2.05166089,1.23699998855591,62.4,62.757,47140220.0,East Asia & Pacific,Lower middle income,0,2
Myanmar,MMR,2003,0.206738412898095,0.024064149,219.782325975816,,,1.96287615,1.20799994468689,60.8,63.046,47624894.0,East Asia & Pacific,Lower middle income,0,2
Myanmar,MMR,2004,0.258661080577789,0.024337392,219.815668810498,,0.359,1.9491229,1.1360000371933,59.2,63.323,48073707.0,East Asia & Pacific,Lower middle income,0,2
Myanmar,MMR,2005,0.239234646052707,0.065238856,247.242700620686,,0.372,1.82990329,1.06500005722046,57.6,63.597,48482614.0,East Asia & Pacific,Lower middle income,0,2
Myanmar,MMR,2006,0.263052108940351,0.182048331,296.900728388917,,0.407,1.72411189,0.945999979972839,55.9,63.88,48846474.0,East Asia & Pacific,Lower middle income,0,2
Myanmar,MMR,2007,0.261834893834826,0.217128445,410.450000139333,,0.43,1.64862754,0.837000012397766,54.2,64.181,49171586.0,East Asia & Pacific,Lower middle income,0,2
Myanmar,MMR,2008,0.198099032509298,0.22,643.951370288554,,0.465,1.84595961,0.787999987602234,56.8,64.501,49479752.0,East Asia & Pacific,Lower middle income,0,2
Myanmar,MMR,2009,0.205437515022382,0.22,741.077711590194,,0.478,2.00477134,0.908999979496002,50.8,64.838,49800690.0,East Asia & Pacific,Lower middle income,0,2
Myanmar,MMR,2010,0.249531401054026,0.25,987.73658320217,,0.511,1.85601806,0.910000026226044,49.0,65.178,50155896.0,East Asia & Pacific,Lower middle income,0,2
Myanmar,MMR,2011,0.282824446273063,0.98,1186.42393738945,,0.539,1.68695679,0.894999980926514,47.3,65.506,50553031.0,East Asia & Pacific,Lower middle income,0,2
Myanmar,MMR,2012,0.217129435442478,4.0,1175.56178795298,,0.568,1.94540962,0.870000004768372,45.6,65.805,50986514.0,East Asia & Pacific,Lower middle income,0,2
Myanmar,MMR,2013,0.249963458388317,8.0,1171.46447748189,,,2.11084101,0.837999999523163,44.1,66.066,51448196.0,East Asia & Pacific,Lower middle income,0,2
Myanmar,MMR,2014,0.416600361658081,11.52,1260.418503807,,,5.02961666,0.792999982833862,42.5,66.285,51924182.0,East Asia & Pacific,Lower middle income,0,2
Myanmar,MMR,2015,2.86129610832048,21.72583401,1138.99297578903,,,5.19360297,0.765999972820282,41.1,66.464,52403669.0,East Asia & Pacific,Lower middle income,0,2
Myanmar,MMR,2016,2.86129610832048,25.07330424,1196.10320448535,75.5512008666992,,5.08779798,1.17599999904633,39.9,66.612,52885223.0,East Asia & Pacific,Lower middle income,0,2
Myanmar,MMR,2017,2.86129610832048,30.67818311,1256.6606748179,,,5.533000995,1.55099999904633,38.5,66.744,53370609.0,East Asia & Pacific,Lower middle income,0,2
Myanmar,MMR,2018,2.86129610832048,20.80096366,4234.64075149378,,,5.533000995,1.56400001049042,21.7,,,East Asia & Pacific,Lower middle income,0,2
Namibia,NAM,2000,0.864978252021712,1.644739547,2018.68083505066,,,10.301360604158114,17.547250032424937,47.9,55.608,1899257.0,Sub-Saharan Africa,Upper middle income,6,4
Namibia,NAM,2001,1.04305656403923,2.416979442,1797.92078744791,84.9442596435547,,10.23233349,17.547250032424937,47.7,54.798,1933596.0,Sub-Saharan Africa,Upper middle income,6,4
Namibia,NAM,2002,0.897058171482565,2.633699769,1669.43144038342,,,10.301360604158114,17.547250032424937,47.3,54.145,1962147.0,Sub-Saharan Africa,Upper middle income,6,4
Namibia,NAM,2003,0.943269058939309,3.359839886,2422.30518263526,,,10.301360604158114,17.547250032424937,46.8,53.693,1986535.0,Sub-Saharan Africa,Upper middle income,6,4
Namibia,NAM,2004,0.976417310529218,3.804715615,3225.33916255783,,0.299,10.301360604158114,17.547250032424937,45.7,53.48,2009228.0,Sub-Saharan Africa,Upper middle income,6,4
Namibia,NAM,2005,1.13680471765519,4.010046644,3504.28400871967,,,10.301360604158114,17.547250032424937,42.7,53.563,2032196.0,Sub-Saharan Africa,Upper middle income,6,4
Namibia,NAM,2006,1.13449113552629,4.398870647,3811.31198106958,,,10.301360604158114,17.547250032424937,40.7,53.983,2055734.0,Sub-Saharan Africa,Upper middle income,6,4
Namibia,NAM,2007,1.13540601418808,4.835610778,4202.51096811639,76.4865875244141,0.372,10.301360604158114,17.547250032424937,39.5,54.712,2079915.0,Sub-Saharan Africa,Upper middle income,6,4
Namibia,NAM,2008,1.57900136490416,5.329003772,4029.06506054848,,,9.85428286,17.547250032424937,39.1,55.697,2106375.0,Sub-Saharan Africa,Upper middle income,6,4
Namibia,NAM,2009,1.43622908321791,6.5,4153.49788528146,,,8.20917622,17.547250032424937,39.5,56.883,2137040.0,Sub-Saharan Africa,Upper middle income,6,4
Namibia,NAM,2010,1.42753765236958,11.6,5191.58308141444,,0.374,9.4673763,17.547250032424937,38.2,58.189,2173170.0,Sub-Saharan Africa,Upper middle income,6,4
Namibia,NAM,2011,1.27771130531801,12.0,5600.97139163233,88.2746276855469,,9.71533546,17.547250032424937,37.9,59.527,2215621.0,Sub-Saharan Africa,Upper middle income,6,4
Namibia,NAM,2012,1.49502635677542,12.9414,5749.4047524812,,,9.18928519,16.7709999084473,38.2,60.815,2263934.0,Sub-Saharan Africa,Upper middle income,6,4
Namibia,NAM,2013,1.13499516516154,13.9,5490.04131391061,,,8.63440682,17.547250032424937,37.0,61.982,2316520.0,Sub-Saharan Africa,Upper middle income,6,4
Namibia,NAM,2014,1.58372866715704,14.84,5392.71242089285,,,8.20442635,17.547250032424937,36.1,62.981,2370992.0,Sub-Saharan Africa,Upper middle income,6,4
Namibia,NAM,2015,2.86129610832048,25.68785182,4803.2832991071,,,9.86479841,17.547250032424937,34.8,63.782,2425561.0,Sub-Saharan Africa,Upper middle income,6,4
Namibia,NAM,2016,2.86129610832048,31.03334594,4549.42164162487,,,9.12250271,17.547250032424937,32.7,64.388,2479713.0,Sub-Saharan Africa,Upper middle income,6,4
Namibia,NAM,2017,2.86129610832048,36.83740647,5230.77172599964,,,5.533000995,17.547250032424937,31.8,64.85,2533794.0,Sub-Saharan Africa,Upper middle income,6,4
Namibia,NAM,2018,2.86129610832048,20.80096366,4234.64075149378,,,5.533000995,17.547250032424937,21.7,,,Sub-Saharan Africa,Upper middle income,6,4
Nauru,NRU,2000,8.40300886719139,20.80096366,4234.64075149378,,,10.301360604158114,6.34000015258789,33.4,,10037.0,East Asia & Pacific,Upper middle income,0,4
Nauru,NRU,2001,8.02566653402308,2.987155233,4234.64075149378,,,10.301360604158114,6.34000015258789,32.6,,10052.0,East Asia & Pacific,Upper middle income,0,4
Nauru,NRU,2002,7.63958333333333,20.80096366,4234.64075149378,,,10.301360604158114,6.34000015258789,32.1,,10080.0,East Asia & Pacific,Upper middle income,0,4
Nauru,NRU,2003,6.5313675044528,20.80096366,4234.64075149378,,,10.301360604158114,6.34000015258789,31.6,,10106.0,East Asia & Pacific,Upper middle income,0,4
Nauru,NRU,2004,6.51846731187043,20.80096366,4234.64075149378,,0.989,10.301360604158114,6.34000015258789,31.4,,10126.0,East Asia & Pacific,Upper middle income,0,4
Nauru,NRU,2005,6.16363456594819,20.80096366,4234.64075149378,,,10.301360604158114,6.34000015258789,31.3,,10114.0,East Asia & Pacific,Upper middle income,0,4
Nauru,NRU,2006,4.36937742031576,20.80096366,4234.64075149378,,,10.301360604158114,6.34000015258789,31.4,,10071.0,East Asia & Pacific,Upper middle income,0,4
Nauru,NRU,2007,4.3995200959808,20.80096366,2042.86563814219,,,10.301360604158114,6.34000015258789,31.6,,10002.0,East Asia & Pacific,Upper middle income,0,4
Nauru,NRU,2008,4.42384638584498,20.80096366,3954.31510252231,,0.995,10.301360604158114,6.34000015258789,31.8,,9947.0,East Asia & Pacific,Upper middle income,0,4
Nauru,NRU,2009,4.05600804424334,20.80096366,4453.58993717452,,0.997,10.301360604158114,6.34000015258789,31.8,,9945.0,East Asia & Pacific,Upper middle income,0,4
Nauru,NRU,2010,4.38942643391521,20.80096366,4912.59955837279,,0.998,10.301360604158114,6.34000015258789,31.6,,10025.0,East Asia & Pacific,Upper middle income,0,4
Nauru,NRU,2011,4.01083822213384,54.0,7233.94660893776,,1.394,8.18347754,6.34000015258789,31.2,,10057.0,East Asia & Pacific,Upper middle income,0,4
Nauru,NRU,2012,3.92421441774492,20.80096366,10099.4220024211,,,7.4504211,6.34000015258789,30.7,,10279.0,East Asia & Pacific,Upper middle income,0,4
Nauru,NRU,2013,4.06653728860549,20.80096366,10036.1832050216,,,7.34234035,6.34000015258789,30.1,,10821.0,East Asia & Pacific,Upper middle income,0,4
Nauru,NRU,2014,4.02185100818358,20.80096366,9872.63831364996,,,8.82803554,6.34000015258789,29.4,,11853.0,East Asia & Pacific,Upper middle income,0,4
Nauru,NRU,2015,2.86129610832048,20.80096366,8052.88838546659,,,10.301360604158114,6.34000015258789,28.8,,12475.0,East Asia & Pacific,Upper middle income,0,4
Nauru,NRU,2016,2.86129610832048,20.80096366,7821.29891769903,,,10.301360604158114,6.34000015258789,28.1,,13049.0,East Asia & Pacific,Upper middle income,0,4
Nauru,NRU,2017,2.86129610832048,57.0,8844.74280553977,,,5.533000995,6.34000015258789,27.3,,12876.0,East Asia & Pacific,Upper middle income,0,4
Nepal,NPL,2000,0.129282275646457,0.204651684,231.425500390656,,,3.57357396,1.82000005245209,60.2,62.386,23740911.0,South Asia,Low income,5,1
Nepal,NPL,2001,0.135225856939247,0.240015303,248.618098020685,48.6089706420898,0.052,4.34851062,1.86300003528595,57.3,63.082,24161777.0,South Asia,Low income,5,1
Nepal,NPL,2002,0.106876799158784,0.31295606,246.307562056412,,,4.49261382,1.87100005149841,54.6,63.745,24566342.0,South Asia,Low income,5,1
Nepal,NPL,2003,0.113901965494008,0.382810917,253.720041240682,,,4.39844301,1.88699996471405,52.1,64.376,24950623.0,South Asia,Low income,5,1
Nepal,NPL,2004,0.105477444412164,0.449843651,287.400105577955,,0.214,4.61542796,1.80499994754791,49.6,64.973,25309449.0,South Asia,Low income,5,1
Nepal,NPL,2005,0.120277397830999,0.826551266,317.089198005742,,,4.50666956,1.70200002193451,47.3,65.537,25640287.0,South Asia,Low income,5,1
Nepal,NPL,2006,0.0988115626235273,1.141389164,348.631453417498,,,4.0425083,1.54900002479553,45.2,66.066,25940618.0,South Asia,Low income,5,1
Nepal,NPL,2007,0.0997362677722285,1.41,393.884351771306,,,4.18959451,1.38199996948242,43.1,66.565,26214847.0,South Asia,Low income,5,1
Nepal,NPL,2008,0.129223795911589,1.73,473.844440907314,,,4.35452114,1.33599996566772,41.1,67.036,26475859.0,South Asia,Low income,5,1
Nepal,NPL,2009,0.162087330503906,1.97,480.72009086822,,,4.4505966,1.567999958992,39.3,67.484,26741103.0,South Asia,Low income,5,1
Nepal,NPL,2010,0.187128274559686,7.93,592.183521642014,,,4.97475029,1.52199995517731,37.5,67.914,27023137.0,South Asia,Low income,5,1
Nepal,NPL,2011,0.202491061361071,9.0,692.116684217348,59.6272506713867,,5.07842356,1.52300000190735,35.8,68.329,27327147.0,South Asia,Low income,5,1
Nepal,NPL,2012,0.211798006685371,11.1493,681.792586817722,,0.506,5.16786408,1.58200001716614,34.2,68.732,27649925.0,South Asia,Low income,5,1
Nepal,NPL,2013,0.237169786577315,13.3,688.617278796698,,0.545,5.32473752,1.54999995231628,32.6,69.126,27985310.0,South Asia,Low income,5,1
Nepal,NPL,2014,0.283538525834667,15.44,706.238697681072,,0.598,5.76784756,1.45799994468689,31.2,69.511,28323241.0,South Asia,Low income,5,1
Nepal,NPL,2015,2.86129610832048,17.58161801,747.160462355857,,,6.21927182,1.42900002002716,29.9,69.887,28656282.0,South Asia,Low income,5,1
Nepal,NPL,2016,2.86129610832048,19.68876384,730.983328253608,,,6.29441655,1.42599999904633,28.8,70.253,28982771.0,South Asia,Low income,5,1
Nepal,NPL,2017,2.86129610832048,21.40351043,849.01104260427,,,5.533000995,1.25300002098083,27.8,70.604,29304998.0,South Asia,Low income,5,1
Nepal,NPL,2018,2.86129610832048,20.80096366,4234.64075149378,,,5.533000995,1.26400005817413,21.7,,,South Asia,Low income,5,1
Netherlands,NLD,2000,10.8947262797751,43.98435137,25921.1279408277,,3.2,7.05640527,2.72499990463257,5.1,77.9878048780488,15925513.0,Europe & Central Asia,High income,1,0
Netherlands,NLD,2001,11.0177876603653,49.37306211,26584.1216906272,,3.3,7.4412204,2.11899995803833,5.0,78.190243902439,16046180.0,Europe & Central Asia,High income,1,0
Netherlands,NLD,2002,11.2492401198866,61.29,28490.211716540907,,3.1,7.95428118,2.55399990081787,4.9,78.2926829268293,16148929.0,Europe & Central Asia,High income,1,0
Netherlands,NLD,2003,11.229738343237,64.35,28490.211716540907,,3.149,8.45717556,3.59299993515015,4.8,78.4926829268293,16225302.0,Europe & Central Asia,High income,1,0
Netherlands,NLD,2004,11.3522689995976,68.52,28490.211716540907,,,8.52118682,4.64599990844727,4.6,79.0951219512195,16281779.0,Europe & Central Asia,High income,1,0
Netherlands,NLD,2005,11.1201775651617,81.0,28490.211716540907,,3.71,9.27056354,4.72300004959106,4.4,79.3463414634146,16319868.0,Europe & Central Asia,High income,1,0
Netherlands,NLD,2006,10.9897152843972,83.7,28490.211716540907,,,9.18211674,3.90499997138977,4.3,79.6975609756098,16346101.0,Europe & Central Asia,High income,1,0
Netherlands,NLD,2007,10.7858629533841,85.82,28490.211716540907,,3.921,9.23702289,3.17899990081787,4.1,80.0975609756098,16381696.0,Europe & Central Asia,High income,1,0
Netherlands,NLD,2008,10.7640240154308,87.42,28490.211716540907,,,9.51053425,2.75,4.0,80.2512195121951,16445593.0,Europe & Central Asia,High income,1,0
Netherlands,NLD,2009,10.4275230563251,89.63,28490.211716540907,,,10.23626324,3.41300010681152,3.8,80.5487804878049,16530388.0,Europe & Central Asia,High income,1,0
Netherlands,NLD,2010,11.0170708560989,90.72,28490.211716540907,,,10.301360604158114,4.44999980926514,3.7,80.7024390243902,16615394.0,Europe & Central Asia,High income,1,0
Netherlands,NLD,2011,10.4335386040941,91.41999576,28490.211716540907,,,10.301360604158114,4.97700023651123,3.6,81.2048780487805,16693074.0,Europe & Central Asia,High income,1,0
Netherlands,NLD,2012,10.1647588338308,92.85999236,28490.211716540907,,,10.301360604158114,5.82100009918213,3.6,81.1048780487805,16754962.0,Europe & Central Asia,High income,1,0
Netherlands,NLD,2013,10.3100627858175,93.9564,28490.211716540907,,,10.301360604158114,7.24300003051758,3.5,81.3048780487805,16804432.0,Europe & Central Asia,High income,1,0
Netherlands,NLD,2014,9.92013807523839,91.666666,28490.211716540907,,3.424,10.301360604158114,7.41599988937378,3.5,81.7073170731707,16865008.0,Europe & Central Asia,High income,1,0
Netherlands,NLD,2015,2.86129610832048,91.72413793,28490.211716540907,,3.478,10.301360604158114,6.87200021743774,3.4,81.509756097561,16939923.0,Europe & Central Asia,High income,1,0
Netherlands,NLD,2016,2.86129610832048,90.4109589,28490.211716540907,,,10.301360604158114,6.00600004196167,3.4,81.5609756097561,17030314.0,Europe & Central Asia,High income,1,0
Netherlands,NLD,2017,2.86129610832048,93.19727891,28490.211716540907,,,5.533000995,4.83900022506714,3.3,81.5609756097561,17131296.0,Europe & Central Asia,High income,1,0
Netherlands,NLD,2018,2.86129610832048,20.80096366,4234.64075149378,,,5.533000995,3.88000011444092,21.7,,,Europe & Central Asia,High income,1,0
New Caledonia,NCL,2000,10.4732120245744,13.93954882,12579.5951055864,,,5.533000995,17.363000869751,21.7,75.1634146341463,213230.0,East Asia & Pacific,High income,0,0
New Caledonia,NCL,2001,8.68981336621818,18.23710978,4234.64075149378,,,5.533000995,17.007999420166,21.7,74.8317073170732,217324.0,East Asia & Pacific,High income,0,0
New Caledonia,NCL,2002,10.860770237934,22.38979742,4234.64075149378,,,5.533000995,16.8619995117188,21.7,75.1024390243903,221490.0,East Asia & Pacific,High income,0,0
New Caledonia,NCL,2003,11.48600787602411,26.40833447,4234.64075149378,,,5.533000995,16.6580009460449,21.7,75.2707317073171,225296.0,East Asia & Pacific,High income,0,0
New Caledonia,NCL,2004,11.0611147540984,30.29804621,4234.64075149378,,,5.533000995,16.3099994659424,21.7,75.4707317073171,228750.0,East Asia & Pacific,High income,0,0
New Caledonia,NCL,2005,11.48600787602411,32.35901475,4234.64075149378,,,5.533000995,15.5629997253418,21.7,75.7219512195122,232250.0,East Asia & Pacific,High income,0,0
New Caledonia,NCL,2006,11.48600787602411,33.51571468,4234.64075149378,,,5.533000995,14.6990003585815,21.7,76.0756097560976,235750.0,East Asia & Pacific,High income,0,0
New Caledonia,NCL,2007,11.48600787602411,35.05,4234.64075149378,,,5.533000995,13.8830003738403,21.7,76.4780487804878,239250.0,East Asia & Pacific,High income,0,0
New Caledonia,NCL,2008,11.48600787602411,34.51,4234.64075149378,,,5.533000995,13.418999671936,21.7,76.6804878048781,242750.0,East Asia & Pacific,High income,0,0
New Caledonia,NCL,2009,11.48600787602411,33.99,4234.64075149378,,,5.533000995,13.9700002670288,21.7,76.9804878048781,245950.0,East Asia & Pacific,High income,0,0
New Caledonia,NCL,2010,11.48600787602411,42.0,4234.64075149378,,,5.533000995,14.2840003967285,21.7,77.2591221344293,249750.0,East Asia & Pacific,High income,0,0
New Caledonia,NCL,2011,11.48600787602411,50.0,4234.64075149378,,,5.533000995,14.33899974823,21.7,76.6468353787517,254350.0,East Asia & Pacific,High income,0,0
New Caledonia,NCL,2012,11.48600787602411,58.0,4234.64075149378,,,5.533000995,14.5620002746582,21.7,77.0690703645998,259000.0,East Asia & Pacific,High income,0,0
New Caledonia,NCL,2013,11.48600787602411,66.0,4234.64075149378,,,5.533000995,14.7189998626709,21.7,77.1762108738893,263650.0,East Asia & Pacific,High income,0,0
New Caledonia,NCL,2014,11.48600787602411,70.0,4234.64075149378,97.8000030517578,,5.533000995,14.5900001525879,21.7,77.2528725957226,268050.0,East Asia & Pacific,High income,0,0
New Caledonia,NCL,2015,2.86129610832048,74.00175279,4234.64075149378,,,5.533000995,14.3269996643066,21.7,77.2443035079364,272400.0,East Asia & Pacific,High income,0,0
New Caledonia,NCL,2016,2.86129610832048,20.80096366,4234.64075149378,,,5.533000995,14.0790004730225,21.7,76.9615007371216,276550.0,East Asia & Pacific,High income,0,0
New Caledonia,NCL,2017,2.86129610832048,82.0058408,4234.64075149378,,,5.533000995,13.7969999313354,21.7,77.1487804878049,280460.0,East Asia & Pacific,High income,0,0
New Caledonia,NCL,2018,2.86129610832048,20.80096366,4234.64075149378,,,5.533000995,13.6190004348755,21.7,,,East Asia & Pacific,High income,0,0
New Zealand,NZL,2000,8.54939419861576,47.37955654,13640.9888898062,,,7.47008461,6.13000011444092,6.1,78.6365853658537,3857700.0,East Asia & Pacific,High income,0,0
New Zealand,NZL,2001,8.87715449040072,53.24101529,13882.8568268586,,2.311,7.57893592,5.43300008773804,5.9,78.6926829268293,3880500.0,East Asia & Pacific,High income,0,0
New Zealand,NZL,2002,8.4085141192858,59.08075328,16874.1874918196,,2.067,7.90045938,5.28200006484985,5.8,78.8463414634146,3948500.0,East Asia & Pacific,High income,0,0
New Zealand,NZL,2003,8.46272794994041,60.96253987,21913.7081719961,,2.2,7.72169243,4.75099992752075,5.7,79.1463414634146,4027200.0,East Asia & Pacific,High income,0,0
New Zealand,NZL,2004,8.45361247706422,61.84762781,25420.0704134865,,,7.90095692,4.00500011444092,5.5,79.5487804878049,4087500.0,East Asia & Pacific,High income,0,0
New Zealand,NZL,2005,8.2584895619149,62.72021237,27750.7248353584,,,8.27345015,3.80699992179871,5.4,79.8512195121951,4133900.0,East Asia & Pacific,High income,0,0
New Zealand,NZL,2006,7.99280863164938,69.0,26671.3294177179,,,8.63299596,3.85700011253357,5.4,80.0487804878049,4184600.0,East Asia & Pacific,High income,0,0
New Zealand,NZL,2007,7.96377456318955,69.76,28490.211716540907,,2.302,8.32133254,3.66100001335144,5.3,80.1512195121951,4223800.0,East Asia & Pacific,High income,0,0
New Zealand,NZL,2008,8.02904103479037,72.03,28490.211716540907,,2.547,9.11367599,4.16699981689453,5.3,80.3512195121951,4259800.0,East Asia & Pacific,High income,0,0
New Zealand,NZL,2009,7.52729605354902,79.7,28201.2322839936,,2.679,9.62353707,6.12099981307983,5.2,80.7024390243902,4302600.0,East Asia & Pacific,High income,0,0
New Zealand,NZL,2010,7.3050058611258,80.46,28490.211716540907,,2.612,9.58843704,6.55700016021729,5.1,80.7024390243902,4350700.0,East Asia & Pacific,High income,0,0
New Zealand,NZL,2011,7.18594822080292,81.23,28490.211716540907,,2.641,9.51023068,6.49100017547607,5.0,80.9048780487805,4384000.0,East Asia & Pacific,High income,0,0
New Zealand,NZL,2012,7.74727683128786,81.64447018,28490.211716540907,,2.698,9.65239065,6.93100023269653,5.0,81.1560975609756,4408100.0,East Asia & Pacific,High income,0,0
New Zealand,NZL,2013,7.53195740753247,82.78,28490.211716540907,,2.818,9.36614756,6.2649998664856,4.9,81.4073170731707,4442100.0,East Asia & Pacific,High income,0,0
New Zealand,NZL,2014,7.68657582544293,85.5,28490.211716540907,,2.852,9.41845045,5.7519998550415,4.7,81.4048780487805,4509700.0,East Asia & Pacific,High income,0,0
New Zealand,NZL,2015,2.86129610832048,88.22288882,28490.211716540907,,3.061,9.30662416,5.36499977111816,4.6,81.4568292682927,4595700.0,East Asia & Pacific,High income,0,0
New Zealand,NZL,2016,2.86129610832048,88.47018635,28490.211716540907,,,9.22193561,5.09999990463257,4.5,81.6124390243903,4693200.0,East Asia & Pacific,High income,0,0
New Zealand,NZL,2017,2.86129610832048,90.81109307,28490.211716540907,,,5.533000995,4.7020001411438,4.4,81.6585365853659,4793900.0,East Asia & Pacific,High income,0,0
New Zealand,NZL,2018,2.86129610832048,20.80096366,4234.64075149378,,,5.533000995,4.52199983596802,21.7,,,East Asia & Pacific,High income,0,0
Nicaragua,NIC,2000,0.748457267810351,0.980216487,1016.02074305227,,,5.21518973,7.46799993515015,31.5,69.742,5026796.0,Latin America & Caribbean,Lower middle income,2,2
Nicaragua,NIC,2001,0.777145909915208,1.448799428,1043.60075786956,76.677131652832,,5.13787303,7.44399976730347,29.9,70.214,5100750.0,Latin America & Caribbean,Lower middle income,2,2
Nicaragua,NIC,2002,0.780660219570458,1.714729584,1010.14727701461,,,5.3478839,7.60599994659424,28.4,70.675,5171734.0,Latin America & Caribbean,Lower middle income,2,2
Nicaragua,NIC,2003,0.841729221376796,1.880412532,1015.56531372838,,0.39,4.84827902,7.59999990463257,27.0,71.117,5240879.0,Latin America & Caribbean,Lower middle income,2,2
Nicaragua,NIC,2004,0.833581275638204,2.320664609,1091.50515662464,,,5.38077353,6.40999984741211,25.7,71.537,5309703.0,Latin America & Caribbean,Lower middle income,2,2
Nicaragua,NIC,2005,0.803023351615666,2.566351177,1175.11622496757,78.0029830932617,0.505,5.5138249,5.36999988555908,24.5,71.935,5379328.0,Latin America & Caribbean,Lower middle income,2,2
Nicaragua,NIC,2006,0.819492309563795,2.805573063,1240.99261674457,,0.498,5.67436348,5.30999994277954,23.3,72.313,5450211.0,Latin America & Caribbean,Lower middle income,2,2
Nicaragua,NIC,2007,0.834057151383911,3.9,1344.30187125334,,0.533,6.49405147,4.8899998664856,22.2,72.677,5522106.0,Latin America & Caribbean,Lower middle income,2,2
Nicaragua,NIC,2008,0.790490170177671,5.3,1518.8053855473,,0.657,6.60192464,6.19999980926514,21.1,73.028,5594506.0,Latin America & Caribbean,Lower middle income,2,2
Nicaragua,NIC,2009,0.793378229306173,7.3,1464.4977535687,,0.713,7.17772088,8.15999984741211,20.1,73.369,5666581.0,Latin America & Caribbean,Lower middle income,2,2
Nicaragua,NIC,2010,0.790571277142518,10.0,1526.49793806178,,0.739,6.50161238,7.82999992370605,19.2,73.699,5737723.0,Latin America & Caribbean,Lower middle income,2,2
Nicaragua,NIC,2011,0.840380211507932,10.6,1682.95792434336,,0.827,7.09216302,6.38100004196167,18.4,74.016,5807820.0,Latin America & Caribbean,Lower middle income,2,2
Nicaragua,NIC,2012,0.786172382743349,13.5,1792.0380448462,,0.876,7.46630116,5.20800018310547,17.7,74.319,5877108.0,Latin America & Caribbean,Lower middle income,2,2
Nicaragua,NIC,2013,0.765378513414715,15.5,1847.19804868568,,0.916,7.32513291,5.28000020980835,17.0,74.608,5945747.0,Latin America & Caribbean,Lower middle income,2,2
Nicaragua,NIC,2014,0.808520855597367,17.6,1975.46470748978,,0.914,7.74704644,4.51900005340576,16.4,74.884,6013997.0,Latin America & Caribbean,Lower middle income,2,2
Nicaragua,NIC,2015,2.86129610832048,19.7042915,2073.49793802454,,,7.91558655,4.39699983596802,15.9,75.149,6082035.0,Latin America & Caribbean,Lower middle income,2,2
Nicaragua,NIC,2016,2.86129610832048,24.57183396,2143.92589272044,,,8.74635494,4.34000015258789,15.3,75.404,6149928.0,Latin America & Caribbean,Lower middle income,2,2
Nicaragua,NIC,2017,2.86129610832048,27.86304001,2221.80644458727,,,5.533000995,4.21299982070923,14.8,75.653,6217581.0,Latin America & Caribbean,Lower middle income,2,2
Nicaragua,NIC,2018,2.86129610832048,20.80096366,4234.64075149378,,,5.533000995,4.47900009155273,21.7,,,Latin America & Caribbean,Lower middle income,2,2
Niger,NER,2000,0.0613698279736946,0.036261294,158.405597226702,,,6.17024953,1.47000002861023,91.04999999999998,49.874,11352973.0,Sub-Saharan Africa,Low income,6,1
Niger,NER,2001,0.0557589482003701,0.105185431,165.250724657477,14.3760404586792,,6.42728617,1.47000002861023,91.04999999999998,50.494,11771976.0,Sub-Saharan Africa,Low income,6,1
Niger,NER,2002,0.0573813604159659,0.127152469,177.820838376822,,0.033,6.52029335,1.9210000038147,89.6,51.123,12206002.0,Sub-Saharan Africa,Low income,6,1
Niger,NER,2003,0.0599728842912979,0.155698704,215.805040778769,,,6.07946842,2.39199995994568,85.7,51.77,12656870.0,Sub-Saharan Africa,Low income,6,1
Niger,NER,2004,0.0620151790826427,0.189933734,232.566157436879,,0.023,6.67545701,2.83699989318848,81.9,52.436,13127012.0,Sub-Saharan Africa,Low income,6,1
Niger,NER,2005,0.0525070806521359,0.221341351,250.038373081288,28.672420501709,,7.49389701,3.09999990463257,78.1,53.127,13618449.0,Sub-Saharan Africa,Low income,6,1
Niger,NER,2006,0.0490418809311931,0.294033977,258.046387283884,,,7.75918667,2.22699999809265,74.5,53.849,14132064.0,Sub-Saharan Africa,Low income,6,1
Niger,NER,2007,0.049248865140686,0.39039062,292.559619972825,,,7.29314021,1.55400002002716,71.1,54.593,14668338.0,Sub-Saharan Africa,Low income,6,1
Niger,NER,2008,0.0532163817572615,0.7,353.238405406743,,0.019,6.99339545,1.03400003910065,68.0,55.35,15228525.0,Sub-Saharan Africa,Low income,6,1
Niger,NER,2009,0.0612174861465344,0.76,339.770266888739,,,7.13090694,0.865000009536743,65.1,56.105,15813913.0,Sub-Saharan Africa,Low income,6,1
Niger,NER,2010,0.0714397995613914,0.83,348.15605909962,,0.019,6.51272985,0.501999974250793,62.4,56.838,16425578.0,Sub-Saharan Africa,Low income,6,1
Niger,NER,2011,0.0777897635789008,0.9,375.582855926478,,,6.64844853,0.319000005722046,59.9,57.528,17064636.0,Sub-Saharan Africa,Low income,6,1
Niger,NER,2012,0.105264015713385,1.05,391.518249541517,30.5603904724121,,5.84271168,0.331999987363815,57.6,58.16,17731634.0,Sub-Saharan Africa,Low income,6,1
Niger,NER,2013,0.105275362941766,1.15,416.140115178331,,,5.96589601,0.323000013828278,55.5,58.727,18426372.0,Sub-Saharan Africa,Low income,6,1
Niger,NER,2014,0.111073515505541,1.248675689,429.790957778857,,,5.85065649,0.321999996900558,53.5,59.228,19148219.0,Sub-Saharan Africa,Low income,6,1
Niger,NER,2015,2.86129610832048,2.476219975,362.752197664149,,,7.09101535,0.29899999499321,51.6,59.667,19896965.0,Sub-Saharan Africa,Low income,6,1
Niger,NER,2016,2.86129610832048,4.32275803,364.160507797334,,,6.22894111,0.310999989509583,49.9,60.058,20672987.0,Sub-Saharan Africa,Low income,6,1
Niger,NER,2017,2.86129610832048,10.22431156,378.059252303818,,,5.533000995,0.284999996423721,48.3,60.422,21477348.0,Sub-Saharan Africa,Low income,6,1
Niger,NER,2018,2.86129610832048,20.80096366,4234.64075149378,,,5.533000995,0.273000001907349,21.7,,,Sub-Saharan Africa,Low income,6,1
Nigeria,NGA,2000,0.621626466305102,0.064080808,567.614357134101,,0.269,2.63766795,3.9539999961853,91.04999999999998,46.266,122352009.0,Sub-Saharan Africa,Lower middle income,6,2
Nigeria,NGA,2001,0.683342207897801,0.08990137,590.055302267943,,,2.66015971,4.02899980545044,91.04999999999998,46.509,125463434.0,Sub-Saharan Africa,Lower middle income,6,2
Nigeria,NGA,2002,0.728060754798191,0.320461976,741.340314994581,,,2.14326738,4.1100001335144,91.04999999999998,46.834,128666710.0,Sub-Saharan Africa,Lower middle income,6,2
Nigeria,NGA,2003,0.769980197318786,0.558576245,794.952900039636,54.7731781005859,0.263,4.45313744,4.06300020217896,91.04999999999998,47.24,131972533.0,Sub-Saharan Africa,Lower middle income,6,2
Nigeria,NGA,2004,0.770377149835484,1.286137641,1007.32946908431,,,4.01017353,3.98000001907349,91.04999999999998,47.717,135393616.0,Sub-Saharan Africa,Lower middle income,6,2
Nigeria,NGA,2005,0.763411353827024,3.549155718,1267.70367706822,,0.281,3.8136056,3.86999988555908,91.04999999999998,48.246,138939478.0,Sub-Saharan Africa,Lower middle income,6,2
Nigeria,NGA,2006,0.693421338847477,5.545036083,1655.5445244538,,0.346,3.87697531,3.66599988937378,91.04999999999998,48.802,142614094.0,Sub-Saharan Africa,Lower middle income,6,2
Nigeria,NGA,2007,0.649213946596811,6.77,1882.47020352573,,0.376,3.78734971,3.43899989128113,89.9,49.356,146417024.0,Sub-Saharan Africa,Lower middle income,6,2
Nigeria,NGA,2008,0.639510536232122,8.0,2241.71176284846,51.0776596069336,0.374,3.70661897,3.42400002479553,86.8,49.887,150347390.0,Sub-Saharan Africa,Lower middle income,6,2
Nigeria,NGA,2009,0.496985479758217,9.3,1890.38912816673,,0.376,3.52578853,3.75699996948242,83.9,50.385,154402181.0,Sub-Saharan Africa,Lower middle income,6,2
Nigeria,NGA,2010,0.577111379724362,11.5,2291.36001310585,,0.395,3.25966795,3.76999998092651,81.0,50.847,158578261.0,Sub-Saharan Africa,Lower middle income,6,2
Nigeria,NGA,2011,0.587523022576854,13.8,2519.28994084219,,,3.2896504,3.69700002670288,78.3,51.279,162877076.0,Sub-Saharan Africa,Lower middle income,6,2
Nigeria,NGA,2012,0.588789917234998,16.1,2745.86675157152,,,3.33284386,3.69300007820129,75.7,51.699,167297284.0,Sub-Saharan Africa,Lower middle income,6,2
Nigeria,NGA,2013,0.571126416080498,19.1,2996.96430319829,,,3.39726482,3.70300006866455,73.3,52.121,171829303.0,Sub-Saharan Africa,Lower middle income,6,2
Nigeria,NGA,2014,0.545622113213755,21.0,3221.67811590831,,,3.32807245,4.43699979782104,71.0,52.549,176460502.0,Sub-Saharan Africa,Lower middle income,6,2
Nigeria,NGA,2015,2.86129610832048,24.5,2729.76277774009,,,3.57255253,5.31300020217896,68.7,52.985,181181744.0,Sub-Saharan Africa,Lower middle income,6,2
Nigeria,NGA,2016,2.86129610832048,25.67,2175.65627600394,,,3.64671499,6.23699998855591,66.6,53.428,185989640.0,Sub-Saharan Africa,Lower middle income,6,2
Nigeria,NGA,2017,2.86129610832048,27.68098584,1968.42552277442,,,5.533000995,6.01300001144409,64.6,53.875,190886311.0,Sub-Saharan Africa,Lower middle income,6,2
Nigeria,NGA,2018,2.86129610832048,20.80096366,4234.64075149378,,,5.533000995,6.02600002288818,21.7,,,Sub-Saharan Africa,Lower middle income,6,2
North America,NAC,2000,11.48600787602411,43.8869618236583,28490.211716540907,,2.51476100806095,10.301360604158114,4.27455659560492,6.9,76.8826011988114,312993944.0,,,7,3
North America,NAC,2001,11.48600787602411,50.1723887897459,28490.211716540907,,,10.301360604158114,4.98083934353293,6.9,77.0828454819527,316113359.0,,,7,3
North America,NAC,2002,11.48600787602411,59.0598206776838,28490.211716540907,,,10.301360604158114,5.97566563762963,6.8,77.1878319985615,319050105.0,,,7,3
North America,NAC,2003,11.48600787602411,61.9421280351083,28490.211716540907,,,10.301360604158114,6.1542249386302,6.7,77.3030530240058,321847258.0,,,7,3
North America,NAC,2004,11.48600787602411,64.8754047427813,28490.211716540907,,,10.301360604158114,5.70248935063058,6.7,77.7248506839847,324864038.0,,,7,3
North America,NAC,2005,11.48600787602411,68.3315571721031,28490.211716540907,,,10.301360604158114,5.25788871524374,6.7,77.7545898162295,327892753.0,,,7,3
North America,NAC,2006,11.48600787602411,69.2739796236523,28490.211716540907,,,10.301360604158114,4.79982611218193,6.6,77.9493878340635,331014940.0,,,7,3
North America,NAC,2007,11.48600787602411,74.8217513215343,28490.211716540907,,,10.301360604158114,4.77087510740277,6.4,78.2395409065878,334184023.0,,,7,3
North America,NAC,2008,11.48600787602411,74.2693498230809,28490.211716540907,,,10.301360604158114,5.82132462051743,6.3,78.3009712547902,337405012.0,,,7,3
North America,NAC,2009,11.48600787602411,71.9267575100117,28490.211716540907,,,10.301360604158114,9.15721775713715,6.3,78.6477260355156,340465736.0,,,7,3
North America,NAC,2010,11.48600787602411,72.5503537967145,28490.211716540907,,,10.301360604158114,9.46346084169613,6.1,78.8094590876665,343396483.0,,,7,3
North America,NAC,2011,11.48600787602411,71.0589108013846,28490.211716540907,,,10.301360604158114,8.79342471580509,6.0,78.9205869322233,345987353.0,,,7,3
North America,NAC,2012,11.48600787602411,75.5346975521265,28490.211716540907,,,10.301360604158114,7.98473844966271,5.9,79.0317534982958,348689561.0,,,7,3
North America,NAC,2013,11.48600787602411,72.8512531931216,28490.211716540907,,2.56509741052803,10.301360604158114,7.34209594412252,5.9,79.0427467629603,351275098.0,,,7,3
North America,NAC,2014,11.48600787602411,74.4268352717389,28490.211716540907,,,10.301360604158114,6.24956083300993,5.8,79.1388191278098,353986908.0,,,7,3
North America,NAC,2015,2.86129610832048,75.9638260241109,28490.211716540907,,,10.301360604158114,5.45782843867357,5.7,79.0131604895542,356640425.0,,,7,3
North America,NAC,2016,2.86129610832048,76.8486948387367,28490.211716540907,,,10.301360604158114,5.10150884663802,5.6,78.9190578248212,359401287.0,,,7,3
North America,NAC,2017,2.86129610832048,77.0081003570527,28490.211716540907,,,5.533000995,4.57218722370687,5.6,78.9383010210934,361920645.0,,,7,3
North America,NAC,2018,2.86129610832048,20.80096366,4234.64075149378,,,5.533000995,4.1505130571748,21.7,,,,,7,3
North Macedonia,MKD,2000,5.92899417589476,2.485566316,1854.14595610107,,2.201,8.87008928,17.547250032424937,14.3,73.267,2034819.0,Europe & Central Asia,Upper middle income,1,4
North Macedonia,MKD,2001,5.87339794267007,3.468184608,1815.92009071121,,2.191,8.38147463,17.547250032424937,13.6,73.47,2042842.0,Europe & Central Asia,Upper middle income,1,4
North Macedonia,MKD,2002,5.33693424073467,17.33,1961.20373553606,96.1289291381836,,8.97844952,17.547250032424937,13.0,73.642,2048928.0,Europe & Central Asia,Upper middle income,1,4
North Macedonia,MKD,2003,5.50739495847428,19.07,2408.80011005532,,,9.0085776,17.547250032424937,12.6,73.782,2053426.0,Europe & Central Asia,Upper middle income,1,4
North Macedonia,MKD,2004,5.44065546387613,24.44,2762.5617013497,,,8.39952403,17.547250032424937,12.4,73.893,2057047.0,Europe & Central Asia,Upper middle income,1,4
North Macedonia,MKD,2005,5.47485574720231,26.45,3037.7545847472,,,7.71311669,17.547250032424937,12.2,73.986,2060272.0,Europe & Central Asia,Upper middle income,1,4
North Macedonia,MKD,2006,5.30193515240083,28.62,3325.61324190164,,2.546,7.4001691,17.547250032424937,11.6,74.077,2063145.0,Europe & Central Asia,Upper middle income,1,4
North Macedonia,MKD,2007,4.5964928843869,36.3,4036.14023722037,,,6.58915767,17.547250032424937,10.9,74.18,2065458.0,Europe & Central Asia,Upper middle income,1,4
North Macedonia,MKD,2008,4.54788045534005,46.04,4793.29295892064,,2.627,6.5804122,17.547250032424937,10.2,74.305,2067378.0,Europe & Central Asia,Upper middle income,1,4
North Macedonia,MKD,2009,4.20383424041355,51.77,4543.89024355919,,2.605,6.53540445,17.547250032424937,9.6,74.457,2069093.0,Europe & Central Asia,Upper middle income,1,4
North Macedonia,MKD,2010,4.15445017455121,51.9,4542.90410449183,,2.687,6.71621221,17.547250032424937,9.2,74.632,2070739.0,Europe & Central Asia,Upper middle income,1,4
North Macedonia,MKD,2011,4.53512743542096,56.7,5064.04110600499,,2.734,6.51844293,17.547250032424937,9.1,74.824,2072383.0,Europe & Central Asia,Upper middle income,1,4
North Macedonia,MKD,2012,4.32288301649537,57.44994731,4698.6894759835,,2.781,6.61339803,17.547250032424937,9.2,75.019,2074036.0,Europe & Central Asia,Upper middle income,1,4
North Macedonia,MKD,2013,3.78052346658226,65.24,5211.49920049925,,2.8,6.71868561,17.547250032424937,9.5,75.207,2075739.0,Europe & Central Asia,Upper middle income,1,4
North Macedonia,MKD,2014,3.61493818276338,68.06,5469.21789842179,97.8000030517578,,6.2901231,17.547250032424937,10.0,75.384,2077495.0,Europe & Central Asia,Upper middle income,1,4
North Macedonia,MKD,2015,2.86129610832048,70.3802,4840.31967944456,,2.875,6.35398538,17.547250032424937,10.7,75.549,2079308.0,Europe & Central Asia,Upper middle income,1,4
North Macedonia,MKD,2016,2.86129610832048,72.15681447,5128.0228198066,,,6.34410858,17.547250032424937,11.4,75.703,2081206.0,Europe & Central Asia,Upper middle income,1,4
North Macedonia,MKD,2017,2.86129610832048,76.31197942,5414.61482263095,,,5.533000995,17.547250032424937,12.0,75.851,2083160.0,Europe & Central Asia,Upper middle income,1,4
North Macedonia,MKD,2018,2.86129610832048,20.80096366,4234.64075149378,,,5.533000995,17.547250032424937,21.7,,,Europe & Central Asia,Upper middle income,1,4
Northern Mariana Islands,MNP,2000,2.86129610832048,20.80096366,4234.64075149378,,,5.533000995,6.34000015258789,21.7,,69094.0,East Asia & Pacific,High income,0,0
Northern Mariana Islands,MNP,2001,2.86129610832048,20.80096366,4234.64075149378,,,5.533000995,6.34000015258789,21.7,,69388.0,East Asia & Pacific,High income,0,0
Northern Mariana Islands,MNP,2002,2.86129610832048,20.80096366,18672.8327734392,,,5.533000995,6.34000015258789,21.7,,68763.0,East Asia & Pacific,High income,0,0
Northern Mariana Islands,MNP,2003,2.86129610832048,20.80096366,18376.7909584409,,,5.533000995,6.34000015258789,21.7,,67422.0,East Asia & Pacific,High income,0,0
Northern Mariana Islands,MNP,2004,2.86129610832048,20.80096366,18427.4248815924,,,5.533000995,6.34000015258789,21.7,,65663.0,East Asia & Pacific,High income,0,0
Northern Mariana Islands,MNP,2005,2.86129610832048,20.80096366,16644.703815261,,,5.533000995,6.34000015258789,21.7,,63744.0,East Asia & Pacific,High income,0,0
Northern Mariana Islands,MNP,2006,2.86129610832048,20.80096366,16048.5021398003,,,5.533000995,6.34000015258789,21.7,,61688.0,East Asia & Pacific,High income,0,0
Northern Mariana Islands,MNP,2007,2.86129610832048,20.80096366,15761.2622452237,,,5.533000995,6.34000015258789,21.7,,59513.0,East Asia & Pacific,High income,0,0
Northern Mariana Islands,MNP,2008,2.86129610832048,20.80096366,16350.0548484268,,,5.533000995,6.34000015258789,21.7,,57431.0,East Asia & Pacific,High income,0,0
Northern Mariana Islands,MNP,2009,2.86129610832048,20.80096366,14279.5559866365,,,5.533000995,6.34000015258789,21.7,,55674.0,East Asia & Pacific,High income,0,0
Northern Mariana Islands,MNP,2010,2.86129610832048,20.80096366,14681.0230780538,,,5.533000995,6.34000015258789,21.7,,54424.0,East Asia & Pacific,High income,0,0
Northern Mariana Islands,MNP,2011,2.86129610832048,20.80096366,13628.0816569367,,,5.533000995,6.34000015258789,21.7,,53786.0,East Asia & Pacific,High income,0,0
Northern Mariana Islands,MNP,2012,2.86129610832048,20.80096366,13980.4162478127,,,5.533000995,6.34000015258789,21.7,,53718.0,East Asia & Pacific,High income,0,0
Northern Mariana Islands,MNP,2013,2.86129610832048,20.80096366,14471.8335924199,,,5.533000995,6.34000015258789,21.7,,54036.0,East Asia & Pacific,High income,0,0
Northern Mariana Islands,MNP,2014,2.86129610832048,20.80096366,15513.6961151502,,,5.533000995,6.34000015258789,21.7,,54468.0,East Asia & Pacific,High income,0,0
Northern Mariana Islands,MNP,2015,2.86129610832048,20.80096366,16984.0922358436,,,5.533000995,6.34000015258789,21.7,,54816.0,East Asia & Pacific,High income,0,0
Northern Mariana Islands,MNP,2016,2.86129610832048,20.80096366,22717.7725678353,,,5.533000995,6.34000015258789,21.7,,55023.0,East Asia & Pacific,High income,0,0
Northern Mariana Islands,MNP,2017,2.86129610832048,20.80096366,28490.211716540907,,,5.533000995,6.34000015258789,21.7,,55144.0,East Asia & Pacific,High income,0,0
Norway,NOR,2000,8.83401570307687,52.0,28490.211716540907,,2.9,7.70907084,3.45799994468689,4.0,78.6341463414634,4490967.0,Europe & Central Asia,High income,1,0
Norway,NOR,2001,9.28499223816289,64.0,28490.211716540907,,3.0,8.02059332,3.73799991607666,3.8,78.7853658536585,4513751.0,Europe & Central Asia,High income,1,0
Norway,NOR,2002,8.37853477588599,72.84,28490.211716540907,,3.1,9.00549359,4.02199983596802,3.6,78.9878048780488,4538159.0,Europe & Central Asia,High income,1,0
Norway,NOR,2003,9.90643602042124,78.13,28490.211716540907,,3.1,9.21899244,4.22100019454956,3.6,79.390243902439,4564855.0,Europe & Central Asia,High income,1,0
Norway,NOR,2004,9.28746643553554,77.69,28490.211716540907,,,8.82630062,4.25600004196167,3.4,79.8414634146342,4591910.0,Europe & Central Asia,High income,1,0
Norway,NOR,2005,9.17921692577863,81.99,28490.211716540907,,,8.3327719,4.38100004196167,3.2,80.0414634146342,4623291.0,Europe & Central Asia,High income,1,0
Norway,NOR,2006,9.49583569082346,82.55,28490.211716540907,,3.77,7.91631156,3.3989999294281,3.2,80.3439024390244,4660677.0,Europe & Central Asia,High income,1,0
Norway,NOR,2007,9.57484965980082,86.93,28490.211716540907,,3.889,8.04793312,2.49300003051758,3.0,80.3951219512195,4709153.0,Europe & Central Asia,High income,1,0
Norway,NOR,2008,11.48600787602411,90.57,28490.211716540907,,4.076,7.95551377,2.54999995231628,2.8,80.5926829268293,4768212.0,Europe & Central Asia,High income,1,0
Norway,NOR,2009,11.4618288550645,92.08,28490.211716540907,,4.053,9.0641733,3.1029999256134,2.7,80.7951219512195,4828726.0,Europe & Central Asia,High income,1,0
Norway,NOR,2010,11.48600787602411,93.39,28490.211716540907,,4.112,8.89777267,3.52099990844727,2.6,80.9975609756098,4889252.0,Europe & Central Asia,High income,1,0
Norway,NOR,2011,9.12476721592671,93.48998265,28490.211716540907,,4.187,8.77902391,3.21499991416931,2.5,81.2951219512195,4953088.0,Europe & Central Asia,High income,1,0
Norway,NOR,2012,9.94098023481974,94.64997805,28490.211716540907,,4.232,8.76544424,3.12299990653992,2.4,81.4512195121951,5018573.0,Europe & Central Asia,High income,1,0
Norway,NOR,2013,11.4501188375594,95.0534,28490.211716540907,,4.303,8.91690172,3.42300009727478,2.3,81.7512195121951,5079623.0,Europe & Central Asia,High income,1,0
Norway,NOR,2014,9.27094513154166,96.3,28490.211716540907,,4.42,9.32755791,3.48399996757507,2.3,82.1,5137232.0,Europe & Central Asia,High income,1,0
Norway,NOR,2015,2.86129610832048,96.8103,28490.211716540907,,4.385,10.10889268,4.2960000038147,2.2,82.3048780487805,5188607.0,Europe & Central Asia,High income,1,0
Norway,NOR,2016,2.86129610832048,97.29820367,28490.211716540907,,,10.301360604158114,4.67899990081787,2.1,82.4073170731707,5234519.0,Europe & Central Asia,High income,1,0
Norway,NOR,2017,2.86129610832048,96.50851854,28490.211716540907,,,5.533000995,4.16200017929077,2.1,82.509756097561,5276968.0,Europe & Central Asia,High income,1,0
Norway,NOR,2018,2.86129610832048,20.80096366,4234.64075149378,,,5.533000995,3.91899991035461,21.7,,,Europe & Central Asia,High income,1,0
OECD members,OED,2000,11.0532402220611,27.8252578709113,23625.0520256767,,2.5384621291545,9.32420353798025,6.31613224429909,10.7747463870998,77.06329944817,1160068208.0,,,7,3
OECD members,OED,2001,10.9332992227115,33.3539235128616,23246.0798567369,,,9.81872071710629,6.3345744720496,10.2697240828613,77.3655903839415,1168255846.0,,,7,3
OECD members,OED,2002,10.9122535478906,41.4667189826861,24087.795528062,,,10.2243803374636,6.8828172753231,9.81767532701137,77.5210134357017,1176489220.0,,,7,3
OECD members,OED,2003,11.0046301207148,45.6878363868862,26785.8589570489,,,10.301360604158114,7.05552372837796,9.3649780085994,77.6708607026993,1184744057.0,,,7,3
OECD members,OED,2004,11.0511815188879,50.5165852970733,28490.211716540907,,,10.301360604158114,6.9576270185501,9.00439854373164,78.0769152962822,1193061799.0,,,7,3
OECD members,OED,2005,10.9912418918605,54.1319223837561,28490.211716540907,,,10.301360604158114,6.63448417369386,8.62733496917411,78.2018729694556,1201387655.0,,,7,3
OECD members,OED,2006,10.8959287433419,56.6078027615605,28490.211716540907,,,10.301360604158114,6.06586218209152,8.2722756600024,78.5022686714127,1210090990.0,,,7,3
OECD members,OED,2007,10.9066687523119,61.8704729168346,28490.211716540907,,,10.301360604158114,5.61336114178161,7.92709398035161,78.7383686182288,1219114314.0,,,7,3
OECD members,OED,2008,10.6322129212027,63.9153717987651,28490.211716540907,,,10.301360604158114,5.9430486621486,7.66822612250137,78.8965305375477,1228624922.0,,,7,3
OECD members,OED,2009,9.91618125719391,65.3373239994249,28490.211716540907,,,10.301360604158114,8.12290018706888,7.40451518542667,79.166463042566,1237366149.0,,,7,3
OECD members,OED,2010,10.1580412493279,67.6266746299878,28490.211716540907,,,10.301360604158114,8.32201258131481,7.14336554602516,79.3471604399985,1245466692.0,,,7,3
OECD members,OED,2011,9.9642780193708,68.5462423195822,28490.211716540907,,,10.301360604158114,7.94567645793748,6.91907138145817,79.5887196506415,1251707890.0,,,7,3
OECD members,OED,2012,9.75441500136065,70.9509796314015,28490.211716540907,,,10.301360604158114,7.93286522380366,6.72767134256089,79.7122266022104,1259459408.0,,,7,3
OECD members,OED,2013,9.68180739744716,72.2734694360013,28490.211716540907,,2.86384357000613,10.301360604158114,7.87391606062411,6.52079184284503,79.88615457298,1267516076.0,,,7,3
OECD members,OED,2014,9.52355649116735,73.8900054091648,28490.211716540907,,,10.301360604158114,7.3514715599164,6.30920882607956,80.1469768041784,1275900506.0,,,7,3
OECD members,OED,2015,2.86129610832048,76.1901434370123,28490.211716540907,,,10.301360604158114,6.76268319976757,6.12319048930279,80.0504657826373,1284164313.0,,,7,3
OECD members,OED,2016,2.86129610832048,78.0534642757281,28490.211716540907,,,10.301360604158114,6.31504042778217,5.90564012894472,80.2209169276363,1292500653.0,,,7,3
OECD members,OED,2017,2.86129610832048,79.2631525341283,28490.211716540907,,,5.533000995,5.75320540014702,5.70236633104437,80.2890524469208,1300249533.0,,,7,3
OECD members,OED,2018,2.86129610832048,20.80096366,4234.64075149378,,,5.533000995,5.30791300281164,21.7,,,,,7,3
Oman,OMN,2000,9.65420806343588,3.520421417,8601.18590579376,,1.455,3.06354727,4.84700012207031,14.2,72.126,2267991.0,Middle East & North Africa,High income,3,0
Oman,OMN,2001,8.8399681539071,5.893841521,8476.61051098921,,,3.08315202,4.78200006484985,13.3,72.58,2294787.0,Middle East & North Africa,High income,3,0
Oman,OMN,2002,10.9116847342977,6.873396039,8629.10177414089,,1.257,3.18044011,4.84999990463257,12.5,73.022,2334285.0,Middle East & North Africa,High income,3,0
Oman,OMN,2003,11.48600787602411,7.255742945,9069.81020605466,81.3633117675781,,3.1729472,4.88000011444092,11.9,73.447,2385255.0,Middle East & North Africa,High income,3,0
Oman,OMN,2004,11.4476050935249,6.75885217,10129.2888628425,,1.581,2.97564683,4.81400012969971,11.4,73.851,2444751.0,Middle East & North Africa,High income,3,0
Oman,OMN,2005,11.48600787602411,6.68358142,12376.9793587916,,1.668,2.58714082,4.65000009536743,11.0,74.231,2511269.0,Middle East & North Africa,High income,3,0
Oman,OMN,2006,11.48600787602411,8.299716673,14408.0504962765,,1.793,2.31076055,4.39300012588501,10.7,74.58,2582991.0,Middle East & North Africa,High income,3,0
Oman,OMN,2007,11.48600787602411,16.68,15805.1322617934,,1.892,2.42576496,4.15299987792969,10.4,74.898,2662762.0,Middle East & North Africa,High income,3,0
Oman,OMN,2008,11.48600787602411,20.0,22075.0353566455,86.6211395263672,1.958,2.0122271,4.14200019836426,10.2,75.188,2759014.0,Middle East & North Africa,High income,3,0
Oman,OMN,2009,11.48600787602411,26.8,16784.3461606049,,2.014,2.82993591,4.69899988174438,10.1,75.451,2882942.0,Middle East & North Africa,High income,3,0
Oman,OMN,2010,11.48600787602411,35.8278,19281.0008081038,86.9390029907227,1.991,2.74402989,4.65899991989136,10.0,75.694,3041460.0,Middle East & North Africa,High income,3,0
Oman,OMN,2011,11.48600787602411,48.0,20986.0849563219,,1.971,2.55078962,4.43300008773804,9.9,75.922,3237268.0,Middle East & North Africa,High income,3,0
Oman,OMN,2012,11.48600787602411,60.0,22134.8013712314,,1.99,2.54985424,4.32100009918213,9.8,76.141,3464644.0,Middle East & North Africa,High income,3,0
Oman,OMN,2013,11.48600787602411,66.45,21227.2123496242,,,2.78591689,4.16400003433228,9.7,76.358,3711481.0,Middle East & North Africa,High income,3,0
Oman,OMN,2014,11.48600787602411,70.22,20469.1386524373,91.981201171875,1.541,3.52693373,3.84899997711182,9.6,76.578,3960925.0,Middle East & North Africa,High income,3,0
Oman,OMN,2015,2.86129610832048,73.53,16410.6129650939,93.0386123657227,,4.30537627,3.54200005531311,9.6,76.801,4199810.0,Middle East & North Africa,High income,3,0
Oman,OMN,2016,2.86129610832048,76.85,14902.8314844354,94.8999862670898,1.915,4.29254957,3.26600003242493,9.7,77.029,4424762.0,Middle East & North Africa,High income,3,0
Oman,OMN,2017,2.86129610832048,80.18563573,15267.4450155209,96.1115493774414,,5.533000995,3.13700008392334,9.7,77.258,4636262.0,Middle East & North Africa,High income,3,0
Oman,OMN,2018,2.86129610832048,20.80096366,4234.64075149378,,,5.533000995,3.11299991607666,21.7,,,Middle East & North Africa,High income,3,0
Other small states,OSS,2000,5.02692908133888,5.40407303939108,4371.81406334397,78.0483093261719,,4.68741158483838,13.5814959353171,61.063403856679,60.7292818134558,20939372.0,,,7,3
Other small states,OSS,2001,5.23344355179415,6.65464581498272,4269.79739987123,78.7102508544922,,4.76646337336129,13.5419679437812,60.1084781388261,60.6433356946832,21324121.0,,,7,3
Other small states,OSS,2002,5.24495303292011,8.60500187623457,4519.66802011686,79.446907043457,,4.82498987968057,13.4670467090388,59.0047546317817,60.7039054338289,21722065.0,,,7,3
Other small states,OSS,2003,5.4243604696981,10.3448877568216,5503.87313490041,80.0643920898438,,5.24475748211696,13.7343182751654,57.8472511241996,60.8951704128028,22141340.0,,,7,3
Other small states,OSS,2004,5.42649332035759,12.1335053797499,6700.24582063227,80.4656982421875,,5.01405608400939,13.2159475753092,56.4863564564638,61.2529545769101,22600520.0,,,7,3
Other small states,OSS,2005,5.74967546470342,12.8603222969416,7967.4915854469,80.9823532104492,,4.63476846500233,12.6580596820182,54.6387084875604,61.7332174399686,23112789.0,,,7,3
Other small states,OSS,2006,6.12108861664932,14.2260490329533,9167.63020129943,80.5283279418945,,4.29337502614537,11.5893502805274,52.6562117938616,62.2798857638404,23681565.0,,,7,3
Other small states,OSS,2007,6.56964909963469,16.0444847938557,10928.3070358225,79.7480087280273,,4.12647625926037,10.6935886136453,51.1050152011353,62.9200097940307,24300791.0,,,7,3
Other small states,OSS,2008,6.63255431740572,18.6496871692207,13050.3884698402,80.9378433227539,,3.74490933098628,10.146552904929,49.8749640396349,63.6093742903757,24955735.0,,,7,3
Other small states,OSS,2009,6.31019859442467,20.6277485096645,10892.3677572277,80.4023971557617,,4.30718278907463,11.1142711499678,48.2521303326514,64.3127492193275,25615419.0,,,7,3
Other small states,OSS,2010,6.56431030820932,24.1919171702151,12360.3516205353,81.074333190918,,3.92455662132822,11.3998830062017,46.3491502741412,64.9491907478681,26267053.0,,,7,3
Other small states,OSS,2011,6.78463419049343,27.7936250191768,14908.2261695515,81.5634918212891,,3.60247688162534,10.9244936666564,45.050942614034,65.5260966183799,26900149.0,,,7,3
Other small states,OSS,2012,7.0074034942281,31.0933568947308,15235.1445906227,81.9812164306641,,3.57929383473735,10.6003341328849,43.7429638460557,66.0780866933603,27529595.0,,,7,3
Other small states,OSS,2013,6.68853493042988,35.9386306330866,15505.9451407677,82.4406433105469,1.09046793390468,3.7746150495442,10.8291745879366,42.455964364988,66.5481671616232,28153079.0,,,7,3
Other small states,OSS,2014,7.51931183096083,39.7137343533259,15602.9682114189,82.6797790527344,,3.97502631463996,10.5511942456975,41.3604903816837,66.9709443231963,28774019.0,,,7,3
Other small states,OSS,2015,2.86129610832048,43.1330785175536,12631.4606876318,83.1183624267578,,4.67234303417676,10.4682028372998,40.1729168101733,67.3654282210776,29396503.0,,,7,3
Other small states,OSS,2016,2.86129610832048,45.5856445714139,12206.1326644279,83.3159866333008,,4.82924977998232,10.4524622082004,38.9363411522668,67.6978745030848,30012500.0,,,7,3
Other small states,OSS,2017,2.86129610832048,49.289418733532,13211.7886309137,,,5.533000995,10.1049026311995,37.8777938103708,67.9920182150657,30627643.0,,,7,3
Other small states,OSS,2018,2.86129610832048,20.80096366,4234.64075149378,,,5.533000995,9.99841820323063,21.7,,,,,7,3
Pacific island small states,PSS,2000,0.96145485017941,1.45841752206367,1753.42584718013,,0.369617935431024,5.2713731309538,3.9908624857746,24.1440320632481,66.7183349574985,1964216.0,,,7,3
Pacific island small states,PSS,2001,1.08400865785169,1.86106067616792,1697.67222051879,,,5.17415050022018,4.02245629916695,23.822739145524,67.0167829555237,1985712.0,,,7,3
Pacific island small states,PSS,2002,0.990563423522563,3.99399696689465,1767.0861000718,,,5.20099639111864,4.10907439111289,23.5476412601811,67.3083482217503,2006448.0,,,7,3
Pacific island small states,PSS,2003,1.06724407708715,4.54567054152341,2048.06770589839,,,5.01154399228306,4.07161503189302,23.3278116937389,67.5949245475254,2027212.0,,,7,3
Pacific island small states,PSS,2004,1.19010504996279,5.17128838796329,2339.11270266129,,,5.37944727795211,3.92447533731869,23.2496631045101,67.8766502429326,2049025.0,,,7,3
Pacific island small states,PSS,2005,1.05799345287347,5.57912679185702,2540.13382574603,,,5.56507515973701,3.70089725032513,23.1971615838795,68.1648513681712,2072665.0,,,7,3
Pacific island small states,PSS,2006,1.10613288018253,6.49353724026337,2639.30401578289,,,5.65565087122966,3.48407539009472,23.1804065977599,68.4312175233303,2098492.0,,,7,3
Pacific island small states,PSS,2007,1.09514940728565,7.39342507549493,2859.15715906273,,,5.49400060374562,3.31823492185623,23.0960411874641,68.7059342427266,2126235.0,,,7,3
Pacific island small states,PSS,2008,0.954460991983164,8.69204710507742,3041.85945452521,,,5.40621319573123,3.19525630538029,22.9931912831191,68.9783492363544,2155339.0,,,7,3
Pacific island small states,PSS,2009,0.928147500248302,10.871565505558,2643.98822684925,,,5.72003016726666,3.60937963868411,22.9237422597146,69.249026870779,2184837.0,,,7,3
Pacific island small states,PSS,2010,1.09640864714086,12.9746966776439,2898.04365859748,,,5.58127143247573,3.65622630788832,22.6716549295775,69.5143525936684,2214096.0,,,7,3
Pacific island small states,PSS,2011,1.0300731731351,17.6487885830767,3403.1101357038,,,5.22980707231679,3.77597940019323,22.4225764066381,69.7727485966317,2242763.0,,,7,3
Pacific island small states,PSS,2012,1.00421609141557,20.7210436885076,3587.74431150133,,,5.15649873048962,4.04182696403227,22.2049285353353,70.0202020857441,2271298.0,,,7,3
Pacific island small states,PSS,2013,1.03949444467391,22.0312360967181,3669.76494880424,,0.491977310009152,5.23271805750375,3.94296260400024,21.9159969591659,70.2563982610723,2300045.0,,,7,3
Pacific island small states,PSS,2014,1.06414968632188,24.7368187548259,3777.92721939421,,,5.31756023697187,4.01025416761273,21.6592464820699,70.4801476585577,2329458.0,,,7,3
Pacific island small states,PSS,2015,2.86129610832048,27.9469274511175,3641.17563088166,,,5.26989604575108,3.92818248117002,21.406541732685,70.6923836808558,2358955.0,,,7,3
Pacific island small states,PSS,2016,2.86129610832048,30.6072134693175,3777.95076844731,,,5.31360326354591,3.81288827177244,21.1416701667245,70.8953763898592,2388875.0,,,7,3
Pacific island small states,PSS,2017,2.86129610832048,33.140266157532,3996.72394018337,,,5.533000995,3.62185703463691,20.8752878086279,71.0912796643747,2418415.0,,,7,3
Pacific island small states,PSS,2018,2.86129610832048,20.80096366,4234.64075149378,,,5.533000995,3.62352877428243,21.7,,,,,7,3
Pakistan,PAK,2000,0.768458118792086,20.80096366,533.862411433568,,0.664,2.88591046,0.74099999666214,87.9,62.727,138523285.0,South Asia,Lower middle income,5,2
Pakistan,PAK,2001,0.764701582795378,1.318550779,510.656815730852,,0.681,2.71044639,0.720000028610229,86.1,62.967,141601437.0,South Asia,Lower middle income,5,2
Pakistan,PAK,2002,0.7886676083657,2.577426737,499.860003292353,,,2.83109635,0.751999974250793,84.4,63.196,144654143.0,South Asia,Lower middle income,5,2
Pakistan,PAK,2003,0.80495872264986,5.041158126,563.594341965826,,,2.43137882,0.745999991893768,82.8,63.414,147703401.0,South Asia,Lower middle income,5,2
Pakistan,PAK,2004,0.872801659102681,6.164320985,649.804823293709,,0.774,2.34722684,0.714999973773956,81.3,63.625,150780300.0,South Asia,Lower middle income,5,2
Pakistan,PAK,2005,0.887768063327692,6.332329098,711.469946269738,49.8736381530762,0.824,2.7079358,0.666000008583069,79.8,63.836,153909667.0,South Asia,Lower middle income,5,2
Pakistan,PAK,2006,0.929856974225615,6.5,873.77027271847,54.1512107849121,,3.00717123,0.582000017166138,78.4,64.06,157093993.0,South Asia,Lower middle income,5,2
Pakistan,PAK,2007,0.99102993623757,6.8,950.432793144075,,0.8,3.13822994,0.398000001907349,76.9,64.303,160332974.0,South Asia,Lower middle income,5,2
Pakistan,PAK,2008,0.97205034620054,7.0,1039.31208844269,55.5263710021973,0.821,2.9231215,0.423000007867813,75.6,64.565,163644603.0,South Asia,Lower middle income,5,2
Pakistan,PAK,2009,0.950832112238774,7.5,1006.60399914224,54.8926391601563,0.838,2.6133125,0.535000026226044,74.2,64.845,167049580.0,South Asia,Lower middle income,5,2
Pakistan,PAK,2010,0.946268168264502,8.0,1040.14226787636,55.3751907348633,0.852,2.59675862,0.652999997138977,72.8,65.134,170560182.0,South Asia,Lower middle income,5,2
Pakistan,PAK,2011,0.929801104594609,9.0,1226.21531390333,54.7380218505859,0.877,2.34442636,0.796000003814697,71.3,65.419,174184265.0,South Asia,Lower middle income,5,2
Pakistan,PAK,2012,0.918978434073748,9.96,1261.20896743422,56.7643394470215,,2.3593994,1.67499995231628,69.7,65.686,177911533.0,South Asia,Lower middle income,5,2
Pakistan,PAK,2013,0.904315983160111,10.9,1272.44106100063,55.5949897766113,,2.60280207,2.9539999961853,68.1,65.927,181712595.0,South Asia,Lower middle income,5,2
Pakistan,PAK,2014,0.896264105182138,12.0,1316.98096583434,56.9771499633789,0.806,2.72200845,1.82700002193451,66.4,66.139,185546257.0,South Asia,Lower middle income,5,2
Pakistan,PAK,2015,2.86129610832048,14.0,1428.63762767431,,0.978,2.68711914,3.56599998474121,64.6,66.322,189380513.0,South Asia,Lower middle income,5,2
Pakistan,PAK,2016,2.86129610832048,15.51455779,1442.28584033183,,,2.75283024,3.44000005722046,62.9,66.481,193203476.0,South Asia,Lower middle income,5,2
Pakistan,PAK,2017,2.86129610832048,15.51,1547.85341366929,,,5.533000995,3.18099999427795,61.2,66.629,197015955.0,South Asia,Lower middle income,5,2
Pakistan,PAK,2018,2.86129610832048,20.80096366,4234.64075149378,,,5.533000995,3.03800010681152,21.7,,,South Asia,Lower middle income,5,2
Palau,PLW,2000,11.48600787602411,20.80096366,7549.38722294655,,1.58,8.75400953,6.34000015258789,22.7,70.4936585365854,19175.0,East Asia & Pacific,High income,0,0
Palau,PLW,2001,11.48600787602411,20.80096366,8010.20408163265,,,7.84593994,6.34000015258789,22.0,,19404.0,East Asia & Pacific,High income,0,0
Palau,PLW,2002,11.48600787602411,20.24393947,8273.76622049658,,,8.06898728,6.34000015258789,21.2,,19574.0,East Asia & Pacific,High income,0,0
Palau,PLW,2003,11.48600787602411,21.60152718,7754.60913705584,,,8.79268361,6.34000015258789,20.5,,19700.0,East Asia & Pacific,High income,0,0
Palau,PLW,2004,11.48600787602411,26.97033263,8289.39608159968,,,10.17396618,6.34000015258789,19.9,,19804.0,East Asia & Pacific,High income,0,0
Palau,PLW,2005,11.48600787602411,20.80096366,9277.46910479252,,,9.04925775,6.34000015258789,19.2,69.1292682926829,19906.0,East Asia & Pacific,High income,0,0
Palau,PLW,2006,11.48600787602411,20.80096366,9396.24725164901,,1.299,9.46535135,6.34000015258789,18.7,,20012.0,East Asia & Pacific,High income,0,0
Palau,PLW,2007,11.48600787602411,20.80096366,9600.00497116723,,,9.8568199,6.34000015258789,18.1,,20116.0,East Asia & Pacific,High income,0,0
Palau,PLW,2008,11.48600787602411,20.80096366,9732.0199723156,,,9.4967466,6.34000015258789,17.5,,20228.0,East Asia & Pacific,High income,0,0
Palau,PLW,2009,11.48600787602411,20.80096366,8981.62914167732,,1.426,10.14072219,6.34000015258789,17.0,,20342.0,East Asia & Pacific,High income,0,0
Palau,PLW,2010,11.48600787602411,20.80096366,8933.21934538349,,1.417,10.301360604158114,6.34000015258789,16.5,,20470.0,East Asia & Pacific,High income,0,0
Palau,PLW,2011,11.48600787602411,20.80096366,9380.8243118598,,,10.301360604158114,6.34000015258789,16.0,,20599.0,East Asia & Pacific,High income,0,0
Palau,PLW,2012,11.48600787602411,20.80096366,10340.5193178534,,,10.301360604158114,6.34000015258789,15.4,,20758.0,East Asia & Pacific,High income,0,0
Palau,PLW,2013,11.48600787602411,20.80096366,10771.7829827916,99.5031280517578,,10.301360604158114,6.34000015258789,14.9,,20920.0,East Asia & Pacific,High income,0,0
Palau,PLW,2014,11.48600787602411,20.80096366,11646.6815208116,,1.185,10.301360604158114,6.34000015258789,14.5,,21094.0,East Asia & Pacific,High income,0,0
Palau,PLW,2015,2.86129610832048,20.80096366,13769.4475760992,96.5937423706055,,10.301360604158114,6.34000015258789,14.0,,21288.0,East Asia & Pacific,High income,0,0
Palau,PLW,2016,2.86129610832048,20.80096366,14136.8413709715,,,10.301360604158114,6.34000015258789,13.6,,21503.0,East Asia & Pacific,High income,0,0
Palau,PLW,2017,2.86129610832048,20.80096366,13338.0965529937,,,5.533000995,6.34000015258789,13.2,,21729.0,East Asia & Pacific,High income,0,0
Panama,PAN,2000,1.91073596522114,6.554796477,4060.299035061,91.8996200561523,1.502,7.03755021,4.20599985122681,22.0,75.084,3030347.0,Latin America & Caribbean,High income,2,0
Panama,PAN,2001,2.2680756349193,7.268399878,4046.37283294991,,1.245,6.95204595,4.37799978256226,21.6,75.267,3089684.0,Latin America & Caribbean,High income,2,0
Panama,PAN,2002,1.8642022821198,8.518077815,4126.14067091845,,1.337,7.08523735,4.55100011825562,21.1,75.443,3149265.0,Latin America & Caribbean,High income,2,0
Panama,PAN,2003,1.91738621838517,9.987424077,4267.1357801104,,1.343,6.7470236,4.41300010681152,20.6,75.614,3209174.0,Latin America & Caribbean,High income,2,0
Panama,PAN,2004,1.77543606273786,11.14086254,4591.89277638666,,1.325,7.10703959,4.34700012207031,20.1,75.782,3269541.0,Latin America & Caribbean,High income,2,0
Panama,PAN,2005,2.05345349673394,11.48400928,4916.54886029428,,1.352,6.19658177,4.22200012207031,19.6,75.947,3330465.0,Latin America & Caribbean,High income,2,0
Panama,PAN,2006,2.17301781742118,17.34956617,5348.5183989528,,1.354,6.55015593,3.93499994277954,19.2,76.114,3391905.0,Latin America & Caribbean,High income,2,0
Panama,PAN,2007,2.0841700187648,22.29,6165.94505714998,,1.309,6.7498483,3.4300000667572,18.7,76.285,3453807.0,Latin America & Caribbean,High income,2,0
Panama,PAN,2008,2.09720561686424,33.82,7154.14428024258,,1.388,6.73876207,3.20199990272522,18.2,76.46,3516268.0,Latin America & Caribbean,High income,2,0
Panama,PAN,2009,2.40240013298374,39.08,7575.78064388156,,1.317,6.85227201,3.75799989700317,17.7,76.641,3579385.0,Latin America & Caribbean,High income,2,0
Panama,PAN,2010,2.51531007443411,40.1,8080.83822506562,94.0941162109375,1.414,7.00275393,3.71300005912781,17.2,76.828,3643222.0,Latin America & Caribbean,High income,2,0
Panama,PAN,2011,2.72370867542914,42.7,9354.97941896261,,1.508,6.40499249,2.31100010871887,16.7,77.021,3707782.0,Latin America & Caribbean,High income,2,0
Panama,PAN,2012,2.68055981836966,40.30189522,10715.7166112987,,1.609,6.3885004,2.39100003242493,16.2,77.216,3772938.0,Latin America & Caribbean,High income,2,0
Panama,PAN,2013,2.79243118728282,44.03,11879.7565274842,,1.594,6.49137687,2.29999995231628,15.7,77.413,3838462.0,Latin America & Caribbean,High income,2,0
Panama,PAN,2014,2.2543113627969,44.92,12787.3061955961,,,6.73432699,2.72300004959106,15.3,77.61,3903986.0,Latin America & Caribbean,High income,2,0
Panama,PAN,2015,2.86129610832048,51.20542499,13627.6947542377,,,6.79468654,3.00200009346008,14.8,77.806,3969249.0,Latin America & Caribbean,High income,2,0
Panama,PAN,2016,2.86129610832048,54.0,14366.8528896202,,,7.26068297,3.31500005722046,14.3,78.001,4034119.0,Latin America & Caribbean,High income,2,0
Panama,PAN,2017,2.86129610832048,57.86509007,15196.3973399692,,,5.533000995,3.90000009536743,13.9,78.195,4098587.0,Latin America & Caribbean,High income,2,0
Panama,PAN,2018,2.86129610832048,20.80096366,4234.64075149378,,,5.533000995,3.92199993133545,21.7,,,Latin America & Caribbean,High income,2,0
Papua New Guinea,PNG,2000,0.478428354074909,0.835249302,631.945335105829,57.34326171875,0.051,2.06457407,2.92000007629395,57.8,61.832,5572222.0,East Asia & Pacific,Lower middle income,0,2
Papua New Guinea,PNG,2001,0.561326045913405,0.904103545,539.003198730412,,,2.42260384,2.84599995613098,57.4,62.139,5716152.0,East Asia & Pacific,Lower middle income,0,2
Papua New Guinea,PNG,2002,0.594870184411758,1.321656935,511.659733149432,,,2.65882315,2.87800002098084,56.9,62.458,5862316.0,East Asia & Pacific,Lower middle income,0,2
Papua New Guinea,PNG,2003,0.656442052571371,1.374404668,588.350392447866,,,2.41123138,2.74399995803833,56.5,62.784,6010724.0,East Asia & Pacific,Lower middle income,0,2
Papua New Guinea,PNG,2004,0.728458267663629,1.507912772,637.368665373259,,,2.59488326,2.55200004577637,56.1,63.113,6161517.0,East Asia & Pacific,Lower middle income,0,2
Papua New Guinea,PNG,2005,0.694526382767599,1.716190476,770.564878330253,,,2.45780919,2.37800002098084,55.5,63.433,6314709.0,East Asia & Pacific,Lower middle income,0,2
Papua New Guinea,PNG,2006,0.665926409276148,1.754487261,1283.77036425584,,,2.44024021,2.11100006103516,54.8,63.733,6470272.0,East Asia & Pacific,Lower middle income,0,2
Papua New Guinea,PNG,2007,0.923399973626726,1.790559361,1440.13030403683,,,2.42102113,1.90799999237061,54.0,64.006,6627922.0,East Asia & Pacific,Lower middle income,0,2
Papua New Guinea,PNG,2008,0.706689825991239,1.15,1719.51632741897,,0.051,2.13526066,1.76400005817413,52.9,64.247,6787187.0,East Asia & Pacific,Lower middle income,0,2
Papua New Guinea,PNG,2009,0.733141684995942,1.61,1672.49090786895,,,2.32937532,2.04699993133545,51.8,64.455,6947447.0,East Asia & Pacific,Lower middle income,0,2
Papua New Guinea,PNG,2010,0.670128424213086,1.28,2004.81811175089,61.5999984741211,0.055,2.10756025,2.00200009346008,50.6,64.634,7108239.0,East Asia & Pacific,Lower middle income,0,2
Papua New Guinea,PNG,2011,0.732961332983371,2.0,2474.06184613921,,,2.29397798,2.61999988555908,49.4,64.791,7269348.0,East Asia & Pacific,Lower middle income,0,2
Papua New Guinea,PNG,2012,0.683475587403625,3.5,2865.873252112,,,2.66693773,2.66000008583069,48.3,64.937,7430836.0,East Asia & Pacific,Lower middle income,0,2
Papua New Guinea,PNG,2013,0.814742393022924,5.1,2800.1690288491,,,2.99727902,2.71099996566772,46.9,65.082,7592865.0,East Asia & Pacific,Lower middle income,0,2
Papua New Guinea,PNG,2014,0.81464880730964,6.5,2973.27054935779,,,3.61078618,2.63700008392334,45.7,65.23,7755785.0,East Asia & Pacific,Lower middle income,0,2
Papua New Guinea,PNG,2015,2.86129610832048,7.9,2605.94596916662,,,2.50788426,2.57599997520447,44.4,65.384,7919825.0,East Asia & Pacific,Lower middle income,0,2
Papua New Guinea,PNG,2016,2.86129610832048,9.601538462,2353.51158866687,,,1.97579249,2.48099994659424,43.1,65.544,8084991.0,East Asia & Pacific,Lower middle income,0,2
Papua New Guinea,PNG,2017,2.86129610832048,11.20919659,2488.899696928,,,5.533000995,2.35199999809265,41.8,65.705,8251162.0,East Asia & Pacific,Lower middle income,0,2
Papua New Guinea,PNG,2018,2.86129610832048,20.80096366,4234.64075149378,,,5.533000995,2.36700010299683,21.7,,,East Asia & Pacific,Lower middle income,0,2
Paraguay,PRY,2000,0.695683708299546,0.747630712,1670.03698862062,,1.17,5.75525622,9.70400047302246,28.0,70.07,5302700.0,Latin America & Caribbean,Upper middle income,2,4
Paraguay,PRY,2001,0.706728265179898,1.098793836,1571.36994031482,,,5.48625006,9.65299987792969,27.4,70.335,5406624.0,Latin America & Caribbean,Upper middle income,2,4
Paraguay,PRY,2002,0.707623210279325,1.794969598,1306.36573481873,,1.154,4.67683601,9.39299964904785,26.8,70.593,5508611.0,Latin America & Caribbean,Upper middle income,2,4
Paraguay,PRY,2003,0.725821378578625,2.111942082,1371.51142060466,,,4.93139799,6.81400012969971,26.3,70.838,5607950.0,Latin America & Caribbean,Upper middle income,2,4
Paraguay,PRY,2004,0.7168463148741,3.452438431,1687.39122686046,,,4.99340477,6.51300001144409,25.7,71.067,5703740.0,Latin America & Caribbean,Upper middle income,2,4
Paraguay,PRY,2005,0.661205929986296,7.907007861,1852.73251738546,,,4.9811872,4.82499980926514,25.1,71.281,5795494.0,Latin America & Caribbean,Upper middle income,2,4
Paraguay,PRY,2006,0.677573895134219,7.962073884,2282.83116570096,,,5.30607796,5.27600002288818,24.5,71.485,5882796.0,Latin America & Caribbean,Upper middle income,2,4
Paraguay,PRY,2007,0.693306363440867,11.21,2992.92567850655,94.558219909668,,5.37730958,4.71299982070923,23.9,71.686,5966159.0,Latin America & Caribbean,Upper middle income,2,4
Paraguay,PRY,2008,0.736175271621171,14.27,4064.42737281249,93.2920837402344,,5.49164606,4.41499996185303,23.3,71.887,6047117.0,Latin America & Caribbean,Upper middle income,2,4
Paraguay,PRY,2009,0.744430375677421,18.9,3645.94464799965,93.7542419433594,,6.20402862,5.46000003814697,22.6,72.089,6127837.0,Latin America & Caribbean,Upper middle income,2,4
Paraguay,PRY,2010,0.820810138429473,19.8,4382.69044870854,93.8709182739258,,6.22590615,4.56899976730347,22.0,72.285,6209877.0,Latin America & Caribbean,Upper middle income,2,4
Paraguay,PRY,2011,0.845408397461431,24.76351588,5356.95696911203,,,6.72912374,4.66900014877319,21.4,72.47,6293783.0,Latin America & Caribbean,Upper middle income,2,4
Paraguay,PRY,2012,0.828337606844976,29.34,5217.4457235427,94.1974716186523,1.286,7.61891241,4.08500003814697,20.8,72.638,6379219.0,Latin America & Caribbean,Upper middle income,2,4
Paraguay,PRY,2013,0.840506113762694,36.9,5967.65687190963,95.0590362548828,,6.96938797,4.38500022888184,20.2,72.786,6465740.0,Latin America & Caribbean,Upper middle income,2,4
Paraguay,PRY,2014,0.870219290588263,43.0,6146.66405510882,94.6167221069336,,7.6255708,5.03399991989136,19.6,72.913,6552584.0,Latin America & Caribbean,Upper middle income,2,4
Paraguay,PRY,2015,2.86129610832048,49.72,5447.11863083808,95.5548400878906,,7.81978742,4.55600023269653,19.0,73.023,6639119.0,Latin America & Caribbean,Upper middle income,2,4
Paraguay,PRY,2016,2.86129610832048,53.4,5360.98593140985,94.6502380371094,,8.02487617,5.25500011444092,18.4,73.12,6725308.0,Latin America & Caribbean,Upper middle income,2,4
Paraguay,PRY,2017,2.86129610832048,61.07575622,5823.76613678902,,,5.533000995,4.61499977111816,17.9,73.211,6811297.0,Latin America & Caribbean,Upper middle income,2,4
Paraguay,PRY,2018,2.86129610832048,20.80096366,4234.64075149378,,,5.533000995,4.71199989318848,21.7,,,Latin America & Caribbean,Upper middle income,2,4
Peru,PER,2000,1.16908722591373,3.076430611,1996.71968884026,,,4.5864397,5.70100021362305,29.6,70.512,25914879.0,Latin America & Caribbean,Upper middle income,2,4
Peru,PER,2001,1.03441455037958,7.578762957,1981.24365347699,,,4.96628653,5.6710000038147,27.5,70.964,26261363.0,Latin America & Caribbean,Upper middle income,2,4
Peru,PER,2002,1.02201649254908,8.96694917,2059.19295785758,,,5.18660941,5.79899978637695,25.5,71.389,26601467.0,Latin America & Caribbean,Upper middle income,2,4
Peru,PER,2003,0.9793100667918,11.6,2180.25099664519,,,5.12034936,4.78800010681152,23.8,71.784,26937738.0,Latin America & Caribbean,Upper middle income,2,4
Peru,PER,2004,1.1694840728959,14.1,2448.14389900826,87.6698532104492,,4.7924838,4.90100002288818,22.2,72.146,27273194.0,Latin America & Caribbean,Upper middle income,2,4
Peru,PER,2005,1.34498940798054,17.1,2754.78002900377,87.9086685180664,,4.55006447,4.8600001335144,20.8,72.473,27610410.0,Latin America & Caribbean,Upper middle income,2,4
Peru,PER,2006,1.24783208867968,20.7,3171.49805601571,88.6993408203125,,4.50696134,4.26000022888184,19.6,72.764,27949944.0,Latin America & Caribbean,Upper middle income,2,4
Peru,PER,2007,1.51824327696407,25.2,3611.21047037166,89.5908126831055,,4.39466006,4.18800020217896,18.5,73.023,28292724.0,Latin America & Caribbean,Upper middle income,2,4
Peru,PER,2008,1.43200278053403,30.57,4208.87801106772,,,4.44191832,4.05700016021729,17.5,73.258,28641980.0,Latin America & Caribbean,Upper middle income,2,4
Peru,PER,2009,1.78282804407371,31.4,4166.09338685329,,0.94,4.9556353,3.90000009536743,16.6,73.475,29001507.0,Latin America & Caribbean,Upper middle income,2,4
Peru,PER,2010,1.96073384965557,34.77,5022.49319096369,,0.92,4.7371304,3.4779999256134,15.8,73.681,29373646.0,Latin America & Caribbean,Upper middle income,2,4
Peru,PER,2011,1.66777094574867,36.01,5771.56587815221,,,4.66977773,3.44199991226196,15.1,73.883,29759989.0,Latin America & Caribbean,Upper middle income,2,4
Peru,PER,2012,1.82602434048966,38.2,6387.78528050603,93.8417282104492,1.116,4.840802,3.10899996757507,14.4,74.088,30158966.0,Latin America & Caribbean,Upper middle income,2,4
Peru,PER,2013,1.86986825369967,39.2,6583.11624846311,,,4.92211684,3.23699998855591,13.7,74.298,30565716.0,Latin America & Caribbean,Upper middle income,2,4
Peru,PER,2014,1.99348594924528,40.2,6492.05320821897,93.7079467773438,,5.06223495,2.96199989318848,13.1,74.518,30973354.0,Latin America & Caribbean,Upper middle income,2,4
Peru,PER,2015,2.86129610832048,40.9,6053.11241492924,94.1623382568359,,5.12107095,3.0,12.6,74.747,31376671.0,Latin America & Caribbean,Upper middle income,2,4
Peru,PER,2016,2.86129610832048,45.46174069,6031.36609086896,94.1736679077148,,5.14391365,3.53500008583069,12.1,74.983,31773839.0,Latin America & Caribbean,Upper middle income,2,4
Peru,PER,2017,2.86129610832048,48.72763146,6571.92864469964,94.1496124267578,,5.533000995,3.46000003814697,11.6,75.22,32165485.0,Latin America & Caribbean,Upper middle income,2,4
Peru,PER,2018,2.86129610832048,20.80096366,4234.64075149378,,,5.533000995,2.84400010108948,21.7,,,Latin America & Caribbean,Upper middle income,2,4
Philippines,PHL,2000,0.939934892193283,1.982253196,1038.91101754872,92.6000595092773,0.568,3.15481415,3.83100008964539,29.4,67.17,77991569.0,East Asia & Pacific,Lower middle income,0,2
Philippines,PHL,2001,0.891878629990982,2.52400566,957.280749688589,,,2.94705778,3.69799995422363,28.8,67.308,79665315.0,East Asia & Pacific,Lower middle income,0,2
Philippines,PHL,2002,0.876902416484598,4.332275746,1000.06816842566,,1.112,2.7333045,3.61700010299683,28.2,67.434,81352060.0,East Asia & Pacific,Lower middle income,0,2
Philippines,PHL,2003,0.860220945781909,4.857672267,1010.55319796442,92.590690612793,,3.1914373,3.52699995040894,27.6,67.555,83031954.0,East Asia & Pacific,Lower middle income,0,2
Philippines,PHL,2004,0.874673879706386,5.243628452,1079.03718238206,,1.11,3.16792515,3.55299997329712,27.0,67.67,84678493.0,East Asia & Pacific,Lower middle income,0,2
Philippines,PHL,2005,0.867379087919375,5.397636329,1194.69711596485,,,3.90041829,3.79500007629395,26.5,67.783,86274237.0,East Asia & Pacific,Lower middle income,0,2
Philippines,PHL,2006,0.770906137073974,5.740586325,1391.77229166096,,,3.94585048,4.05200004577637,26.1,67.892,87809419.0,East Asia & Pacific,Lower middle income,0,2
Philippines,PHL,2007,0.808236154729757,5.97,1672.68541144486,,,3.91954161,3.43400001525879,25.6,68.0,89293490.0,East Asia & Pacific,Lower middle income,0,2
Philippines,PHL,2008,0.868950030602126,6.22,1919.46620791605,95.4200973510742,,4.0279226,3.72000002861023,25.2,68.105,90751864.0,East Asia & Pacific,Lower middle income,0,2
Philippines,PHL,2009,0.84111159903388,9.0,1825.34153963199,,,4.35353175,3.85800004005432,24.9,68.211,92220879.0,East Asia & Pacific,Lower middle income,0,2
Philippines,PHL,2010,0.905495625234512,25.0,2129.49924655622,,,4.31276245,3.60500001907349,24.5,68.32,93726624.0,East Asia & Pacific,Lower middle income,0,2
Philippines,PHL,2011,0.897333685006204,29.0,2352.51815590027,,,4.20609292,3.59200000762939,24.2,68.433,95277940.0,East Asia & Pacific,Lower middle income,0,2
Philippines,PHL,2012,0.941558643067239,36.2351,2581.8185480007,,,4.37465267,3.50399994850159,23.9,68.553,96866642.0,East Asia & Pacific,Lower middle income,0,2
Philippines,PHL,2013,0.996424570368028,48.09902359,2760.28914607311,96.3980026245117,,4.46381117,3.49699997901917,23.6,68.68,98481032.0,East Asia & Pacific,Lower middle income,0,2
Philippines,PHL,2014,1.05545684592961,49.6,2842.93835295221,,,4.12741177,3.59999990463257,23.3,68.813,100102249.0,East Asia & Pacific,Lower middle income,0,2
Philippines,PHL,2015,2.86129610832048,53.7,2878.33837046494,,,4.32136857,3.02600002288818,23.0,68.951,101716359.0,East Asia & Pacific,Lower middle income,0,2
Philippines,PHL,2016,2.86129610832048,55.5,2950.91390303189,,,4.38594904,2.70799994468689,22.7,69.094,103320222.0,East Asia & Pacific,Lower middle income,0,2
Philippines,PHL,2017,2.86129610832048,60.05476033,2988.95270335802,,,5.533000995,2.55200004577637,22.2,69.238,104918090.0,East Asia & Pacific,Lower middle income,0,2
Philippines,PHL,2018,2.86129610832048,20.80096366,4234.64075149378,,,5.533000995,2.51500010490417,21.7,,,East Asia & Pacific,Lower middle income,0,2
Poland,POL,2000,7.82279832871167,7.285428708,4492.72760355938,,2.2,5.29816661,16.3129997253418,8.1,73.7487804878049,38258629.0,Europe & Central Asia,High income,1,0
Poland,POL,2001,7.8771122238933,9.900669707,4981.1986188017,,2.3,5.67864355,17.547250032424937,7.6,74.2,38248076.0,Europe & Central Asia,High income,1,0
Poland,POL,2002,7.71204098396761,21.15,5196.93292103894,,2.3,6.07919646,17.547250032424937,7.3,74.4975609756098,38230364.0,Europe & Central Asia,High income,1,0
Poland,POL,2003,7.91142198433329,24.87,5693.37776322597,,2.469,5.96231367,17.547250032424937,7.0,74.5975609756098,38204570.0,Europe & Central Asia,High income,1,0
Poland,POL,2004,7.97271580999136,32.53,6681.17881781198,,,5.86867754,17.547250032424937,6.7,74.8463414634146,38182222.0,Europe & Central Asia,High income,1,0
Poland,POL,2005,7.92702668605069,38.81,8021.00365533726,,1.97,5.80727181,17.547250032424937,6.6,74.9951219512195,38165445.0,Europe & Central Asia,High income,1,0
Poland,POL,2006,8.36209746257249,44.58,9038.73084652356,,2.012,5.80066618,13.8400001525879,6.3,75.1439024390244,38141267.0,Europe & Central Asia,High income,1,0
Poland,POL,2007,8.24418374231648,48.6,11255.4366982999,,,5.8729005,9.60200023651123,6.0,75.2439024390244,38120560.0,Europe & Central Asia,High income,1,0
Poland,POL,2008,8.25816005394148,53.13,14001.4468819804,98.7427368164063,2.144,6.37342514,7.11800003051758,5.8,75.5439024390244,38125759.0,Europe & Central Asia,High income,1,0
Poland,POL,2009,7.80091434165951,58.97,11527.5932279825,,,6.58685972,8.16699981689453,5.4,75.6951219512195,38151603.0,Europe & Central Asia,High income,1,0
Poland,POL,2010,8.31337682505654,62.32,12597.8623899641,,2.157,6.41906707,9.63700008392334,5.2,76.2463414634146,38042794.0,Europe & Central Asia,High income,1,0
Poland,POL,2011,8.32817587460663,61.94999897,13890.6962382966,,2.182,6.23383852,9.63199996948242,4.8,76.6951219512195,38063255.0,Europe & Central Asia,High income,1,0
Poland,POL,2012,7.87983006352283,62.30999727,13143.5212186872,,2.202,6.20105252,10.0880002975464,4.6,76.7463414634146,38063164.0,Europe & Central Asia,High income,1,0
Poland,POL,2013,7.94628250601022,62.8492,13780.1906069881,,2.207,6.3754862,10.326000213623,4.5,77.0,38040196.0,Europe & Central Asia,High income,1,0
Poland,POL,2014,7.51715158489872,66.6,14345.1860569374,,2.271,6.24838964,8.98999977111816,4.3,77.6024390243903,38011735.0,Europe & Central Asia,High income,1,0
Poland,POL,2015,2.86129610832048,67.997,12556.3557471176,,2.29,6.34338904,7.50099992752075,4.2,77.4512195121951,37986412.0,Europe & Central Asia,High income,1,0
Poland,POL,2016,2.86129610832048,73.3007,12430.6296017676,,,6.51647873,6.16099977493286,4.1,77.8512195121951,37970087.0,Europe & Central Asia,High income,1,0
Poland,POL,2017,2.86129610832048,75.98536595,13863.5484202763,,,5.533000995,4.88700008392334,4.0,77.8512195121951,37974826.0,Europe & Central Asia,High income,1,0
Poland,POL,2018,2.86129610832048,20.80096366,4234.64075149378,,,5.533000995,3.67300009727478,21.7,,,Europe & Central Asia,High income,1,0
Portugal,PRT,2000,6.09640338514531,16.43046769,11502.3968126428,,3.2,8.37480147,3.80900001525879,5.5,76.3146341463415,10289898.0,Europe & Central Asia,High income,1,0
Portugal,PRT,2001,6.05603797921048,18.08713656,11729.1461629811,,3.2,8.40399194,3.82800006866455,5.2,76.8146341463415,10362722.0,Europe & Central Asia,High income,1,0
Portugal,PRT,2002,6.41008669116977,19.37,12882.2889730308,,3.257,8.55804528,4.49700021743774,4.7,77.0658536585366,10419631.0,Europe & Central Asia,High income,1,0
Portugal,PRT,2003,5.85313564502156,29.67,15772.7333950542,,3.311,8.90151572,6.13199996948242,4.3,77.219512195122,10458821.0,Europe & Central Asia,High income,1,0
Portugal,PRT,2004,6.02313784969106,31.78,18045.5880994833,,3.372,9.29547864,6.31699991226196,4.0,77.6707317073171,10483861.0,Europe & Central Asia,High income,1,0
Portugal,PRT,2005,6.21516547609187,34.99,18784.9484992149,,3.448,9.43341103,7.58199977874756,3.7,78.0707317073171,10503330.0,Europe & Central Asia,High income,1,0
Portugal,PRT,2006,5.68470507555011,38.01,19821.4446268632,,3.511,9.13617167,7.64699983596802,3.4,78.419512195122,10522288.0,Europe & Central Asia,High income,1,0
Portugal,PRT,2007,5.70520785236486,42.09,22780.0584505513,,3.593,9.06581123,7.96400022506714,3.3,78.3219512195122,10542964.0,Europe & Central Asia,High income,1,0
Portugal,PRT,2008,5.26840220617631,44.13,24815.6088356622,,3.681,9.35251161,7.55200004577637,3.2,78.5243902439025,10558177.0,Europe & Central Asia,High income,1,0
Portugal,PRT,2009,5.12632397785555,48.27,23063.9716141302,,3.786,9.87895059,9.43200016021729,3.2,78.7268292682927,10568247.0,Europe & Central Asia,High income,1,0
Portugal,PRT,2010,4.55275264586545,53.3,22538.6540773482,,3.842,9.8194745,10.7700004577637,3.1,79.0268292682927,10573100.0,Europe & Central Asia,High income,1,0
Portugal,PRT,2011,4.51082721765256,55.24999688,23196.1837500759,94.47705078125,3.983,9.5311592,12.6770000457764,3.1,80.4707317073171,10557560.0,Europe & Central Asia,High income,1,0
Portugal,PRT,2012,4.37605313022238,60.33999749,20577.4026375899,,4.101,9.34825408,15.5270004272461,3.0,80.3731707317073,10514844.0,Europe & Central Asia,High income,1,0
Portugal,PRT,2013,4.3440293115954,62.0956,21618.7353389663,,4.26,9.08954318,16.1830005645752,3.0,80.7219512195122,10457295.0,Europe & Central Asia,High income,1,0
Portugal,PRT,2014,4.33155402784831,64.59,22077.5361325219,,4.426,9.02232798,13.8940000534058,3.0,81.1219512195122,10401062.0,Europe & Central Asia,High income,1,0
Portugal,PRT,2015,2.86129610832048,68.6329,19252.6349536042,,,8.97184486,12.4440002441406,3.0,81.1243902439025,10358076.0,Europe & Central Asia,High income,1,0
Portugal,PRT,2016,2.86129610832048,70.42356709,19977.3984908279,,,9.07636096,11.0659999847412,3.1,81.1243902439025,10325452.0,Europe & Central Asia,High income,1,0
Portugal,PRT,2017,2.86129610832048,73.79121395,21291.4312095191,,,5.533000995,8.86699962615967,3.1,81.1243902439025,10300300.0,Europe & Central Asia,High income,1,0
Portugal,PRT,2018,2.86129610832048,20.80096366,4234.64075149378,,,5.533000995,6.8600001335144,21.7,,,Europe & Central Asia,High income,1,0
Post-demographic dividend,PST,2000,11.48600787602411,30.5460399155264,25758.1598914899,,2.7901984152564,9.53495902480924,6.54302200192313,6.0675123044171,77.3542672241298,1020634155.0,,,7,3
Post-demographic dividend,PST,2001,11.48600787602411,36.6516713850185,25396.1923668935,,,10.0359968461161,6.38318619144141,5.90295734660064,77.6464399836287,1025528083.0,,,7,3
Post-demographic dividend,PST,2002,11.48600787602411,44.6823947724879,26357.8557675236,,,10.301360604158114,6.77754430913359,5.75243308630023,77.7863370595633,1030604501.0,,,7,3
Post-demographic dividend,PST,2003,11.48600787602411,49.7706167002074,28490.211716540907,,,10.301360604158114,6.8658215476742,5.60792231789148,77.9145950346183,1035782361.0,,,7,3
Post-demographic dividend,PST,2004,11.48600787602411,54.9642476629627,28490.211716540907,,,10.301360604158114,6.66771294608729,5.54784005311846,78.3413125057985,1041168740.0,,,7,3
Post-demographic dividend,PST,2005,11.48600787602411,58.4898973139788,28490.211716540907,,,10.301360604158114,6.3429447176407,5.41631192763121,78.4352377112471,1046478965.0,,,7,3
Post-demographic dividend,PST,2006,11.48600787602411,60.4171288561455,28490.211716540907,,,10.301360604158114,5.92048755704679,5.28754315183316,78.7609618034885,1052107843.0,,,7,3
Post-demographic dividend,PST,2007,11.48600787602411,65.6598352241353,28490.211716540907,,,10.301360604158114,5.5138241631199,5.12531486294231,79.0154891846286,1058048727.0,,,7,3
Post-demographic dividend,PST,2008,11.48600787602411,67.6522650547598,28490.211716540907,,,10.301360604158114,5.85175335887076,5.03842797757819,79.1586476114468,1064478501.0,,,7,3
Post-demographic dividend,PST,2009,10.7753866861969,68.8652280501432,28490.211716540907,,,10.301360604158114,8.0110520301429,4.91357741454727,79.4820728317915,1069983693.0,,,7,3
Post-demographic dividend,PST,2010,11.0895897060013,70.9795590586796,28490.211716540907,,,10.301360604158114,8.29896362198966,4.76099315587957,79.6910610851389,1074996518.0,,,7,3
Post-demographic dividend,PST,2011,10.8334176768466,71.4300886667858,28490.211716540907,,,10.301360604158114,8.01962209047713,4.65320462176997,79.9581191348381,1077990429.0,,,7,3
Post-demographic dividend,PST,2012,10.59881387247,74.2283137717928,28490.211716540907,,,10.301360604158114,8.07241953135417,4.5689585788372,80.0924281982417,1082578026.0,,,7,3
Post-demographic dividend,PST,2013,10.541762652384,75.7347464364326,28490.211716540907,,3.12162276766289,10.301360604158114,7.9839412106098,4.46729891057166,80.2744806604194,1087392249.0,,,7,3
Post-demographic dividend,PST,2014,10.3567726711968,77.399118702275,28490.211716540907,,,10.301360604158114,7.46159829062027,4.38142049884853,80.531682537672,1092414320.0,,,7,3
Post-demographic dividend,PST,2015,2.86129610832048,78.4729253925287,28490.211716540907,,,10.301360604158114,6.87132981675398,4.32672857819652,80.4037821034303,1097402262.0,,,7,3
Post-demographic dividend,PST,2016,2.86129610832048,80.1770404888357,28490.211716540907,,,10.301360604158114,6.40900096881636,4.23079905417208,80.5697218272101,1102423577.0,,,7,3
Post-demographic dividend,PST,2017,2.86129610832048,80.8569187217562,28490.211716540907,,,5.533000995,5.83725756154194,4.1959677242302,80.633032763839,1106748580.0,,,7,3
Post-demographic dividend,PST,2018,2.86129610832048,20.80096366,4234.64075149378,,,5.533000995,5.35788537568625,21.7,,,,,7,3
Pre-demographic dividend,PRE,2000,0.389169393519039,0.124179768543041,432.584369828959,55.1535415649414,0.174156522046197,3.56859947585672,6.13646412870893,91.04999999999998,50.7261968076621,554097477.0,,,7,3
Pre-demographic dividend,PRE,2001,0.426932895545388,0.187540404968547,415.288128841064,56.128849029541,,3.92859577629233,6.16428983831367,91.04999999999998,51.1518624997294,569959700.0,,,7,3
Pre-demographic dividend,PRE,2002,0.441978857318557,0.361611710714881,479.988964325235,56.7157783508301,,3.74407047760291,6.29332532549514,89.0581869781592,51.6598242046028,586553190.0,,,7,3
Pre-demographic dividend,PRE,2003,0.447699684178932,0.644334885283957,531.380699274179,57.0759086608887,,4.74620141805338,6.30175368515963,86.0313164300738,52.238988628533,603809871.0,,,7,3
Pre-demographic dividend,PRE,2004,0.503209856685255,0.988471390408335,631.246439012706,58.3769187927246,,4.65872469608219,6.18796736930244,82.9772565027902,52.8758060970108,621611464.0,,,7,3
Pre-demographic dividend,PRE,2005,0.495034363412924,1.72003449787381,765.338204673239,57.8971786499023,,4.37995955489881,5.97880986339422,79.9835851160294,53.5533443792657,639876871.0,,,7,3
Pre-demographic dividend,PRE,2006,0.457788036549659,2.45401575980094,943.769322081099,57.1072616577148,,4.37218761698202,5.63548952883201,77.1469259379716,54.2541233053235,658586521.0,,,7,3
Pre-demographic dividend,PRE,2007,0.399360554771537,3.22931511156605,1108.9971373663,55.7674407958984,,4.38293116394851,5.23110416345829,74.4234109790413,54.9586318570936,677788806.0,,,7,3
Pre-demographic dividend,PRE,2008,0.441915478947472,3.65992947301513,1359.08725122626,55.0008316040039,,4.19549117364595,5.03850790946437,71.7416452002602,55.6497231504729,697549138.0,,,7,3
Pre-demographic dividend,PRE,2009,0.431235883828591,4.36132572584632,1192.65201365256,54.8042411804199,,4.43676121903009,5.37799150922832,69.3102812129062,56.3142491650077,717959651.0,,,7,3
Pre-demographic dividend,PRE,2010,0.466651105499489,6.09975445055936,1369.14622432441,55.1631698608398,,4.04478140911848,5.4829158818495,66.929670858709,56.941263827174,739082260.0,,,7,3
Pre-demographic dividend,PRE,2011,0.504192971307369,7.07615526768126,1556.20809528418,56.9367599487305,,3.85619317441651,5.27259881623883,64.6137114412084,57.5263150037381,760942116.0,,,7,3
Pre-demographic dividend,PRE,2012,0.523535453757297,8.55795352337397,1666.73630814212,58.033130645752,,3.78948486223967,5.09779484001622,62.4205700984917,58.0752465786474,783505835.0,,,7,3
Pre-demographic dividend,PRE,2013,0.535839629260124,10.2826849325534,1772.86479366713,58.3240013122559,0.206129925320365,3.9692233837025,4.95359147664668,60.4272469899811,58.592984737382,806705375.0,,,7,3
Pre-demographic dividend,PRE,2014,0.536757223017314,12.3479814113387,1842.74029581083,59.2573013305664,,3.8797293034604,4.92883152389844,58.5508875068189,59.0792358613815,830442736.0,,,7,3
Pre-demographic dividend,PRE,2015,2.86129610832048,15.2046088434979,1575.34596506921,59.8346405029297,,4.25788567482051,5.1233781982007,56.7143070734497,59.5346694120201,854646007.0,,,7,3
Pre-demographic dividend,PRE,2016,2.86129610832048,17.0655217755981,1390.38218920849,60.6166687011719,,4.23499044399035,5.27840380895686,55.0135990272607,59.9614390590829,879292453.0,,,7,3
Pre-demographic dividend,PRE,2017,2.86129610832048,20.2841412584584,1433.81335811396,,,5.533000995,5.09719660351775,53.3800499416891,60.3643309142853,904399841.0,,,7,3
Pre-demographic dividend,PRE,2018,2.86129610832048,20.80096366,4234.64075149378,,,5.533000995,5.11838840697996,21.7,,,,,7,3
Puerto Rico,PRI,2000,2.86129610832048,10.47464821,16192.1269719638,,,5.533000995,10.0799999237061,21.7,76.6892682926829,3810605.0,Latin America & Caribbean,High income,2,0
Puerto Rico,PRI,2001,2.86129610832048,15.63003092,18123.1987019918,,,5.533000995,11.3999996185303,21.7,77.0668292682927,3818774.0,Latin America & Caribbean,High income,2,0
Puerto Rico,PRI,2002,2.86129610832048,17.54764757,18731.4593897378,,,5.533000995,11.9399995803833,21.7,77.7604878048781,3823701.0,Latin America & Caribbean,High income,2,0
Puerto Rico,PRI,2003,2.86129610832048,19.70702566,19557.1202492358,,,5.533000995,11.7799997329712,21.7,78.0712195121951,3826095.0,Latin America & Caribbean,High income,2,0
Puerto Rico,PRI,2004,2.86129610832048,22.13073823,20988.9923326534,,,5.533000995,10.3100004196167,21.7,78.1758536585366,3826878.0,Latin America & Caribbean,High income,2,0
Puerto Rico,PRI,2005,2.86129610832048,23.40005045,21959.3227075956,,,5.533000995,11.3500003814697,21.7,78.2960975609756,3821362.0,Latin America & Caribbean,High income,2,0
Puerto Rico,PRI,2006,2.86129610832048,25.44241821,22935.9411493385,,,5.533000995,11.0100002288818,21.7,78.4163414634146,3805214.0,Latin America & Caribbean,High income,2,0
Puerto Rico,PRI,2007,2.86129610832048,27.86,23664.8823530538,,,5.533000995,10.9300003051758,21.7,78.4258536585366,3782995.0,Latin America & Caribbean,High income,2,0
Puerto Rico,PRI,2008,2.86129610832048,38.0,24898.3345857045,,,5.533000995,11.4799995422363,21.7,77.9034878048781,3760866.0,Latin America & Caribbean,High income,2,0
Puerto Rico,PRI,2009,2.86129610832048,41.5,25768.7258883384,,,5.533000995,15.0,21.7,78.1498048780488,3740410.0,Latin America & Caribbean,High income,2,0
Puerto Rico,PRI,2010,2.86129610832048,45.3,26435.74878578,91.9652328491211,,5.533000995,16.1000003814697,21.7,78.4081707317073,3721525.0,Latin America & Caribbean,High income,2,0
Puerto Rico,PRI,2011,2.86129610832048,48.0,27278.8830499205,,,5.533000995,15.6999998092651,21.7,78.6711951219512,3678732.0,Latin America & Caribbean,High income,2,0
Puerto Rico,PRI,2012,2.86129610832048,68.9999826,27944.7338937424,,,5.533000995,14.5,21.7,78.9264146341463,3634488.0,Latin America & Caribbean,High income,2,0
Puerto Rico,PRI,2013,2.86129610832048,68.99999,28490.211716540907,,,5.533000995,14.3000001907349,21.7,79.1673902439024,3593077.0,Latin America & Caribbean,High income,2,0
Puerto Rico,PRI,2014,2.86129610832048,20.80096366,28490.211716540907,,,5.533000995,13.8999996185303,21.7,79.3901219512195,3534874.0,Latin America & Caribbean,High income,2,0
Puerto Rico,PRI,2015,2.86129610832048,63.47,28490.211716540907,,,5.533000995,12.0,21.7,79.5961219512195,3473166.0,Latin America & Caribbean,High income,2,0
Puerto Rico,PRI,2016,2.86129610832048,68.64,28490.211716540907,,,5.533000995,11.8000001907349,21.7,79.7883170731707,3406495.0,Latin America & Caribbean,High income,2,0
Puerto Rico,PRI,2017,2.86129610832048,72.75272269,4234.64075149378,92.3899993896484,,5.533000995,10.8000001907349,21.7,79.9736341463415,3325001.0,Latin America & Caribbean,High income,2,0
Puerto Rico,PRI,2018,2.86129610832048,20.80096366,4234.64075149378,,,5.533000995,11.4440002441406,21.7,,,Latin America & Caribbean,High income,2,0
Qatar,QAT,2000,11.48600787602411,4.863679179,28490.211716540907,,,2.00865208,1.50800001621246,10.8,76.279,592267.0,Middle East & North Africa,High income,3,0
Qatar,QAT,2001,11.48600787602411,6.170268561,28430.636354953,,2.217,2.31433154,1.45500004291534,10.4,76.387,616886.0,Middle East & North Africa,High income,3,0
Qatar,QAT,2002,11.48600787602411,10.22612893,28490.211716540907,,,2.45663577,1.50999999046326,10.0,76.488,645659.0,Middle East & North Africa,High income,3,0
Qatar,QAT,2003,11.48600787602411,19.24233642,28490.211716540907,,,3.52963966,1.53400003910065,9.6,76.581,688586.0,Middle East & North Africa,High income,3,0
Qatar,QAT,2004,11.48600787602411,20.70164785,28490.211716540907,88.9623870849609,,3.07446177,1.48000001907349,9.3,76.668,758855.0,Middle East & North Africa,High income,3,0
Qatar,QAT,2005,11.48600787602411,24.73349378,28490.211716540907,,2.569,2.56908809,1.20500004291534,8.9,76.754,864863.0,Middle East & North Africa,High income,3,0
Qatar,QAT,2006,11.48600787602411,28.97411271,28490.211716540907,,2.34,2.20338103,0.870000004768372,8.6,76.843,1010382.0,Middle East & North Africa,High income,3,0
Qatar,QAT,2007,11.48600787602411,37.0,28490.211716540907,93.0827407836914,,1.97332992,0.519999980926514,8.4,76.94,1189633.0,Middle East & North Africa,High income,3,0
Qatar,QAT,2008,11.48600787602411,44.3,28490.211716540907,93.9897308349609,3.319,1.60012189,0.310000002384186,8.2,77.049,1389342.0,Middle East & North Africa,High income,3,0
Qatar,QAT,2009,11.48600787602411,53.1,28490.211716540907,94.7242889404297,3.222,2.14952273,0.310000002384186,8.0,77.169,1590780.0,Middle East & North Africa,High income,3,0
Qatar,QAT,2010,11.48600787602411,69.0,28490.211716540907,,3.919,1.7892391,0.449999988079071,7.8,77.301,1779676.0,Middle East & North Africa,High income,3,0
Qatar,QAT,2011,11.48600787602411,69.0,28490.211716540907,,,1.59996201,0.560000002384186,7.6,77.443,1952054.0,Middle East & North Africa,High income,3,0
Qatar,QAT,2012,11.48600787602411,69.3,28490.211716540907,,,1.74822152,0.479999989271164,7.4,77.59,2109568.0,Middle East & North Africa,High income,3,0
Qatar,QAT,2013,11.48600787602411,85.3,28490.211716540907,90.6329879760742,,2.07620177,0.270000010728836,7.3,77.739,2250473.0,Middle East & North Africa,High income,3,0
Qatar,QAT,2014,11.48600787602411,91.49,28490.211716540907,91.3272171020508,1.964,2.42296092,0.189999997615814,7.1,77.888,2374419.0,Middle East & North Africa,High income,3,0
Qatar,QAT,2015,2.86129610832048,92.88482645,28490.211716540907,,,3.09957023,0.159999996423721,6.9,78.036,2481539.0,Middle East & North Africa,High income,3,0
Qatar,QAT,2016,2.86129610832048,94.29111815,28490.211716540907,93.1453018188477,,3.07944355,0.140000000596046,6.7,78.184,2569804.0,Middle East & North Africa,High income,3,0
Qatar,QAT,2017,2.86129610832048,95.94,28490.211716540907,,,5.533000995,0.140000000596046,6.5,78.331,2639211.0,Middle East & North Africa,High income,3,0
Qatar,QAT,2018,2.86129610832048,20.80096366,4234.64075149378,,,5.533000995,0.142000004649162,21.7,,,Middle East & North Africa,High income,3,0
Romania,ROU,2000,4.04051865503903,3.613717291,1668.16273119678,,1.889,4.1879341,6.96700000762939,18.3,71.1634146341463,22442971.0,Europe & Central Asia,Upper middle income,1,4
Romania,ROU,2001,4.3662079787746,4.538669029,1839.72945011396,,1.887,4.34137375,6.55800008773804,17.7,71.1609756097561,22131970.0,Europe & Central Asia,Upper middle income,1,4
Romania,ROU,2002,4.47471788034659,6.58,2124.87361335835,97.2975921630859,1.972,4.56619603,8.10999965667725,17.4,71.009756097561,21730496.0,Europe & Central Asia,Upper middle income,1,4
Romania,ROU,2003,4.68438828633627,8.9,2774.95580649052,,1.905,5.18642732,6.94999980926514,16.9,71.309756097561,21574326.0,Europe & Central Asia,Upper middle income,1,4
Romania,ROU,2004,4.51730749400935,15.0,3552.92451981742,,,5.38795148,7.7189998626709,16.3,71.5942756097561,21451748.0,Europe & Central Asia,Upper middle income,1,4
Romania,ROU,2005,4.52430549513278,21.5,4676.31518325954,,,5.45876468,7.17399978637695,15.2,71.8788951219512,21319685.0,Europe & Central Asia,Upper middle income,1,4
Romania,ROU,2006,4.87646967786745,24.66,5828.74566230123,,1.917,5.00907337,7.26900005340576,13.7,72.1634146341463,21193760.0,Europe & Central Asia,Upper middle income,1,4
Romania,ROU,2007,4.89513226607196,28.3,8424.73753469503,,,4.98374046,6.41300010681152,12.2,72.5658536585366,20882982.0,Europe & Central Asia,Upper middle income,1,4
Romania,ROU,2008,4.69206736334699,32.42,10400.5436640004,,,5.03940342,5.78700017929077,11.0,72.5658536585366,20537875.0,Europe & Central Asia,Upper middle income,1,4
Romania,ROU,2009,4.00521095214152,36.6,8474.87200269497,,,5.32403348,6.85900020599365,10.2,73.309756097561,20367487.0,Europe & Central Asia,Upper middle income,1,4
Romania,ROU,2010,3.92221356080157,39.93,8209.9194562169,,2.502,5.75406869,6.95900011062622,9.7,73.4585365853659,20246871.0,Europe & Central Asia,Upper middle income,1,4
Romania,ROU,2011,4.21292622102324,40.00999678,9104.99562203019,98.6042861938477,2.543,4.67612706,7.17700004577637,9.6,74.409756097561,20147528.0,Europe & Central Asia,Upper middle income,1,4
Romania,ROU,2012,4.07431545512808,45.87999425,8535.0468756267,,2.625,4.70593414,6.79400014877319,9.4,74.4121951219512,20058035.0,Europe & Central Asia,Upper middle income,1,4
Romania,ROU,2013,3.55016707872764,49.7645,9555.2442173314,,2.669,5.19398863,7.09600019454956,9.0,75.0634146341463,19983693.0,Europe & Central Asia,Upper middle income,1,4
Romania,ROU,2014,3.51615369125659,54.08,10026.9735781794,,,5.03119789,6.80200004577637,8.4,74.909756097561,19908979.0,Europe & Central Asia,Upper middle income,1,4
Romania,ROU,2015,2.86129610832048,55.7632,8977.49854425137,,,4.94411454,6.81199979782104,7.8,75.0121951219512,19815481.0,Europe & Central Asia,Upper middle income,1,4
Romania,ROU,2016,2.86129610832048,59.50395129,9567.0977819133,,,4.98040299,5.90100002288818,7.2,75.309756097561,19702332.0,Europe & Central Asia,Upper middle income,1,4
Romania,ROU,2017,2.86129610832048,63.74728218,10819.2440243784,,,5.533000995,4.92700004577637,6.6,75.309756097561,19583986.0,Europe & Central Asia,Upper middle income,1,4
Romania,ROU,2018,2.86129610832048,20.80096366,4234.64075149378,,,5.533000995,4.29500007629395,21.7,,,Europe & Central Asia,Upper middle income,1,4
Russian Federation,RUS,2000,10.6271205332605,1.977230109,1771.59782952435,,,5.00587306,10.581000328064,16.6,65.4836585365854,146596557.0,Europe & Central Asia,Upper middle income,1,4
Russian Federation,RUS,2001,10.6696034034562,2.944367787,2100.35825266321,,4.172,5.22819323,8.97799968719482,15.8,65.3834146341463,145976083.0,Europe & Central Asia,Upper middle income,1,4
Russian Federation,RUS,2002,10.7159010231412,4.128271818,2377.53695684392,99.4409713745117,4.0,5.50623013,7.875,14.8,65.1287804878049,145306046.0,Europe & Central Asia,Upper middle income,1,4
Russian Federation,RUS,2003,11.0906474801145,8.298860616,2975.13277835871,,4.252,5.1492552,8.21000003814697,13.9,65.0478048780488,144648257.0,Europe & Central Asia,Upper middle income,1,4
Russian Federation,RUS,2004,11.1206269755471,12.8593889,4102.37229354976,,4.0,4.74706889,7.76300001144409,12.9,65.4709756097561,144067054.0,Europe & Central Asia,Upper middle income,1,4
Russian Federation,RUS,2005,11.2535286682124,15.2266732,5323.47387656258,,4.0,4.75843713,7.12400007247925,11.9,65.529756097561,143518523.0,Europe & Central Asia,Upper middle income,1,4
Russian Federation,RUS,2006,11.48600787602411,18.02327746,6920.194397836,,4.309,4.7532208,7.05499982833862,11.1,66.7275609756098,143049528.0,Europe & Central Asia,Upper middle income,1,4
Russian Federation,RUS,2007,11.48600787602411,24.66,9101.25670609495,,,4.73465554,6.0019998550415,10.3,67.5868292682927,142805088.0,Europe & Central Asia,Upper middle income,1,4
Russian Federation,RUS,2008,11.48600787602411,26.83,11635.2742379959,,,4.8899331,6.20499992370605,9.7,67.9492682926829,142742350.0,Europe & Central Asia,Upper middle income,1,4
Russian Federation,RUS,2009,11.0238562302845,29.0,8562.81369694433,,,5.62815043,8.30099964141846,9.2,68.6846341463415,142785342.0,Europe & Central Asia,Upper middle income,1,4
Russian Federation,RUS,2010,11.48600787602411,43.0,10674.9972024225,99.6842727661133,5.0,4.95722385,7.36899995803833,8.9,68.8412195121951,142849449.0,Europe & Central Asia,Upper middle income,1,4
Russian Federation,RUS,2011,11.48600787602411,49.0,14351.2120537731,,4.244,4.78151205,6.53599977493286,8.7,69.6839024390244,142960868.0,Europe & Central Asia,Upper middle income,1,4
Russian Federation,RUS,2012,11.48600787602411,63.8,15434.5747807082,,4.031,4.93199479,5.43599987030029,8.4,70.0721951219512,143201676.0,Europe & Central Asia,Upper middle income,1,4
Russian Federation,RUS,2013,11.48600787602411,67.97,16007.089993444,,4.022,5.07075241,5.45800018310547,8.1,70.5787804878049,143506911.0,Europe & Central Asia,Upper middle income,1,4
Russian Federation,RUS,2014,11.48600787602411,70.52,14125.9087274314,,4.163,5.17099307,5.15999984741211,7.8,70.7436585365854,143819666.0,Europe & Central Asia,Upper middle income,1,4
Russian Federation,RUS,2015,2.86129610832048,70.1,9314.54499661978,,3.975,5.27700319,5.57100009918213,7.3,71.1834146341463,144096870.0,Europe & Central Asia,Upper middle income,1,4
Russian Federation,RUS,2016,2.86129610832048,73.09143462,8744.96419777915,,,5.27112755,5.55900001525879,6.9,71.6512195121951,144342396.0,Europe & Central Asia,Upper middle income,1,4
Russian Federation,RUS,2017,2.86129610832048,76.00813853,10749.0560658145,,,5.533000995,5.21199989318848,6.5,72.1190243902439,144496740.0,Europe & Central Asia,Upper middle income,1,4
Russian Federation,RUS,2018,2.86129610832048,20.80096366,4234.64075149378,,,5.533000995,4.74399995803833,21.7,,,Europe & Central Asia,Upper middle income,1,4
Rwanda,RWA,2000,0.0657946101419402,0.06283146,216.172795356575,64.8886032104492,,4.55122356,0.776000022888184,91.04999999999998,48.415,8025703.0,Sub-Saharan Africa,Low income,6,1
Rwanda,RWA,2001,0.0638358845756828,0.24067241,201.056983918815,,,4.23040385,0.804000020027161,91.04999999999998,49.793,8329406.0,Sub-Saharan Africa,Low income,6,1
Rwanda,RWA,2002,0.0622893897229507,0.292784719,196.522029683709,,0.019,4.02585709,0.889999985694885,91.04999999999998,50.97,8536205.0,Sub-Saharan Africa,Low income,6,1
Rwanda,RWA,2003,0.0599877009510911,0.356918467,212.687232811582,,,9.11687456,0.948000013828278,85.0,52.268,8680346.0,Sub-Saharan Africa,Low income,6,1
Rwanda,RWA,2004,0.0598799923523871,0.430854243,236.885712519132,,0.049,9.30192898,0.962999999523163,76.6,53.755,8818438.0,Sub-Saharan Africa,Low income,6,1
Rwanda,RWA,2005,0.0587259299790307,0.556041165,287.076241202086,,0.024,9.2950112,0.949000000953674,69.1,55.43,8991735.0,Sub-Saharan Africa,Low income,6,1
Rwanda,RWA,2006,0.0573555000879806,20.80096366,342.399098171483,,,9.40251034,0.860000014305115,62.6,57.219,9206580.0,Sub-Saharan Africa,Low income,6,1
Rwanda,RWA,2007,0.0589986538097987,2.115387178,404.850788108417,,,9.59410807,0.750999987125397,56.9,58.971,9447402.0,Sub-Saharan Africa,Low income,6,1
Rwanda,RWA,2008,0.0559030235258575,4.5,500.618998612573,,0.052,9.04653437,0.699000000953674,52.2,60.565,9708169.0,Sub-Saharan Africa,Low income,6,1
Rwanda,RWA,2009,0.0577020411836857,7.7,539.108494761381,,0.055,9.10228042,0.962000012397766,48.2,61.962,9977446.0,Sub-Saharan Africa,Low income,6,1
Rwanda,RWA,2010,0.0576164832052646,8.0,563.401345326449,65.8522720336914,0.055,9.37287679,1.05999994277954,44.5,63.14,10246842.0,Sub-Saharan Africa,Low income,6,1
Rwanda,RWA,2011,0.0631154924686225,7.0,624.122884907169,,,8.48429325,1.09300005435944,40.4,64.106,10516071.0,Sub-Saharan Africa,Low income,6,1
Rwanda,RWA,2012,0.0683174569159483,8.023854277,679.860750417364,68.3310317993164,,8.45075994,1.10599994659424,37.5,64.911,10788853.0,Sub-Saharan Africa,Low income,6,1
Rwanda,RWA,2013,0.0725767773074222,9.0,688.822349347357,,,7.54408803,1.15400004386902,35.0,65.598,11065151.0,Sub-Saharan Africa,Low income,6,1
Rwanda,RWA,2014,0.074016445670242,10.6,706.596709795842,70.8041305541992,,6.8969318,1.1690000295639,33.0,66.188,11345357.0,Sub-Saharan Africa,Low income,6,1
Rwanda,RWA,2015,2.86129610832048,18.0,711.773977346877,,0.064,6.51938268,1.09899997711182,31.4,66.696,11629553.0,Sub-Saharan Africa,Low income,6,1
Rwanda,RWA,2016,2.86129610832048,20.0,711.195791311547,,,6.76069372,1.0349999666214,30.1,67.129,11917508.0,Sub-Saharan Africa,Low income,6,1
Rwanda,RWA,2017,2.86129610832048,21.76763262,748.292094303551,,,5.533000995,0.953999996185303,28.9,67.496,12208407.0,Sub-Saharan Africa,Low income,6,1
Rwanda,RWA,2018,2.86129610832048,20.80096366,4234.64075149378,,,5.533000995,0.971000015735626,21.7,,,Sub-Saharan Africa,Low income,6,1
Samoa,WSM,2000,0.819042437431991,0.566392533,1540.68902312271,,,4.3966086,4.71600008010864,18.6,69.305,174610.0,East Asia & Pacific,Upper middle income,0,4
Samoa,WSM,2001,0.835469282207261,1.689902831,1555.47405057756,,,3.93347426,4.96000003814697,18.1,69.637,175566.0,East Asia & Pacific,Upper middle income,0,4
Samoa,WSM,2002,0.830662241904611,2.244832676,1631.41702683771,,,4.6405184,5.11299991607666,17.6,69.97,176582.0,East Asia & Pacific,Upper middle income,0,4
Samoa,WSM,2003,0.866893314270919,2.799630449,1907.20941663628,,0.281,4.28586932,5.15100002288818,17.2,70.314,177662.0,East Asia & Pacific,Upper middle income,0,4
Samoa,WSM,2004,0.84095625374061,3.07552941,2351.03381432835,,,4.64893476,5.13700008392334,16.9,70.673,178781.0,East Asia & Pacific,Upper middle income,0,4
Samoa,WSM,2005,0.896731488531588,3.352592112,2571.28669110959,,0.278,4.76252786,5.1399998664856,16.6,71.051,179929.0,East Asia & Pacific,Upper middle income,0,4
Samoa,WSM,2006,0.911211856825737,4.469173873,2807.95427393733,,,5.01838229,4.95800018310547,16.4,71.451,181094.0,East Asia & Pacific,Upper middle income,0,4
Samoa,WSM,2007,0.945486762559933,4.749983235,3022.56155461238,,,4.87175083,4.75099992752075,16.3,71.866,182286.0,East Asia & Pacific,Upper middle income,0,4
Samoa,WSM,2008,0.979060187657335,5.031615316,3509.76149911806,,0.463,4.65748054,4.76900005340576,16.2,72.288,183526.0,East Asia & Pacific,Upper middle income,0,4
Samoa,WSM,2009,1.01185439278024,6.0,3035.06826866686,,,5.41482374,5.34499979019165,17.1,72.71,184826.0,East Asia & Pacific,Upper middle income,0,4
Samoa,WSM,2010,1.00436078515615,7.0,3453.43429763501,,0.344,5.49447563,5.52400016784668,16.0,73.122,186205.0,East Asia & Pacific,Upper middle income,0,4
Samoa,WSM,2011,1.07470759065356,11.0,3942.05164463231,98.973258972168,,5.42492181,5.67999982833862,15.9,73.513,187665.0,East Asia & Pacific,Upper middle income,0,4
Samoa,WSM,2012,1.04663995686967,12.92249,4234.64075149378,,,4.82495225,8.7519998550415,15.7,73.875,189194.0,East Asia & Pacific,Upper middle income,0,4
Samoa,WSM,2013,1.03806413395052,15.3,4219.0248616681,,,6.17122947,8.79599952697754,15.5,74.206,190757.0,East Asia & Pacific,Upper middle income,0,4
Samoa,WSM,2014,1.02978834052733,21.2,4187.23059850884,,,6.22779528,8.72000026702881,15.2,74.504,192290.0,East Asia & Pacific,Upper middle income,0,4
Samoa,WSM,2015,2.86129610832048,25.40700977,4150.00378029214,,,5.67470959,8.61600017547607,14.9,74.77,193759.0,East Asia & Pacific,Upper middle income,0,4
Samoa,WSM,2016,2.86129610832048,29.41173011,4031.46703957897,,,5.53209386,8.60599994659424,14.5,75.013,195125.0,East Asia & Pacific,Upper middle income,0,4
Samoa,WSM,2017,2.86129610832048,33.61093932,4280.83891547136,,,5.533000995,8.32400035858154,14.2,75.24,196440.0,East Asia & Pacific,Upper middle income,0,4
Samoa,WSM,2018,2.86129610832048,20.80096366,4234.64075149378,,,5.533000995,8.32499980926514,21.7,,,East Asia & Pacific,Upper middle income,0,4
San Marino,SMR,2000,2.86129610832048,48.79949531,28490.211716540907,,,5.08591451,6.34000015258789,5.2,,27418.0,Europe & Central Asia,High income,1,0
San Marino,SMR,2001,2.86129610832048,50.34166909,28490.211716540907,,,4.95678895,6.34000015258789,4.9,,27762.0,Europe & Central Asia,High income,1,0
San Marino,SMR,2002,2.86129610832048,50.83483994,28490.211716540907,,,4.74100153,6.34000015258789,4.7,,28121.0,Europe & Central Asia,High income,1,0
San Marino,SMR,2003,2.86129610832048,50.00345304,28490.211716540907,,,4.19070794,6.34000015258789,4.4,,28494.0,Europe & Central Asia,High income,1,0
San Marino,SMR,2004,2.86129610832048,50.56634304,28490.211716540907,,,4.54111686,6.34000015258789,4.1,,28866.0,Europe & Central Asia,High income,1,0
San Marino,SMR,2005,2.86129610832048,50.2595642,28490.211716540907,,,4.50570948,6.34000015258789,3.9,,29240.0,Europe & Central Asia,High income,1,0
San Marino,SMR,2006,2.86129610832048,50.20865936,28490.211716540907,,,4.51537383,6.34000015258789,3.7,,29614.0,Europe & Central Asia,High income,1,0
San Marino,SMR,2007,2.86129610832048,50.36482211,28490.211716540907,,,4.65833645,6.34000015258789,3.5,,29977.0,Europe & Central Asia,High income,1,0
San Marino,SMR,2008,2.86129610832048,54.52,28490.211716540907,,,4.92897238,6.34000015258789,3.3,,30351.0,Europe & Central Asia,High income,1,0
San Marino,SMR,2009,2.86129610832048,54.21,28490.211716540907,,,5.59223184,6.34000015258789,3.1,,30723.0,Europe & Central Asia,High income,1,0
San Marino,SMR,2010,2.86129610832048,20.80096366,28490.211716540907,,,5.95714103,6.34000015258789,2.9,,31110.0,Europe & Central Asia,High income,1,0
San Marino,SMR,2011,2.86129610832048,49.6,28490.211716540907,,5.01,6.73921951,6.34000015258789,2.7,,31504.0,Europe & Central Asia,High income,1,0
San Marino,SMR,2012,2.86129610832048,20.80096366,28490.211716540907,,5.261,7.32315588,6.34000015258789,2.6,85.4170731707317,31914.0,Europe & Central Asia,High income,1,0
San Marino,SMR,2013,2.86129610832048,20.80096366,28490.211716540907,,5.225,7.18335461,6.34000015258789,2.4,,32303.0,Europe & Central Asia,High income,1,0
San Marino,SMR,2014,2.86129610832048,20.80096366,28490.211716540907,,6.363,7.08237366,6.34000015258789,2.3,,32657.0,Europe & Central Asia,High income,1,0
San Marino,SMR,2015,2.86129610832048,20.80096366,28490.211716540907,,,6.80864925,6.34000015258789,2.2,,32960.0,Europe & Central Asia,High income,1,0
San Marino,SMR,2016,2.86129610832048,20.80096366,28490.211716540907,,,6.39562063,6.34000015258789,2.1,,33203.0,Europe & Central Asia,High income,1,0
San Marino,SMR,2017,2.86129610832048,60.18230126,28490.211716540907,,,5.533000995,6.34000015258789,2.0,,33400.0,Europe & Central Asia,High income,1,0
Sao Tome and Principe,STP,2000,0.343931720127556,4.638516816,4234.64075149378,,,10.301360604158114,14.3999996185303,56.0,63.338,138606.0,Sub-Saharan Africa,Lower middle income,6,2
Sao Tome and Principe,STP,2001,0.362500176526246,6.310917888,505.787181535376,84.9085083007813,,10.301360604158114,15.7299995422363,53.3,63.526,141622.0,Sub-Saharan Africa,Lower middle income,6,2
Sao Tome and Principe,STP,2002,0.404944474735832,7.580665169,551.203852227072,,,10.301360604158114,17.547250032424937,50.5,63.754,144889.0,Sub-Saharan Africa,Lower middle income,6,2
Sao Tome and Principe,STP,2003,0.444868303992667,10.16184431,643.949065739559,,,10.301360604158114,16.3600006103516,47.8,64.021,148372.0,Sub-Saharan Africa,Lower middle income,6,2
Sao Tome and Principe,STP,2004,0.482598424678717,13.32285269,687.548404467755,,0.541,10.301360604158114,16.1200008392334,45.4,64.322,151969.0,Sub-Saharan Africa,Lower middle income,6,2
Sao Tome and Principe,STP,2005,0.494808198933368,13.75948422,804.127987385206,,,10.301360604158114,16.4699993133545,43.0,64.641,155630.0,Sub-Saharan Africa,Lower middle income,6,2
Sao Tome and Principe,STP,2006,0.529354539064069,14.18201978,836.795284158117,,,8.00689716,16.6499996185303,40.8,64.956,159328.0,Sub-Saharan Africa,Lower middle income,6,2
Sao Tome and Principe,STP,2007,0.517109030600671,14.5904832,886.669589831603,,,8.0305882,15.2810001373291,38.8,65.248,163101.0,Sub-Saharan Africa,Lower middle income,6,2
Sao Tome and Principe,STP,2008,0.505299167829947,15.48,1126.46210206395,69.5363922119141,,7.10206878,13.9919996261597,36.9,65.5,166913.0,Sub-Saharan Africa,Lower middle income,6,2
Sao Tome and Principe,STP,2009,0.536698026496812,16.41,1099.5710457235,,,7.1853073,14.6929998397827,35.2,65.709,170813.0,Sub-Saharan Africa,Lower middle income,6,2
Sao Tome and Principe,STP,2010,0.566490822538564,18.75,1129.75496146547,,,6.83818011,13.7399997711182,33.5,65.875,174776.0,Sub-Saharan Africa,Lower middle income,6,2
Sao Tome and Principe,STP,2011,0.574250559284116,20.1612,1304.32618929166,,,6.7512294,13.7229995727539,31.9,66.008,178800.0,Sub-Saharan Africa,Lower middle income,6,2
Sao Tome and Principe,STP,2012,0.621562805854918,21.5724,1380.94995917229,90.1430969238281,,6.47638899,13.5900001525879,30.5,66.125,182889.0,Sub-Saharan Africa,Lower middle income,6,2
Sao Tome and Principe,STP,2013,0.607752145205699,23.0,1619.52851686126,,,7.93749728,13.9270000457764,29.2,66.241,187045.0,Sub-Saharan Africa,Lower middle income,6,2
Sao Tome and Principe,STP,2014,0.594339819936633,24.41,1824.37921729398,,,6.74057149,13.8859996795654,28.1,66.361,191266.0,Sub-Saharan Africa,Lower middle income,6,2
Sao Tome and Principe,STP,2015,2.86129610832048,25.82,1613.48346460943,,,5.349902,13.6049995422363,27.1,66.488,195553.0,Sub-Saharan Africa,Lower middle income,6,2
Sao Tome and Principe,STP,2016,2.86129610832048,28.0,1771.98478893992,,,5.99199802,13.5699996948242,26.1,66.624,199910.0,Sub-Saharan Africa,Lower middle income,6,2
Sao Tome and Principe,STP,2017,2.86129610832048,29.9312292,1921.28447293456,,,5.533000995,13.1389999389648,25.2,66.762,204327.0,Sub-Saharan Africa,Lower middle income,6,2
Sao Tome and Principe,STP,2018,2.86129610832048,20.80096366,4234.64075149378,,,5.533000995,13.3190002441406,21.7,,,Sub-Saharan Africa,Lower middle income,6,2
Saudi Arabia,SAU,2000,11.48600787602411,2.210691809,9126.95427680596,79.3509368896484,0.699,4.21159423,4.57000017166138,18.7,72.44,20764312.0,Middle East & North Africa,High income,3,0
Saudi Arabia,SAU,2001,11.48600787602411,4.681053166,8643.49400482948,,0.657,4.46173586,4.61999988555908,17.7,72.651,21303592.0,Middle East & North Africa,High income,3,0
Saudi Arabia,SAU,2002,11.48600787602411,6.38470502,8655.31153127218,,,4.24937625,5.26999998092651,16.7,72.82,21906308.0,Middle East & North Africa,High income,3,0
Saudi Arabia,SAU,2003,11.48600787602411,8.001582891,9567.45828531486,,,3.97909744,5.55999994277954,15.8,72.948,22556425.0,Middle East & North Africa,High income,3,0
Saudi Arabia,SAU,2004,11.48600787602411,10.234533,11138.8074648997,82.8577423095703,1.37,3.5840059,5.82000017166138,15.0,73.041,23228890.0,Middle East & North Africa,High income,3,0
Saudi Arabia,SAU,2005,11.48600787602411,12.70503599,13739.8294463775,,,3.41867009,6.05000019073486,14.2,73.112,23905654.0,Middle East & North Africa,High income,3,0
Saudi Arabia,SAU,2006,11.48600787602411,19.45955435,15334.6699396085,,,3.61922251,6.25,13.4,73.176,24578301.0,Middle East & North Africa,High income,3,0
Saudi Arabia,SAU,2007,11.48600787602411,30.0,16472.1660466749,,1.622,3.56229396,5.73000001907349,12.6,73.245,25252569.0,Middle East & North Africa,High income,3,0
Saudi Arabia,SAU,2008,11.48600787602411,36.0,20037.8323388242,,1.997,2.97100713,5.07999992370605,11.8,73.331,25940770.0,Middle East & North Africa,High income,3,0
Saudi Arabia,SAU,2009,11.48600787602411,38.0,16094.2930975756,,2.017,4.29042761,5.38000011444092,11.1,73.44,26661492.0,Middle East & North Africa,High income,3,0
Saudi Arabia,SAU,2010,11.48600787602411,41.0,19259.5872568465,,2.35,3.65752606,5.55000019073486,10.3,73.574,27425676.0,Middle East & North Africa,High income,3,0
Saudi Arabia,SAU,2011,11.48600787602411,47.5,23770.7473862072,,2.416,3.71178311,5.76999998092651,9.6,73.73,28238020.0,Middle East & North Africa,High income,3,0
Saudi Arabia,SAU,2012,11.48600787602411,54.0,25303.094621303,,2.425,4.01962965,5.51999998092651,9.0,73.896,29086357.0,Middle East & North Africa,High income,3,0
Saudi Arabia,SAU,2013,11.48600787602411,60.5,24934.3861423166,94.4263381958008,,4.46568786,5.57000017166138,8.4,74.066,29944476.0,Middle East & North Africa,High income,3,0
Saudi Arabia,SAU,2014,11.48600787602411,64.71365737,24575.4030378327,,2.568,5.22794726,5.71999979019165,7.8,74.234,30776722.0,Middle East & North Africa,High income,3,0
Saudi Arabia,SAU,2015,2.86129610832048,69.6162358,20732.8617215804,,,5.99834034,5.59000015258789,7.2,74.4,31557144.0,Middle East & North Africa,High income,3,0
Saudi Arabia,SAU,2016,2.86129610832048,74.88,19982.0856312059,,,5.74181331,5.65000009536743,6.7,74.561,32275687.0,Middle East & North Africa,High income,3,0
Saudi Arabia,SAU,2017,2.86129610832048,82.12,20849.2913686605,,,5.533000995,5.8899998664856,6.3,74.72,32938213.0,Middle East & North Africa,High income,3,0
Saudi Arabia,SAU,2018,2.86129610832048,20.80096366,4234.64075149378,,,5.533000995,5.91900014877319,21.7,,,Middle East & North Africa,High income,3,0
Senegal,SEN,2000,0.398455815489437,0.403967486,599.373586947528,,,4.52769646,5.60300016403198,68.4,57.796,9884052.0,Sub-Saharan Africa,Low income,6,1
Senegal,SEN,2001,0.427325302873936,0.983794059,609.295002025278,,,4.89924921,5.60799980163574,65.9,58.18,10134497.0,Sub-Saharan Africa,Low income,6,1
Senegal,SEN,2002,0.433824209056945,1.006454537,649.475864201459,39.2752494812012,,5.11834539,5.65000009536743,63.0,58.665,10396861.0,Sub-Saharan Africa,Low income,6,1
Senegal,SEN,2003,0.466322150053556,2.10143643,813.722931810431,,,5.43227801,6.77600002288818,59.9,59.23,10670990.0,Sub-Saharan Africa,Low income,6,1
Senegal,SEN,2004,0.477622831953139,4.38602398,928.029739333225,,0.054,5.72297545,7.95800018310547,56.9,59.859,10955944.0,Sub-Saharan Africa,Low income,6,1
Senegal,SEN,2005,0.516581422926096,4.786684083,979.6961188072,,,4.60699175,9.08800029754639,54.0,60.541,11251266.0,Sub-Saharan Africa,Low income,6,1
Senegal,SEN,2006,0.40932136446858,5.611738652,1025.18743569412,41.8911514282227,,4.63887798,10.0299997329712,51.3,61.263,11556763.0,Sub-Saharan Africa,Low income,6,1
Senegal,SEN,2007,0.436387427962825,6.89,1203.17526459328,,,4.10753198,9.49899959564209,48.9,62.008,11873557.0,Sub-Saharan Africa,Low income,6,1
Senegal,SEN,2008,0.41736159837338,7.12,1388.8765311553,,0.061,4.29100688,9.31599998474121,46.6,62.755,12203957.0,Sub-Saharan Africa,Low income,6,1
Senegal,SEN,2009,0.365212358587026,7.5,1294.58372262483,49.6951293945313,,4.68646507,10.3629999160767,44.6,63.485,12550917.0,Sub-Saharan Africa,Low income,6,1
Senegal,SEN,2010,0.599610304214953,8.0,1255.40273833704,,0.059,4.87184173,10.5410003662109,42.7,64.177,12916229.0,Sub-Saharan Africa,Low income,6,1
Senegal,SEN,2011,0.629136953787372,9.8,1344.17721681353,52.0519599914551,,5.06671527,10.3599996566772,40.9,64.814,13300910.0,Sub-Saharan Africa,Low income,6,1
Senegal,SEN,2012,0.577471338918714,10.8,1300.79184435477,,,5.15350211,9.31400012969971,39.3,65.393,13703513.0,Sub-Saharan Africa,Low income,6,1
Senegal,SEN,2013,0.596523237433712,13.1,1342.75868900053,42.8175010681152,,5.57886492,8.51299953460693,37.7,65.914,14120320.0,Sub-Saharan Africa,Low income,6,1
Senegal,SEN,2014,0.608809117433519,17.7,1359.18935082349,,,5.70465402,7.63000011444092,36.3,66.376,14546111.0,Sub-Saharan Africa,Low income,6,1
Senegal,SEN,2015,2.86129610832048,21.69026413,1186.32751397613,,,5.58568729,6.75699996948242,34.9,66.784,14976994.0,Sub-Saharan Africa,Low income,6,1
Senegal,SEN,2016,2.86129610832048,25.66476804,1231.14259536964,,0.068,5.51241197,6.61299991607666,33.8,67.146,15411614.0,Sub-Saharan Africa,Low income,6,1
Senegal,SEN,2017,2.86129610832048,29.64312367,1329.30422834628,51.9004211425781,,5.533000995,6.43699979782104,32.7,67.477,15850567.0,Sub-Saharan Africa,Low income,6,1
Senegal,SEN,2018,2.86129610832048,20.80096366,4234.64075149378,,,5.533000995,6.46400022506714,21.7,,,Sub-Saharan Africa,Low income,6,1
Serbia,SRB,2000,2.86129610832048,20.80096366,870.136525159338,,,6.50382901,12.6000003814697,10.9,71.5829268292683,7516346.0,Europe & Central Asia,Upper middle income,1,4
Serbia,SRB,2001,2.86129610832048,20.80096366,1634.87506068945,,,6.86536211,12.8000001907349,10.5,72.2341463414634,7503433.0,Europe & Central Asia,Upper middle income,1,4
Serbia,SRB,2002,2.86129610832048,20.80096366,2149.90940418511,,,8.06561905,13.8000001907349,10.0,72.2853658536585,7496522.0,Europe & Central Asia,Upper middle income,1,4
Serbia,SRB,2003,2.86129610832048,20.80096366,2832.49065230846,,,8.13506139,15.1999998092651,9.2,72.4365853658537,7480591.0,Europe & Central Asia,Upper middle income,1,4
Serbia,SRB,2004,2.86129610832048,23.5,3331.22876560602,,,8.24590349,17.547250032424937,8.4,72.6829268292683,7463157.0,Europe & Central Asia,Upper middle income,1,4
Serbia,SRB,2005,2.86129610832048,26.3,3528.13100775792,,,8.73542562,17.547250032424937,7.7,72.8341463414634,7440769.0,Europe & Central Asia,Upper middle income,1,4
Serbia,SRB,2006,7.28692885406585,27.2,4129.75874102829,,1.99,9.01396834,17.547250032424937,7.3,73.3853658536585,7411569.0,Europe & Central Asia,Upper middle income,1,4
Serbia,SRB,2007,7.1063975607387,33.15,5458.12171842169,,2.035,10.04708076,17.547250032424937,7.0,73.6317073170732,7381579.0,Europe & Central Asia,Upper middle income,1,4
Serbia,SRB,2008,7.08782251746954,35.6,6701.77391278013,,,10.06221386,13.7049999237061,6.9,73.8853658536585,7350222.0,Europe & Central Asia,Upper middle income,1,4
Serbia,SRB,2009,6.3083479731128,38.1,5821.30539705684,,2.292,9.91162915,16.1420001983643,6.8,73.9853658536586,7320807.0,Europe & Central Asia,Upper middle income,1,4
Serbia,SRB,2010,6.30257798326694,40.9,5411.87740391911,,2.463,10.0980994,17.547250032424937,6.6,74.3365853658537,7291436.0,Europe & Central Asia,Upper middle income,1,4
Serbia,SRB,2011,6.80367714071925,42.2,6423.29178334583,97.9624099731445,2.484,9.66273241,17.547250032424937,6.5,74.5365853658537,7234099.0,Europe & Central Asia,Upper middle income,1,4
Serbia,SRB,2012,6.12060018249562,48.1,5659.38020403691,,2.484,9.91592609,17.547250032424937,6.2,74.8365853658537,7199077.0,Europe & Central Asia,Upper middle income,1,4
Serbia,SRB,2013,6.26511069310281,53.45036418,6353.82638279332,,2.489,9.90040298,17.547250032424937,6.0,75.1853658536585,7164132.0,Europe & Central Asia,Upper middle income,1,4
Serbia,SRB,2014,5.28252191688301,62.07508046,6200.17322102474,,2.463,9.84231318,17.547250032424937,5.8,75.3365853658537,7130576.0,Europe & Central Asia,Upper middle income,1,4
Serbia,SRB,2015,2.86129610832048,65.3170254,5237.25533423136,,,9.40507907,17.547250032424937,5.5,75.2878048780488,7095383.0,Europe & Central Asia,Upper middle income,1,4
Serbia,SRB,2016,2.86129610832048,67.05684137,5426.19827887247,98.8415069580078,,9.13502874,15.2569999694824,5.2,75.6878048780488,7058322.0,Europe & Central Asia,Upper middle income,1,4
Serbia,SRB,2017,2.86129610832048,70.33083553,5901.22301307993,,,5.533000995,13.4770002365112,5.0,76.0878048780488,7020858.0,Europe & Central Asia,Upper middle income,1,4
Serbia,SRB,2018,2.86129610832048,20.80096366,4234.64075149378,,,5.533000995,13.5100002288818,21.7,,,Europe & Central Asia,Upper middle income,1,4
Seychelles,SYC,2000,7.05096695467824,7.395629183,7578.85105298846,,,4.67817182,6.34000015258789,11.7,72.7780487804878,81131.0,Sub-Saharan Africa,High income,6,0
Seychelles,SYC,2001,7.81250461811285,11.01510293,7663.13708026446,,,4.45757119,6.34000015258789,11.8,73.2536585365854,81202.0,Sub-Saharan Africa,High income,6,0
Seychelles,SYC,2002,6.43848165975897,14.30417083,8331.2619970042,91.8364562988281,,4.23398607,6.34000015258789,11.8,71.0878048780488,83723.0,Sub-Saharan Africa,High income,6,0
Seychelles,SYC,2003,6.64464067841654,14.59250432,8524.96123557779,,,4.68673905,6.34000015258789,11.9,71.0292682926829,82781.0,Sub-Saharan Africa,High income,6,0
Seychelles,SYC,2004,8.93685359199758,24.27213922,10176.6587120064,,1.385,4.28737706,6.34000015258789,12.0,72.6609756097561,82475.0,Sub-Saharan Africa,High income,6,0
Seychelles,SYC,2005,8.32021048058123,25.41326815,11092.5107357824,,1.172,3.92908251,6.34000015258789,12.0,72.1317073170732,82858.0,Sub-Saharan Africa,High income,6,0
Seychelles,SYC,2006,8.66903073286052,34.95197117,12014.3998729502,,0.834,3.6894262,6.34000015258789,12.1,72.2170731707317,84600.0,Sub-Saharan Africa,High income,6,0
Seychelles,SYC,2007,7.54677595756942,38.38,12154.8299372808,,1.002,3.2528973,6.34000015258789,12.1,73.1439024390244,85033.0,Sub-Saharan Africa,High income,6,0
Seychelles,SYC,2008,7.97027232163393,40.44,11122.8620677142,,0.764,2.5850932,6.34000015258789,12.2,73.1634146341463,86956.0,Sub-Saharan Africa,High income,6,0
Seychelles,SYC,2009,6.00679282457788,20.80096366,9706.95605963959,,1.115,2.56308304,6.34000015258789,12.2,73.0829268292683,87298.0,Sub-Saharan Africa,High income,6,0
Seychelles,SYC,2010,4.9427091455943,41.0,10804.6844747547,93.954231262207,1.074,3.58485731,6.34000015258789,12.3,73.1975609756098,89770.0,Sub-Saharan Africa,High income,6,0
Seychelles,SYC,2011,3.90012694273853,43.16400446,12189.0951601357,,1.141,3.52615018,6.34000015258789,12.3,72.7243902439024,87441.0,Sub-Saharan Africa,High income,6,0
Seychelles,SYC,2012,4.98329615075366,47.076,12006.6416793416,,0.984,4.4076258,6.34000015258789,12.4,74.2756097560976,88303.0,Sub-Saharan Africa,High income,6,0
Seychelles,SYC,2013,4.48443006592625,50.4,14765.6823269921,,,3.47112082,6.34000015258789,12.4,73.119512195122,89949.0,Sub-Saharan Africa,High income,6,0
Seychelles,SYC,2014,5.41867796276229,51.25470199,14700.3631319351,,,3.40399556,6.34000015258789,12.4,73.2292682926829,91359.0,Sub-Saharan Africa,High income,6,0
Seychelles,SYC,2015,2.86129610832048,54.25961786,14745.3137537424,,,3.34871697,6.34000015258789,12.4,74.2951219512195,93419.0,Sub-Saharan Africa,High income,6,0
Seychelles,SYC,2016,2.86129610832048,56.51470815,15077.8484381183,,,3.93610353,6.34000015258789,12.4,74.309756097561,94677.0,Sub-Saharan Africa,High income,6,0
Seychelles,SYC,2017,2.86129610832048,58.76981124,15629.3059375489,,,5.533000995,6.34000015258789,12.2,74.3,95843.0,Sub-Saharan Africa,High income,6,0
Sierra Leone,SLE,2000,0.0931955129125033,0.118254246,139.314773381037,,,10.301360604158114,3.6159999370575,91.04999999999998,38.702,4564297.0,Sub-Saharan Africa,Low income,6,1
Sierra Leone,SLE,2001,0.119934030322334,0.160264445,230.097887300759,,,10.301360604158114,3.5220000743866,91.04999999999998,39.66,4739147.0,Sub-Saharan Africa,Low income,6,1
Sierra Leone,SLE,2002,0.122795133397455,0.176198957,252.831532766196,,,10.301360604158114,3.56900000572205,91.04999999999998,40.66,4957216.0,Sub-Saharan Africa,Low income,6,1
Sierra Leone,SLE,2003,0.125535118526626,0.190173282,266.525052882889,,,10.301360604158114,3.50300002098084,91.04999999999998,41.669,5199549.0,Sub-Saharan Africa,Low income,6,1
Sierra Leone,SLE,2004,0.117970768581694,0.203007681,266.290045835553,34.826789855957,0.034,10.301360604158114,3.42000007629395,91.04999999999998,42.66,5439695.0,Sub-Saharan Africa,Low income,6,1
Sierra Leone,SLE,2005,0.0965617538167733,0.21539161,291.690317491767,,,10.301360604158114,3.46199989318848,91.04999999999998,43.624,5658379.0,Sub-Saharan Africa,Low income,6,1
Sierra Leone,SLE,2006,0.1253955585283,0.227669467,322.313468011784,,,10.301360604158114,3.43899989128113,91.04999999999998,44.566,5848692.0,Sub-Saharan Africa,Low income,6,1
Sierra Leone,SLE,2007,0.106680052272353,0.239834699,358.82747162133,,,10.03516118,3.41700005531311,91.04999999999998,45.5,6015417.0,Sub-Saharan Africa,Low income,6,1
Sierra Leone,SLE,2008,0.107654006927725,0.25,406.375917792695,,0.017,9.87387702,3.50500011444092,91.04999999999998,46.432,6165372.0,Sub-Saharan Africa,Low income,6,1
Sierra Leone,SLE,2009,0.103438844041291,0.26,388.87460213734,,,10.301360604158114,4.03299999237061,91.04999999999998,47.348,6310260.0,Sub-Saharan Africa,Low income,6,1
Sierra Leone,SLE,2010,0.11241639210246,0.58,399.154367608307,,0.024,10.301360604158114,3.79099988937378,91.04999999999998,48.224,6458720.0,Sub-Saharan Africa,Low income,6,1
Sierra Leone,SLE,2011,0.135882766468855,0.9,445.052005000457,,,10.301360604158114,3.74000000953674,91.04999999999998,49.034,6611692.0,Sub-Saharan Africa,Low income,6,1
Sierra Leone,SLE,2012,0.152292538260207,2.5,561.898423858481,,,10.301360604158114,4.10799980163574,91.04999999999998,49.762,6766103.0,Sub-Saharan Africa,Low income,6,1
Sierra Leone,SLE,2013,0.172170095140492,4.0,710.818699843413,32.4261703491211,,10.301360604158114,4.54500007629395,91.04999999999998,50.401,6922079.0,Sub-Saharan Africa,Low income,6,1
Sierra Leone,SLE,2014,0.184925701657908,6.057298984,708.439475708292,,,10.301360604158114,4.67799997329712,91.04999999999998,50.951,7079162.0,Sub-Saharan Africa,Low income,6,1
Sierra Leone,SLE,2015,2.86129610832048,6.344421603,582.936203085923,,,10.301360604158114,4.75,88.1,51.423,7237025.0,Sub-Saharan Africa,Low income,6,1
Sierra Leone,SLE,2016,2.86129610832048,11.77318438,480.793021078316,,,10.301360604158114,4.71000003814697,84.7,51.835,7396190.0,Sub-Saharan Africa,Low income,6,1
Sierra Leone,SLE,2017,2.86129610832048,13.23693043,499.529103314974,,,5.533000995,4.32499980926514,81.7,52.214,7557212.0,Sub-Saharan Africa,Low income,6,1
Sierra Leone,SLE,2018,2.86129610832048,20.80096366,4234.64075149378,,,5.533000995,4.31300020217896,21.7,,,Sub-Saharan Africa,Low income,6,1
Singapore,SGP,2000,11.48600787602411,36.0,23792.6070703118,92.5494003295898,,3.35174174,3.70000004768372,3.0,77.9512195121951,4027887.0,East Asia & Pacific,High income,0,0
Singapore,SGP,2001,11.48600787602411,41.67042518,21577.0782270996,,1.428,3.18105875,3.75999999046326,2.8,78.2512195121951,4138012.0,East Asia & Pacific,High income,0,0
Singapore,SGP,2002,11.3102312048755,47.0,22016.8327916368,,,3.38025124,5.65000009536743,2.7,78.5512195121951,4175950.0,East Asia & Pacific,High income,0,0
Singapore,SGP,2003,7.56601372694738,53.83794329,23573.6280388506,,1.5,3.63094031,5.92999982833862,2.5,79.0390243902439,4114826.0,East Asia & Pacific,High income,0,0
Singapore,SGP,2004,6.83382557364837,62.0,27405.2713554901,,1.484,3.17355499,5.84000015258789,2.3,79.490243902439,4166664.0,East Asia & Pacific,High income,0,0
Singapore,SGP,2005,7.1169214316223,61.0,28490.211716540907,,1.501,3.04296316,5.59000015258789,2.3,79.990243902439,4265762.0,East Asia & Pacific,High income,0,0
Singapore,SGP,2006,6.99763209822407,59.0,28490.211716540907,,1.502,2.95129263,4.48000001907349,2.3,80.1414634146341,4401365.0,East Asia & Pacific,High income,0,0
Singapore,SGP,2007,4.34260609828839,69.9,28490.211716540907,,1.56,2.85263773,3.90000009536743,2.3,80.4414634146342,4588599.0,East Asia & Pacific,High income,0,0
Singapore,SGP,2008,7.46676196781582,69.0,28490.211716540907,,1.617,3.21793159,3.96000003814697,2.2,80.790243902439,4839396.0,East Asia & Pacific,High income,0,0
Singapore,SGP,2009,11.2144225257455,69.0,28490.211716540907,,1.676,3.40277295,5.8600001335144,2.2,81.2414634146342,4987573.0,East Asia & Pacific,High income,0,0
Singapore,SGP,2010,10.9604087826578,71.0,28490.211716540907,95.8573303222656,1.736,3.22414573,4.11999988555908,2.2,81.5414634146342,5076732.0,East Asia & Pacific,High income,0,0
Singapore,SGP,2011,8.72379741990645,71.0,28490.211716540907,96.1860809326172,1.747,3.16489837,3.89000010490417,2.2,81.7439024390244,5183688.0,East Asia & Pacific,High income,0,0
Singapore,SGP,2012,6.84675846508862,72.0,28490.211716540907,96.3697891235352,1.82,3.35180899,3.72000002861023,2.2,81.9951219512195,5312437.0,East Asia & Pacific,High income,0,0
Singapore,SGP,2013,10.3119819334926,80.90205685,28490.211716540907,96.5480804443359,1.913,3.69586916,3.85999989509583,2.1,82.2463414634147,5399162.0,East Asia & Pacific,High income,0,0
Singapore,SGP,2014,10.306331909983,79.02923586,28490.211716540907,96.7166595458984,,3.87384676,3.74000000953674,2.1,82.4951219512195,5469724.0,East Asia & Pacific,High income,0,0
Singapore,SGP,2015,2.86129610832048,79.012957,28490.211716540907,96.8254928588867,,4.18938631,3.78999996185303,2.1,82.7439024390244,5535002.0,East Asia & Pacific,High income,0,0
Singapore,SGP,2016,2.86129610832048,84.45,28490.211716540907,97.0495910644531,2.276,4.46958366,4.07999992370605,2.2,82.8463414634146,5607283.0,East Asia & Pacific,High income,0,0
Singapore,SGP,2017,2.86129610832048,84.44953878,28490.211716540907,,,5.533000995,3.90700006484985,2.2,82.8951219512195,5612253.0,East Asia & Pacific,High income,0,0
Singapore,SGP,2018,2.86129610832048,20.80096366,4234.64075149378,,,5.533000995,3.76799988746643,21.7,,,East Asia & Pacific,High income,0,0
Sint Maarten (Dutch part),SXM,2000,2.86129610832048,20.80096366,4234.64075149378,,,5.533000995,6.34000015258789,21.7,,30519.0,Latin America & Caribbean,High income,2,0
Sint Maarten (Dutch part),SXM,2001,2.86129610832048,20.80096366,4234.64075149378,,,5.533000995,6.34000015258789,21.7,,30600.0,Latin America & Caribbean,High income,2,0
Sint Maarten (Dutch part),SXM,2002,2.86129610832048,20.80096366,4234.64075149378,,,5.533000995,6.34000015258789,21.7,,30777.0,Latin America & Caribbean,High income,2,0
Sint Maarten (Dutch part),SXM,2003,2.86129610832048,20.80096366,4234.64075149378,,,5.533000995,6.34000015258789,21.7,,31472.0,Latin America & Caribbean,High income,2,0
Sint Maarten (Dutch part),SXM,2004,2.86129610832048,20.80096366,4234.64075149378,,,5.533000995,6.34000015258789,21.7,,32488.0,Latin America & Caribbean,High income,2,0
Sint Maarten (Dutch part),SXM,2005,2.86129610832048,20.80096366,4234.64075149378,,,5.533000995,6.34000015258789,21.7,,33011.0,Latin America & Caribbean,High income,2,0
Sint Maarten (Dutch part),SXM,2006,2.86129610832048,20.80096366,4234.64075149378,,,5.533000995,6.34000015258789,21.7,,33441.0,Latin America & Caribbean,High income,2,0
Sint Maarten (Dutch part),SXM,2007,2.86129610832048,20.80096366,4234.64075149378,,,5.533000995,6.34000015258789,21.7,74.5439024390244,33811.0,Latin America & Caribbean,High income,2,0
Sint Maarten (Dutch part),SXM,2008,2.86129610832048,20.80096366,4234.64075149378,,,5.533000995,6.34000015258789,21.7,74.5365853658537,33964.0,Latin America & Caribbean,High income,2,0
Sint Maarten (Dutch part),SXM,2009,2.86129610832048,20.80096366,4234.64075149378,,,5.533000995,6.34000015258789,21.7,75.5878048780488,34238.0,Latin America & Caribbean,High income,2,0
Sint Maarten (Dutch part),SXM,2010,2.86129610832048,20.80096366,4234.64075149378,,,5.533000995,6.34000015258789,21.7,,34056.0,Latin America & Caribbean,High income,2,0
Sint Maarten (Dutch part),SXM,2011,2.86129610832048,20.80096366,4234.64075149378,,,5.533000995,6.34000015258789,21.7,,33435.0,Latin America & Caribbean,High income,2,0
Sint Maarten (Dutch part),SXM,2012,11.48600787602411,20.80096366,4234.64075149378,,,5.533000995,6.34000015258789,21.7,73.0536585365854,34640.0,Latin America & Caribbean,High income,2,0
Sint Maarten (Dutch part),SXM,2013,11.48600787602411,20.80096366,4234.64075149378,,,5.533000995,6.34000015258789,21.7,,36607.0,Latin America & Caribbean,High income,2,0
Sint Maarten (Dutch part),SXM,2014,11.48600787602411,20.80096366,4234.64075149378,,,5.533000995,6.34000015258789,21.7,,37685.0,Latin America & Caribbean,High income,2,0
Sint Maarten (Dutch part),SXM,2015,2.86129610832048,20.80096366,4234.64075149378,,,5.533000995,6.34000015258789,21.7,,38824.0,Latin America & Caribbean,High income,2,0
Sint Maarten (Dutch part),SXM,2016,2.86129610832048,20.80096366,4234.64075149378,,,5.533000995,6.34000015258789,21.7,,39969.0,Latin America & Caribbean,High income,2,0
Sint Maarten (Dutch part),SXM,2017,2.86129610832048,20.80096366,4234.64075149378,,,5.533000995,6.34000015258789,21.7,,41109.0,Latin America & Caribbean,High income,2,0
Slovak Republic,SVK,2000,6.65932948826437,9.426803201,5402.9297536132,,3.2,5.31260025,17.547250032424937,8.2,73.0512195121951,5388720.0,Europe & Central Asia,High income,1,0
Slovak Republic,SVK,2001,7.31713779128579,12.52832185,5708.08265935269,,3.1,5.34015385,17.547250032424937,7.9,73.4024390243903,5378867.0,Europe & Central Asia,High income,1,0
Slovak Republic,SVK,2002,7.30002053223114,40.14,6524.86187815598,,3.1,5.51681523,17.547250032424937,7.6,73.6048780487805,5376912.0,Europe & Central Asia,High income,1,0
Slovak Republic,SVK,2003,7.34986807171807,43.04,8696.91324191405,,3.179,5.45838835,17.1200008392334,7.3,73.6048780487805,5373374.0,Europe & Central Asia,High income,1,0
Slovak Republic,SVK,2004,7.21280145487577,52.89,10654.7937072937,,3.12,6.47974198,17.547250032424937,7.1,73.9585365853659,5372280.0,Europe & Central Asia,High income,1,0
Slovak Republic,SVK,2005,7.32539080596046,55.19,11669.4197478063,,,6.5979231,16.2560005187988,6.8,73.9048780487805,5372807.0,Europe & Central Asia,High income,1,0
Slovak Republic,SVK,2006,7.27796296110182,56.08,13139.0321768688,,,6.86157448,13.3730001449585,6.6,74.2048780487805,5373054.0,Europe & Central Asia,High income,1,0
Slovak Republic,SVK,2007,6.84327381534925,61.8,16057.7331439028,,3.005,7.18981426,11.1429996490479,6.4,74.2073170731707,5374622.0,Europe & Central Asia,High income,1,0
Slovak Republic,SVK,2008,7.01055856847993,66.05,18650.3591154107,,,6.96639062,9.50800037384033,6.1,74.7048780487805,5379233.0,Europe & Central Asia,High income,1,0
Slovak Republic,SVK,2009,6.31907323733116,70.0,16512.9819723317,,3.295,7.9567892,12.0249996185303,6.0,74.909756097561,5386406.0,Europe & Central Asia,High income,1,0
Slovak Republic,SVK,2010,6.72195956247584,75.71,16600.6135880385,,,7.80112395,14.378999710083,5.8,75.1121951219512,5391428.0,Europe & Central Asia,High income,1,0
Slovak Republic,SVK,2011,6.39539628896351,74.43999717,18187.1574419478,,,7.41832839,13.6169996261597,5.6,75.9585365853659,5398384.0,Europe & Central Asia,High income,1,0
Slovak Republic,SVK,2012,6.05902290100616,76.70999012,17274.6423040509,,,7.63384157,13.9630002975464,5.5,76.109756097561,5407579.0,Europe & Central Asia,High income,1,0
Slovak Republic,SVK,2013,6.11280355961594,77.8826,18191.612786163,,3.387,7.52781389,14.2200002670288,5.3,76.4121951219512,5413393.0,Europe & Central Asia,High income,1,0
Slovak Republic,SVK,2014,5.66158132774424,79.98,18629.7796630086,,,6.9082491,13.1840000152588,5.1,76.8121951219512,5418649.0,Europe & Central Asia,High income,1,0
Slovak Republic,SVK,2015,2.86129610832048,77.6347,16182.3037239884,,3.45,6.86754028,11.4809999465942,5.0,76.5634146341463,5423801.0,Europe & Central Asia,High income,1,0
Slovak Republic,SVK,2016,2.86129610832048,80.4759,16544.2278104487,,,7.12513052,9.67000007629395,4.8,77.1658536585366,5430798.0,Europe & Central Asia,High income,1,0
Slovak Republic,SVK,2017,2.86129610832048,81.62566752,17579.2593991421,,,5.533000995,8.13099956512451,4.6,77.1658536585366,5439232.0,Europe & Central Asia,High income,1,0
Slovak Republic,SVK,2018,2.86129610832048,20.80096366,4234.64075149378,,,5.533000995,6.75600004196167,21.7,,,Europe & Central Asia,High income,1,0
Slovenia,SVN,2000,7.23840366026874,15.11025956,10227.7367703685,,2.17,7.78388001,6.91800022125244,4.6,75.4121951219512,1988925.0,Europe & Central Asia,High income,1,0
Slovenia,SVN,2001,7.6117411122155,30.17591047,10479.2963405292,,2.194,7.87635954,5.68200016021729,4.4,75.7585365853659,1992060.0,Europe & Central Asia,High income,1,0
Slovenia,SVN,2002,7.73101181732037,27.83888542,11814.0999423948,,2.253,7.99610541,5.92199993133545,4.1,76.0073170731707,1994530.0,Europe & Central Asia,High income,1,0
Slovenia,SVN,2003,7.7722871746872,31.85479301,14880.4715401788,,,8.08173371,6.47900009155273,3.9,76.8585365853659,1995733.0,Europe & Central Asia,High income,1,0
Slovenia,SVN,2004,7.88482893442804,40.81,17260.9015138173,99.6999969482422,,7.92680512,6.01200008392334,3.7,77.2073170731707,1997012.0,Europe & Central Asia,High income,1,0
Slovenia,SVN,2005,7.93167469309774,46.81,18169.1809082287,,2.4,7.96504212,6.50600004196167,3.5,77.6121951219512,2000474.0,Europe & Central Asia,High income,1,0
Slovenia,SVN,2006,8.09460811573058,54.01,19726.1264959149,,2.424,7.80212895,5.94999980926514,3.3,78.0865853658537,2006868.0,Europe & Central Asia,High income,1,0
Slovenia,SVN,2007,8.04946876353362,56.74,23841.3179190744,,,7.49448974,4.81799983978271,3.1,78.5609756097561,2018122.0,Europe & Central Asia,High income,1,0
Slovenia,SVN,2008,8.58644120958821,58.0,27501.8102703687,,2.473,7.84938816,4.37099981307983,2.9,78.7658536585366,2021316.0,Europe & Central Asia,High income,1,0
Slovenia,SVN,2009,7.49160231390485,64.0,24633.7978523083,,,8.56174826,5.85699987411499,2.8,78.9707317073171,2039669.0,Europe & Central Asia,High income,1,0
Slovenia,SVN,2010,7.48585436860503,70.0,23437.4720211387,,2.426,8.59137602,7.23600006103516,2.6,79.4219512195122,2048583.0,Europe & Central Asia,High income,1,0
Slovenia,SVN,2011,7.35063762791407,67.33999481,24985.2482718393,,2.487,8.57394644,8.16600036621094,2.4,79.9707317073171,2052843.0,Europe & Central Asia,High income,1,0
Slovenia,SVN,2012,7.18548104448903,68.34997453,22532.4356384588,,2.534,8.7579062,8.84000015258789,2.3,80.1243902439024,2057159.0,Europe & Central Asia,High income,1,0
Slovenia,SVN,2013,6.8695513926774,72.6756,23357.939198652,,2.623,8.79216153,10.1020002365112,2.2,80.3219512195122,2059953.0,Europe & Central Asia,High income,1,0
Slovenia,SVN,2014,6.21368684468327,71.59,24202.4308360444,99.6999969482422,2.765,8.50636051,9.66800022125244,2.0,81.0780487804878,2061980.0,Europe & Central Asia,High income,1,0
Slovenia,SVN,2015,2.86129610832048,73.0987,20873.1611094925,,2.82,8.50174063,8.96199989318848,1.9,80.7756097560976,2063531.0,Europe & Central Asia,High income,1,0
Slovenia,SVN,2016,2.86129610832048,75.49850426,21650.2127554094,,,8.46829514,8.0,1.8,81.1756097560976,2065042.0,Europe & Central Asia,High income,1,0
Slovenia,SVN,2017,2.86129610832048,78.88542636,23601.4027758769,,,5.533000995,6.56400012969971,1.7,81.1756097560976,2066388.0,Europe & Central Asia,High income,1,0
Slovenia,SVN,2018,2.86129610832048,20.80096366,4234.64075149378,,,5.533000995,5.51000022888184,21.7,,,Europe & Central Asia,High income,1,0
Small states,SST,2000,5.08623193926073,5.01471112298792,4388.0782804318,80.7791519165039,,4.73812206813202,12.5838095275764,52.1861801691534,63.2037042847539,29434279.0,,,7,3
Small states,SST,2001,5.33264116179203,6.69323873249334,4337.59949705,81.29345703125,,4.73682590957393,12.4753752848996,51.4548313115779,63.1638102532311,29887049.0,,,7,3
Small states,SST,2002,5.35833650712053,8.92841993441674,4568.8731025077,81.8553085327148,,4.82586668120879,12.397800961094,50.6196358060725,63.2845825355604,30352305.0,,,7,3
Small states,SST,2003,5.6049535794512,10.8486891764817,5366.9289294117,82.3295364379883,,5.10475273745778,12.3752055412863,49.7560799890391,63.4158079574624,30838828.0,,,7,3
Small states,SST,2004,5.65700009646765,12.6044338617989,6358.48074242153,82.6496429443359,,5.01696724993461,11.9213918918507,48.746796823104,63.7125820528742,31365918.0,,,7,3
Small states,SST,2005,6.00864910814733,13.6592033307477,7458.8667921926,83.0485382080078,,4.68816391573064,11.4631828367385,47.363132504516,64.1026305683931,31947386.0,,,7,3
Small states,SST,2006,6.4346976928783,15.2720078096666,8506.67771524503,82.7404479980469,,4.43730906859456,10.5171892094765,45.8672588091142,64.5355775875897,32586895.0,,,7,3
Small states,SST,2007,6.78476622650176,17.2525912462801,9993.01364115452,82.2582015991211,,4.29855147000009,9.76440421994472,44.6993808515586,65.041062637465,33278247.0,,,7,3
Small states,SST,2008,6.79458070531769,19.868946774702,11801.913124196,83.127311706543,,3.94757959651016,9.42639873585239,43.7636381447663,65.5840544655187,34006389.0,,,7,3
Small states,SST,2009,6.4956127253912,22.2647064874706,9872.03326951242,82.7481079101563,,4.5459296874258,10.4604502100259,42.511810006548,66.1397443703018,34739790.0,,,7,3
Small states,SST,2010,6.76079036479854,25.7245743108152,11119.4913223945,83.2141571044922,,4.19357042035128,10.8040737781613,41.0168577221899,66.6469087860997,35465245.0,,,7,3
Small states,SST,2011,6.8894629749282,29.9837640183969,13187.4883961882,83.5576095581055,,3.86980243862258,10.5061692682168,39.9801252806141,67.1100546688337,36171934.0,,,7,3
Small states,SST,2012,7.00080512244592,32.6752226606704,13509.2690850783,83.8228225708008,,3.85924317123124,10.4216484341393,38.9257418140273,67.552301780979,36875022.0,,,7,3
Small states,SST,2013,6.80986543886988,36.8879296296486,13742.039212003,84.1259689331055,1.0153716868675,4.03905448221364,10.6824886618556,37.8702367170468,67.9348940975643,37572012.0,,,7,3
Small states,SST,2014,7.38402551938207,40.449178298093,13857.0575158063,84.296257019043,,4.21099023948956,10.3282279494198,36.9577592513166,68.2794610584648,38266156.0,,,7,3
Small states,SST,2015,2.86129610832048,43.6682405181981,11570.007119852,84.6255187988281,,4.8862519622021,10.2185897318105,35.9636754074595,68.6016761260169,38960406.0,,,7,3
Small states,SST,2016,2.86129610832048,46.1591933118564,11174.3353603766,84.771369934082,,5.0370345325498,10.1706136859494,34.9241897470759,68.876651651133,39646847.0,,,7,3
Small states,SST,2017,2.86129610832048,49.8000130898676,11979.4472688129,,,5.533000995,9.76905968314777,34.0239989638073,69.122547401997,40330352.0,,,7,3
Small states,SST,2018,2.86129610832048,20.80096366,4234.64075149378,,,5.533000995,9.50897011635754,21.7,,,,,7,3
Solomon Islands,SLB,2000,0.364381290761956,0.481296806,1054.5185720259,,,5.46023491,2.48499989509583,25.2,63.103,412609.0,East Asia & Pacific,Lower middle income,0,2
Solomon Islands,SLB,2001,0.372018128926774,0.468551964,944.816839954362,,,7.10998804,2.48200011253357,24.9,63.744,423853.0,East Asia & Pacific,Lower middle income,0,2
Solomon Islands,SLB,2002,0.362266864555142,0.501919843,784.956287365876,,,7.92858013,2.59400010108948,24.7,64.368,435262.0,East Asia & Pacific,Lower middle income,0,2
Solomon Islands,SLB,2003,0.361144125935327,0.555609882,744.765742281168,,0.134,7.9338067,2.51799988746643,24.4,64.971,446769.0,East Asia & Pacific,Lower middle income,0,2
Solomon Islands,SLB,2004,0.352039168797619,0.649672673,818.442619047505,,,8.59025028,2.48499989509583,24.2,65.549,458324.0,East Asia & Pacific,Lower middle income,0,2
Solomon Islands,SLB,2005,0.343377634953233,0.844307573,880.874850827895,,0.19,10.14185529,2.33599996566772,24.0,66.104,469885.0,East Asia & Pacific,Lower middle income,0,2
Solomon Islands,SLB,2006,0.34276580629884,1.646347989,948.6592511289,,,9.27718717,2.07500004768372,23.7,66.635,481422.0,East Asia & Pacific,Lower middle income,0,2
Solomon Islands,SLB,2007,0.364512922465209,2.0,1046.93112541029,,,8.7464467,1.85399997234344,23.2,67.147,492940.0,East Asia & Pacific,Lower middle income,0,2
Solomon Islands,SLB,2008,0.370714621281049,3.0,1205.79106732679,,0.177,8.0727212,1.78600001335144,22.8,67.641,504477.0,East Asia & Pacific,Lower middle income,0,2
Solomon Islands,SLB,2009,0.376591568345156,4.0,1158.28267208798,,,7.89796241,2.01999998092651,22.2,68.118,516079.0,East Asia & Pacific,Lower middle income,0,2
Solomon Islands,SLB,2010,0.375183311544364,5.0,1290.57237443375,,0.224,7.2579239,1.72699999809265,21.7,68.572,527790.0,East Asia & Pacific,Lower middle income,0,2
Solomon Islands,SLB,2011,0.366962310095735,6.0,1728.50515987937,,0.203,7.10213316,1.89800000190735,21.0,69.001,539614.0,East Asia & Pacific,Lower middle income,0,2
Solomon Islands,SLB,2012,0.359033309097766,6.9974,1928.95675099721,,0.157,5.64712204,2.08500003814697,20.4,69.4,551531.0,East Asia & Pacific,Lower middle income,0,2
Solomon Islands,SLB,2013,0.357906561161854,8.0,2004.89997249976,,0.191,5.49593782,2.04099988937378,19.8,69.771,563513.0,East Asia & Pacific,Lower middle income,0,2
Solomon Islands,SLB,2014,0.350449345269538,9.0,2036.9420559205,,,5.88308293,2.09699988365173,19.2,70.113,575504.0,East Asia & Pacific,Lower middle income,0,2
Solomon Islands,SLB,2015,2.86129610832048,10.00046498,1965.42203652063,,,5.24872732,2.01300001144409,18.7,70.43,587482.0,East Asia & Pacific,Lower middle income,0,2
Solomon Islands,SLB,2016,2.86129610832048,11.00090227,2056.48993346523,,,5.17074913,1.93099999427795,18.1,70.726,599419.0,East Asia & Pacific,Lower middle income,0,2
Solomon Islands,SLB,2017,2.86129610832048,11.92422906,2132.11506835431,,,5.533000995,1.77100002765656,17.6,71.006,611343.0,East Asia & Pacific,Lower middle income,0,2
Solomon Islands,SLB,2018,2.86129610832048,20.80096366,4234.64075149378,,,5.533000995,1.78999996185303,21.7,,,East Asia & Pacific,Lower middle income,0,2
Somalia,SOM,2000,0.053307231809562,0.02,4234.64075149378,,,5.533000995,15.2589998245239,91.04999999999998,50.867,9011479.0,Sub-Saharan Africa,Low income,6,1
Somalia,SOM,2001,0.0540726047627858,0.079039179,4234.64075149378,,,5.533000995,15.1820001602173,91.04999999999998,51.211,9290823.0,Sub-Saharan Africa,Low income,6,1
Somalia,SOM,2002,0.0613456456793362,0.115614213,4234.64075149378,,,5.533000995,15.3360004425049,91.04999999999998,51.49,9564167.0,Sub-Saharan Africa,Low income,6,1
Somalia,SOM,2003,0.0603934550425323,0.376198003,4234.64075149378,,,5.533000995,15.2019996643066,91.04999999999998,51.761,9836397.0,Sub-Saharan Africa,Low income,6,1
Somalia,SOM,2004,0.0587228757596211,1.053454744,4234.64075149378,,,5.533000995,15.0939998626709,91.04999999999998,52.042,10116228.0,Sub-Saharan Africa,Low income,6,1
Somalia,SOM,2005,0.057066117191046,1.077327839,4234.64075149378,,,5.533000995,14.8640003204346,91.04999999999998,52.344,10409925.0,Sub-Saharan Africa,Low income,6,1
Somalia,SOM,2006,0.0554241864650952,1.100216368,4234.64075149378,,0.035,5.533000995,14.3990001678467,91.04999999999998,52.666,10718317.0,Sub-Saharan Africa,Low income,6,1
Somalia,SOM,2007,0.0551448753084178,1.122235622,4234.64075149378,,,5.533000995,13.8190002441406,91.04999999999998,52.996,11038596.0,Sub-Saharan Africa,Low income,6,1
Somalia,SOM,2008,0.0528958924033509,1.142687372,4234.64075149378,,,5.533000995,13.6879997253418,91.04999999999998,53.323,11369276.0,Sub-Saharan Africa,Low income,6,1
Somalia,SOM,2009,0.0510524009672027,1.160610542,4234.64075149378,,,5.533000995,14.4619998931885,91.04999999999998,53.652,11707990.0,Sub-Saharan Africa,Low income,6,1
Somalia,SOM,2010,0.0508070745890954,20.80096366,4234.64075149378,,0.035,5.533000995,14.5679998397827,91.04999999999998,53.986,12053223.0,Sub-Saharan Africa,Low income,6,1
Somalia,SOM,2011,0.0487761719828533,1.25,4234.64075149378,,,5.533000995,14.6180000305176,91.04999999999998,54.332,12404725.0,Sub-Saharan Africa,Low income,6,1
Somalia,SOM,2012,0.0476913728351234,1.3767,4234.64075149378,,,5.533000995,14.5520000457764,91.04999999999998,54.694,12763776.0,Sub-Saharan Africa,Low income,6,1
Somalia,SOM,2013,0.04635286497488,1.5,493.514145869867,,,5.533000995,14.6309995651245,89.0,55.072,13132349.0,Sub-Saharan Africa,Low income,6,1
Somalia,SOM,2014,0.0450467230932889,1.63,485.602061068687,,0.029,5.533000995,14.4650001525879,86.6,55.467,13513125.0,Sub-Saharan Africa,Low income,6,1
Somalia,SOM,2015,2.86129610832048,1.76,478.784799023604,,,5.533000995,14.4119997024536,84.3,55.876,13908129.0,Sub-Saharan Africa,Low income,6,1
Somalia,SOM,2016,2.86129610832048,1.88,472.272693325142,,,5.533000995,14.2589998245239,82.1,56.293,14317996.0,Sub-Saharan Africa,Low income,6,1
Somalia,SOM,2017,2.86129610832048,2.004048698,478.344174874274,,,5.533000995,13.9130001068115,79.7,56.714,14742523.0,Sub-Saharan Africa,Low income,6,1
Somalia,SOM,2018,2.86129610832048,20.80096366,4234.64075149378,,,5.533000995,13.956000328064,21.7,,,Sub-Saharan Africa,Low income,6,1
South Africa,ZAF,2000,8.28076479529149,5.348559732,2982.00042596137,,,7.43741985,17.547250032424937,52.1,56.341,45728315.0,Sub-Saharan Africa,Upper middle income,6,4
South Africa,ZAF,2001,8.02075608225641,6.346619318,2621.55443743349,,,7.45108674,17.547250032424937,52.9,55.273,46385006.0,Sub-Saharan Africa,Upper middle income,6,4
South Africa,ZAF,2002,7.58381406031063,6.710322437,2461.35508651066,,,6.88287067,17.547250032424937,53.6,54.299,47026173.0,Sub-Saharan Africa,Upper middle income,6,4
South Africa,ZAF,2003,8.48835057020516,7.007691726,3678.10281680867,,,6.9140367,17.547250032424937,53.5,53.481,47648727.0,Sub-Saharan Africa,Upper middle income,6,4
South Africa,ZAF,2004,9.33079576627919,8.425118683,4745.07168450977,,0.731,6.81141145,17.547250032424937,52.9,52.878,48247395.0,Sub-Saharan Africa,Upper middle income,6,4
South Africa,ZAF,2005,8.5397561184538,7.48854253,5277.92545855196,,,6.705757,17.547250032424937,52.0,52.567,48820586.0,Sub-Saharan Africa,Upper middle income,6,4
South Africa,ZAF,2006,9.07319976901658,7.607139675,5502.69998895381,,,6.58706226,17.547250032424937,50.5,52.614,49364582.0,Sub-Saharan Africa,Upper middle income,6,4
South Africa,ZAF,2007,9.35266474567886,8.065375174,6001.85256313236,88.7172470092773,,6.43131551,17.547250032424937,47.2,53.01,49887181.0,Sub-Saharan Africa,Upper middle income,6,4
South Africa,ZAF,2008,9.85421895195103,8.43,5688.50880574249,,,6.54576054,17.547250032424937,44.8,53.72,50412129.0,Sub-Saharan Africa,Upper middle income,6,4
South Africa,ZAF,2009,9.87059693646667,10.0,5805.99836229105,92.8948593139648,,7.11458732,17.547250032424937,40.4,54.701,50970818.0,Sub-Saharan Africa,Upper middle income,6,4
South Africa,ZAF,2010,9.19069871601177,24.0,7276.37675634687,92.8773193359375,0.728,7.41535412,17.547250032424937,38.4,55.888,51584663.0,Sub-Saharan Africa,Upper middle income,6,4
South Africa,ZAF,2011,9.00403338726771,33.97,7967.67815887535,93.1021423339844,0.715,7.49731726,17.547250032424937,37.3,57.201,52263516.0,Sub-Saharan Africa,Upper middle income,6,4
South Africa,ZAF,2012,8.84503303913285,41.0,7478.13657795036,93.7294692993164,0.725,7.7525506,17.547250032424937,36.1,58.545,52998213.0,Sub-Saharan Africa,Upper middle income,6,4
South Africa,ZAF,2013,8.67396282312054,46.5,6819.06230244075,,0.742,7.72096153,17.547250032424937,34.2,59.83,53767396.0,Sub-Saharan Africa,Upper middle income,6,4
South Africa,ZAF,2014,8.98011929723466,49.0,6429.02394967082,94.1399002075195,0.756,7.93015013,17.547250032424937,32.5,60.993,54539571.0,Sub-Saharan Africa,Upper middle income,6,4
South Africa,ZAF,2015,2.86129610832048,51.91911572,5742.98780033574,94.367919921875,0.767,8.19779026,17.547250032424937,31.8,61.981,55291225.0,Sub-Saharan Africa,Upper middle income,6,4
South Africa,ZAF,2016,2.86129610832048,54.0,5279.73047236548,,0.818,8.1098146,17.547250032424937,30.0,62.774,56015473.0,Sub-Saharan Africa,Upper middle income,6,4
South Africa,ZAF,2017,2.86129610832048,56.16739447,6151.07795531285,,,5.533000995,17.547250032424937,28.8,63.404,56717156.0,Sub-Saharan Africa,Upper middle income,6,4
South Africa,ZAF,2018,2.86129610832048,20.80096366,4234.64075149378,,,5.533000995,17.547250032424937,21.7,,,Sub-Saharan Africa,Upper middle income,6,4
South Asia,SAS,2000,0.85178014477294,0.474534101089891,448.839412261816,57.6571197509766,0.499323923088279,3.72759633004581,2.68360652504926,68.9,62.8652218301737,1386625845.0,,,7,3
South Asia,SAS,2001,0.84786095765458,0.661359711302241,452.311426862495,58.1334495544434,,3.89734184608203,2.81546050226793,66.6,63.271606701599,1412104373.0,,,7,3
South Asia,SAS,2002,0.847135004883493,1.45964233597103,466.09651138617,59.1818885803223,,3.95592769000322,3.01167806964627,64.4,63.6694470171634,1437568227.0,,,7,3
South Asia,SAS,2003,0.868247087510382,1.83127692347073,534.897398904322,60.0693893432617,,3.73058736023646,3.13188062220247,62.3,64.0614329425638,1462906674.0,,,7,3
South Asia,SAS,2004,0.900901767493594,2.17006372919134,609.773317665047,60.841381072998,,3.70752005600437,3.05496696208287,60.3,64.4513170221394,1487975237.0,,,7,3
South Asia,SAS,2005,0.936217113923338,2.53399187807473,687.561563994271,60.6057395935059,,3.62920753015246,3.03451812912946,58.3,64.8423033366327,1512670560.0,,,7,3
South Asia,SAS,2006,0.982909014925463,2.97157368663315,778.239901788741,60.8166618347168,,3.54220600226906,2.66150964369221,56.3,65.2371142333509,1536943534.0,,,7,3
South Asia,SAS,2007,1.04387477609029,3.96509886727022,963.738516464722,61.9210510253906,,3.48100543226384,2.37872150277061,54.4,65.6364625231213,1560818860.0,,,7,3
South Asia,SAS,2008,1.13488297563288,4.40893543840264,964.114193097495,63.4183616638184,,3.45440407648763,2.30182518284968,52.5,66.0371485828198,1584359049.0,,,7,3
South Asia,SAS,2009,1.22959139110457,5.14946775721559,1047.16390700886,64.123908996582,,3.41345341156645,2.56868448353063,50.6,66.4365292656335,1607663899.0,,,7,3
South Asia,SAS,2010,1.20751909871869,7.20578379120846,1263.82836634697,65.8315734863281,,3.24763820398076,2.379433634391,48.7,66.8267569031017,1630806784.0,,,7,3
South Asia,SAS,2011,1.27087887376836,9.39809663550123,1373.73464952842,65.4585800170898,,3.19918737153512,2.46410886280156,46.8,67.2011962411029,1653798614.0,,,7,3
South Asia,SAS,2012,1.36231531335648,11.5208599358663,1370.18913682527,68.324333190918,,3.25447396598262,2.69855373919626,45.0,67.5537216461953,1676615491.0,,,7,3
South Asia,SAS,2013,1.35522146997919,13.7562134401879,1387.13589904561,68.8743667602539,0.745712250335423,3.62314674248441,2.96601910372818,43.1,67.8811450205299,1699310450.0,,,7,3
South Asia,SAS,2014,1.46146746314529,19.0832762245184,1499.47271132576,69.6693420410156,,3.52853526319443,2.8068605216111,41.3,68.1811089335532,1721854786.0,,,7,3
South Asia,SAS,2015,2.86129610832048,23.2035725567441,1546.44763998863,70.2743911743164,,3.50992087648587,2.99213327834784,39.6,68.4565258804813,1744199944.0,,,7,3
South Asia,SAS,2016,2.86129610832048,26.4567956544021,1652.60740534591,70.9970397949219,,3.55254463346295,2.92888361035168,37.9,68.710533053122,1766393714.0,,,7,3
South Asia,SAS,2017,2.86129610832048,30.1877918472125,1870.16152346697,,,5.533000995,2.77402688412824,36.4,68.9503720295518,1788388852.0,,,7,3
South Asia,SAS,2018,2.86129610832048,20.80096366,4234.64075149378,,,5.533000995,2.75144162155851,21.7,,,,,7,3
South Asia (IDA & IBRD),TSA,2000,0.85178014477294,0.474534101089891,448.839412261816,57.6571197509766,0.499323923088279,3.72759633004581,2.68360652504926,68.9038982934078,62.8652218301737,1386625845.0,,,7,3
South Asia (IDA & IBRD),TSA,2001,0.84786095765458,0.661359711302241,452.311426862495,58.1334495544434,,3.89734184608202,2.81546050226793,66.6203844526427,63.271606701599,1412104373.0,,,7,3
South Asia (IDA & IBRD),TSA,2002,0.847135004883493,1.45964233597103,466.09651138617,59.1818885803223,,3.95592769000322,3.01167806964627,64.453516939058,63.6694470171634,1437568227.0,,,7,3
South Asia (IDA & IBRD),TSA,2003,0.868247087510382,1.83127692347073,534.897398904322,60.0693893432617,,3.73058736023646,3.13188062220247,62.3275830470951,64.0614329425638,1462906674.0,,,7,3
South Asia (IDA & IBRD),TSA,2004,0.900901767493594,2.17006372919134,609.773317665047,60.841381072998,,3.70752005600437,3.05496696208287,60.2692548372348,64.4513170221394,1487975237.0,,,7,3
South Asia (IDA & IBRD),TSA,2005,0.936217113923338,2.53399187807473,687.561563994271,60.6057395935059,,3.62920753015246,3.03451812912946,58.2435648021045,64.8423033366327,1512670560.0,,,7,3
South Asia (IDA & IBRD),TSA,2006,0.982909014925463,2.97157368663315,778.239901788741,60.8166618347168,,3.54220600226906,2.66150964369221,56.3652410088625,65.2371142333509,1536943534.0,,,7,3
South Asia (IDA & IBRD),TSA,2007,1.04387477609029,3.96509886727022,963.738516464722,61.9210510253906,,3.48100543226384,2.37872150277061,54.4154551315218,65.6364625231213,1560818860.0,,,7,3
South Asia (IDA & IBRD),TSA,2008,1.13488297563288,4.40893543840264,964.114193097495,63.4183616638184,,3.45440407648763,2.30182518284968,52.5155520640888,66.0371485828198,1584359049.0,,,7,3
South Asia (IDA & IBRD),TSA,2009,1.22959139110457,5.14946775721559,1047.16390700886,64.123908996582,,3.41345341156645,2.56868448353063,50.6246969545281,66.4365292656335,1607663899.0,,,7,3
South Asia (IDA & IBRD),TSA,2010,1.20751909871869,7.20578379120846,1263.82836634697,65.8315734863281,,3.24763820398076,2.379433634391,48.7364951381689,66.8267569031017,1630806784.0,,,7,3
South Asia (IDA & IBRD),TSA,2011,1.27087887376836,9.39809663550123,1373.73464952842,65.4585800170898,,3.19918737153512,2.46410886280156,46.8490142394563,67.2011962411029,1653798614.0,,,7,3
South Asia (IDA & IBRD),TSA,2012,1.36231531335648,11.5208599358663,1370.18913682527,68.324333190918,,3.25447396598262,2.69855373919626,44.9514545547154,67.5537216461953,1676615491.0,,,7,3
South Asia (IDA & IBRD),TSA,2013,1.35522146997919,13.7562134401879,1387.13589904561,68.8743667602539,0.745712250335423,3.62314674248441,2.96601910372818,43.1218039543514,67.8811450205299,1699310450.0,,,7,3
South Asia (IDA & IBRD),TSA,2014,1.46146746314529,19.0832762245184,1499.47271132576,69.6693420410156,,3.52853526319443,2.8068605216111,41.3492421113065,68.1811089335532,1721854786.0,,,7,3
South Asia (IDA & IBRD),TSA,2015,2.86129610832048,23.2035725567441,1546.44763998863,70.2743911743164,,3.50992087648587,2.99213327834784,39.5527892658883,68.4565258804813,1744199944.0,,,7,3
South Asia (IDA & IBRD),TSA,2016,2.86129610832048,26.4567956544021,1652.60740534591,70.9970397949219,,3.55254463346295,2.92888361035168,37.9193823782461,68.710533053122,1766393714.0,,,7,3
South Asia (IDA & IBRD),TSA,2017,2.86129610832048,30.1877918472125,1870.16152346697,,,5.533000995,2.77402688412824,36.3571440419787,68.9503720295518,1788388852.0,,,7,3
South Asia (IDA & IBRD),TSA,2018,2.86129610832048,20.80096366,4234.64075149378,,,5.533000995,2.75144162155851,21.7,,,,,7,3
South Sudan,SSD,2000,2.86129610832048,20.80096366,4234.64075149378,,,5.533000995,13.5950002670288,91.04999999999998,49.239,6700656.0,Sub-Saharan Africa,Low income,6,1
South Sudan,SSD,2001,2.86129610832048,20.80096366,4234.64075149378,,,5.533000995,13.5369997024536,91.04999999999998,49.631,6974442.0,Sub-Saharan Africa,Low income,6,1
South Sudan,SSD,2002,2.86129610832048,20.80096366,4234.64075149378,,,5.533000995,13.6859998703003,91.04999999999998,50.013,7237276.0,Sub-Saharan Africa,Low income,6,1
South Sudan,SSD,2003,2.86129610832048,20.80096366,4234.64075149378,,,5.533000995,13.5930004119873,91.04999999999998,50.393,7501642.0,Sub-Saharan Africa,Low income,6,1
South Sudan,SSD,2004,2.86129610832048,20.80096366,4234.64075149378,,,5.533000995,13.4359998703003,90.9,50.782,7787655.0,Sub-Saharan Africa,Low income,6,1
South Sudan,SSD,2005,2.86129610832048,20.80096366,4234.64075149378,,,5.533000995,13.2049999237061,86.6,51.19,8108877.0,Sub-Saharan Africa,Low income,6,1
South Sudan,SSD,2006,2.86129610832048,20.80096366,4234.64075149378,,,5.533000995,12.7419996261597,82.6,51.627,8468152.0,Sub-Saharan Africa,Low income,6,1
South Sudan,SSD,2007,2.86129610832048,20.80096366,4234.64075149378,,,5.533000995,12.3170003890991,78.9,52.095,8856800.0,Sub-Saharan Africa,Low income,6,1
South Sudan,SSD,2008,2.86129610832048,20.80096366,4234.64075149378,26.8312797546387,,5.533000995,12.1499996185303,75.3,52.591,9263136.0,Sub-Saharan Africa,Low income,6,1
South Sudan,SSD,2009,2.86129610832048,20.80096366,4234.64075149378,,,5.533000995,13.1110000610352,71.8,53.113,9670667.0,Sub-Saharan Africa,Low income,6,1
South Sudan,SSD,2010,2.86129610832048,20.80096366,4234.64075149378,,,5.533000995,13.1409997940063,68.5,53.655,10067192.0,Sub-Saharan Africa,Low income,6,1
South Sudan,SSD,2011,2.86129610832048,20.80096366,1653.13158786015,,,5.533000995,12.9689998626709,65.7,54.206,10448857.0,Sub-Saharan Africa,Low income,6,1
South Sudan,SSD,2012,0.123043931841892,20.80096366,1041.4596935123,,,5.533000995,12.6719999313354,63.7,54.756,10818258.0,Sub-Saharan Africa,Low income,6,1
South Sudan,SSD,2013,0.129587680239481,3.829969245,1336.64525605041,,,5.533000995,12.8660001754761,62.8,55.294,11177490.0,Sub-Saharan Africa,Low income,6,1
South Sudan,SSD,2014,0.129749350683477,4.51615373,1309.48738115369,,,5.533000995,12.4420003890991,62.5,55.817,11530971.0,Sub-Saharan Africa,Low income,6,1
South Sudan,SSD,2015,2.86129610832048,5.5,917.921473873703,,,5.533000995,12.8380002975464,62.5,56.322,11882136.0,Sub-Saharan Africa,Low income,6,1
South Sudan,SSD,2016,2.86129610832048,6.679728051,237.444118481,,,5.533000995,12.576000213623,62.5,56.811,12230730.0,Sub-Saharan Africa,Low income,6,1
South Sudan,SSD,2017,2.86129610832048,7.977428907,4234.64075149378,,,5.533000995,12.6389999389648,62.5,57.288,12575714.0,Sub-Saharan Africa,Low income,6,1
South Sudan,SSD,2018,2.86129610832048,20.80096366,4234.64075149378,,,5.533000995,12.6960000991821,21.7,,,Sub-Saharan Africa,Low income,6,1
Spain,ESP,2000,7.25782434589112,13.62496081,14676.7060880231,,4.393,6.8160619,13.7849998474121,4.3,78.9658536585366,40567864.0,Europe & Central Asia,High income,1,0
Spain,ESP,2001,7.29074832831551,18.14872269,15323.6113977547,,4.376,6.78313377,10.3479995727539,4.3,79.3682926829268,40850412.0,Europe & Central Asia,High income,1,0
Spain,ESP,2002,7.59128078166889,20.39,17019.5354136605,,4.446,6.80292358,11.1459999084473,4.2,79.5682926829268,41431558.0,Europe & Central Asia,High income,1,0
Spain,ESP,2003,7.61116644458348,39.93,21495.7074076474,,4.489,7.53018064,11.2829999923706,4.0,79.619512195122,42187645.0,Europe & Central Asia,High income,1,0
Spain,ESP,2004,7.90805068135971,44.01,24918.6458419994,97.1651229858398,4.51,7.6191456,11.0900001525879,4.0,79.8707317073171,42921895.0,Europe & Central Asia,High income,1,0
Spain,ESP,2005,8.09705804769438,47.88,26510.7174533426,97.7506866455078,4.541,7.67640382,9.14599990844727,3.8,80.1707317073171,43653155.0,Europe & Central Asia,High income,1,0
Spain,ESP,2006,7.88419571010583,50.37,28482.6094833461,,4.56,7.75518882,8.45199966430664,3.7,80.8219512195122,44397319.0,Europe & Central Asia,High income,1,0
Spain,ESP,2007,7.92089071606499,55.11,28490.211716540907,97.9388427734375,4.603,7.83671201,8.23200035095215,3.6,80.8731707317073,45226803.0,Europe & Central Asia,High income,1,0
Spain,ESP,2008,7.16553160668603,59.6,28490.211716540907,97.6306076049805,4.67,8.28895456,11.253999710083,3.4,81.1756097560976,45954106.0,Europe & Central Asia,High income,1,0
Spain,ESP,2009,6.21697337783496,62.4,28490.211716540907,97.6792678833008,4.731,8.98877969,17.547250032424937,3.3,81.4756097560976,46362946.0,Europe & Central Asia,High income,1,0
Spain,ESP,2010,5.81641636625128,65.8,28490.211716540907,97.7489013671875,3.756,9.02200151,17.547250032424937,3.1,81.6268292682927,46576897.0,Europe & Central Asia,High income,1,0
Spain,ESP,2011,5.78801845772827,67.08999939,28490.211716540907,97.7837524414063,3.838,9.09120733,17.547250032424937,3.1,82.4756097560976,46742697.0,Europe & Central Asia,High income,1,0
Spain,ESP,2012,5.66093880333453,69.80999994,28490.211716540907,97.8945388793945,3.835,9.07564442,17.547250032424937,3.0,82.4268292682927,46773055.0,Europe & Central Asia,High income,1,0
Spain,ESP,2013,5.08439835268284,71.635,28490.211716540907,98.0791320800781,3.824,9.02537972,17.547250032424937,2.9,83.0780487804878,46620045.0,Europe & Central Asia,High income,1,0
Spain,ESP,2014,5.03382448723757,76.19,28490.211716540907,98.0937194824219,3.819,9.02414667,17.547250032424937,2.8,83.2292682926829,46480882.0,Europe & Central Asia,High income,1,0
Spain,ESP,2015,2.86129610832048,78.6896,25817.3866083761,98.1432571411133,3.872,9.12012883,17.547250032424937,2.7,82.8317073170732,46444832.0,Europe & Central Asia,High income,1,0
Spain,ESP,2016,2.86129610832048,80.56133294,26622.2991436203,98.2505111694336,,8.97038932,17.547250032424937,2.6,83.3292682926829,46483569.0,Europe & Central Asia,High income,1,0
Spain,ESP,2017,2.86129610832048,84.6022457,28208.3004052718,,,5.533000995,17.2240009307861,2.6,83.3292682926829,46593171.0,Europe & Central Asia,High income,1,0
Spain,ESP,2018,2.86129610832048,20.80096366,4234.64075149378,,,5.533000995,15.4870004653931,21.7,,,Europe & Central Asia,High income,1,0
Sri Lanka,LKA,2000,0.545112224308269,0.647410011,869.495692083353,,0.424,4.2465404,7.73999977111816,14.2,71.002,18781938.0,South Asia,Lower middle income,5,2
Sri Lanka,LKA,2001,0.55219088360875,0.793821864,832.745140199694,90.682746887207,0.443,4.1932464,7.90000009536743,13.8,71.775,18913054.0,South Asia,Lower middle income,5,2
Sri Lanka,LKA,2002,0.580084525664636,1.050422706,867.6360436681,,,4.1731212,8.76000022888184,13.4,72.511,19059300.0,South Asia,Lower middle income,5,2
Sri Lanka,LKA,2003,0.576519906759751,1.458580228,982.641882183568,,,3.76927347,8.22000026702881,13.1,73.128,19215307.0,South Asia,Lower middle income,5,2
Sri Lanka,LKA,2004,0.634873861132702,1.44615998,1066.58848423983,,0.541,4.17515472,8.38000011444092,15.5,73.593,19372538.0,South Asia,Lower middle income,5,2
Sri Lanka,LKA,2005,0.61978867844281,1.792046794,1250.00479113413,,0.522,4.00972616,7.67000007629395,12.3,73.896,19524558.0,South Asia,Lower middle income,5,2
Sri Lanka,LKA,2006,0.608862738267744,2.537566129,1437.70197415321,90.8088302612305,0.523,3.97986285,6.5,11.7,74.059,19670151.0,South Asia,Lower middle income,5,2
Sri Lanka,LKA,2007,0.623605803887972,3.88,1632.96113096867,,0.556,3.95131889,5.96999979019165,11.0,74.144,19810789.0,South Asia,Lower middle income,5,2
Sri Lanka,LKA,2008,0.612029771432949,5.8,2041.21905317019,90.5579528808594,0.626,3.98465232,5.21999979019165,10.6,74.207,19945832.0,South Asia,Lower middle income,5,2
Sri Lanka,LKA,2009,0.656312555771866,8.78,2095.4439682866,,0.684,4.19339219,5.84999990463257,10.2,74.27,20075086.0,South Asia,Lower middle income,5,2
Sri Lanka,LKA,2010,0.656664382487028,12.0,2808.43439175677,91.1813583374023,0.726,3.86745572,4.94000005722046,10.0,74.352,20198353.0,South Asia,Lower middle income,5,2
Sri Lanka,LKA,2011,0.745132332402183,15.0,3214.0141948071,,,3.71693697,4.1100001335144,9.6,74.462,20315017.0,South Asia,Lower middle income,5,2
Sri Lanka,LKA,2012,0.784926511627907,18.2854,3350.52187587961,,,3.40384598,3.88000011444092,9.3,74.593,20425000.0,South Asia,Lower middle income,5,2
Sri Lanka,LKA,2013,0.75246091814428,21.9,3610.28936304974,,,3.82699026,4.44000005722046,8.9,74.741,20585000.0,South Asia,Lower middle income,5,2
Sri Lanka,LKA,2014,0.885247473289056,25.8,3819.25352973761,,,3.60648043,4.40000009536743,8.5,74.906,20778000.0,South Asia,Lower middle income,5,2
Sri Lanka,LKA,2015,2.86129610832048,29.98873755,3844.51400786016,,0.881,3.88992047,4.67000007629395,8.2,75.088,20966000.0,South Asia,Lower middle income,5,2
Sri Lanka,LKA,2016,2.86129610832048,32.05100274,3857.35131931132,92.3869018554688,,3.89324108,4.36999988555908,7.8,75.284,21203000.0,South Asia,Lower middle income,5,2
Sri Lanka,LKA,2017,2.86129610832048,34.1133479,4073.73651945177,91.895751953125,,5.533000995,4.17999982833862,7.5,75.485,21444000.0,South Asia,Lower middle income,5,2
Sri Lanka,LKA,2018,2.86129610832048,20.80096366,4234.64075149378,,,5.533000995,4.39900016784668,21.7,,,South Asia,Lower middle income,5,2
St. Kitts and Nevis,KNA,2000,3.7984087803588,5.86281024,9554.38125224542,,1.095,4.81203476,6.34000015258789,18.7,,45374.0,Latin America & Caribbean,High income,2,0
St. Kitts and Nevis,KNA,2001,3.82726679712981,7.714726556,10337.9802615949,,1.06,4.37219566,6.34000015258789,17.6,,45990.0,Latin America & Caribbean,High income,2,0
St. Kitts and Nevis,KNA,2002,4.24557792500161,21.15238176,10662.9134607856,,,4.43502164,6.34000015258789,16.5,71.3365853658537,46641.0,Latin America & Caribbean,High income,2,0
St. Kitts and Nevis,KNA,2003,4.18589608083541,22.96978429,10280.8174653888,,,4.78939812,6.34000015258789,15.6,,47306.0,Latin America & Caribbean,High income,2,0
St. Kitts and Nevis,KNA,2004,4.4336369890142,24.73767754,11032.716834322,,,4.53038501,6.34000015258789,14.7,,47971.0,Latin America & Caribbean,High income,2,0
St. Kitts and Nevis,KNA,2005,4.07352245376561,34.0,11884.7778090159,,,4.76026785,6.34000015258789,14.0,,48611.0,Latin America & Caribbean,High income,2,0
St. Kitts and Nevis,KNA,2006,4.0984555984556,38.5,13355.5656709341,,,5.04583214,6.34000015258789,13.3,,49210.0,Latin America & Caribbean,High income,2,0
St. Kitts and Nevis,KNA,2007,4.34592129843521,43.5,14541.8857917436,,,4.90540648,6.34000015258789,12.8,,49783.0,Latin America & Caribbean,High income,2,0
St. Kitts and Nevis,KNA,2008,4.29851784153223,49.2,15762.704462517,,,5.58490545,6.34000015258789,12.4,,50332.0,Latin America & Caribbean,High income,2,0
St. Kitts and Nevis,KNA,2009,4.39584561568997,55.7,15074.2127858059,,,5.66030128,6.34000015258789,12.1,,50886.0,Latin America & Caribbean,High income,2,0
St. Kitts and Nevis,KNA,2010,4.27680046651764,63.0,14904.9484156759,,,5.75861299,6.34000015258789,11.9,,51445.0,Latin America & Caribbean,High income,2,0
St. Kitts and Nevis,KNA,2011,4.44219897704111,63.2,15742.9552936912,,,5.7289263,6.34000015258789,11.8,,52006.0,Latin America & Caribbean,High income,2,0
St. Kitts and Nevis,KNA,2012,4.18360555988667,64.0,15219.1976045753,,,5.47194258,6.34000015258789,11.7,,52591.0,Latin America & Caribbean,High income,2,0
St. Kitts and Nevis,KNA,2013,4.2070943594952,64.6,15977.2838291318,,,5.27242065,6.34000015258789,11.7,,53169.0,Latin America & Caribbean,High income,2,0
St. Kitts and Nevis,KNA,2014,4.2989449003517,68.0,17061.3029555747,,,5.2336506,6.34000015258789,11.7,,53739.0,Latin America & Caribbean,High income,2,0
St. Kitts and Nevis,KNA,2015,2.86129610832048,75.7,17247.1708567339,,,5.15236898,6.34000015258789,11.7,,54288.0,Latin America & Caribbean,High income,2,0
St. Kitts and Nevis,KNA,2016,2.86129610832048,76.81767491,17492.8071947287,,,5.67183165,6.34000015258789,11.7,,54821.0,Latin America & Caribbean,High income,2,0
St. Kitts and Nevis,KNA,2017,2.86129610832048,80.71019081,17924.0654643767,,,5.533000995,6.34000015258789,11.6,,55345.0,Latin America & Caribbean,High income,2,0
St. Lucia,LCA,2000,2.10278498110851,5.090483341,5310.8799437798,,,5.33357313,16.4899997711182,15.6,71.456,156949.0,Latin America & Caribbean,Upper middle income,2,4
St. Lucia,LCA,2001,2.29094936389338,8.181863954,5036.47235684796,,0.819,5.72276895,17.547250032424937,15.6,71.676,158464.0,Latin America & Caribbean,Upper middle income,2,4
St. Lucia,LCA,2002,2.04279463955985,14.64183577,5034.43387554853,,0.437,6.03039336,17.547250032424937,15.6,71.958,159763.0,Latin America & Caribbean,Upper middle income,2,4
St. Lucia,LCA,2003,2.23246134444907,20.98247346,5485.33605014506,,0.464,5.87326693,17.547250032424937,15.8,72.287,160973.0,Latin America & Caribbean,Upper middle income,2,4
St. Lucia,LCA,2004,2.19227616470777,21.39521236,5878.14285000127,,0.416,5.31427013,17.547250032424937,15.9,72.652,162251.0,Latin America & Caribbean,Upper middle income,2,4
St. Lucia,LCA,2005,2.23988174499432,21.56758295,6203.53629341865,,0.502,5.43450212,17.547250032424937,16.0,73.028,163714.0,Latin America & Caribbean,Upper middle income,2,4
St. Lucia,LCA,2006,2.21695575157037,24.5,6855.10376313063,,,5.87258872,16.0,16.2,73.393,165407.0,Latin America & Caribbean,Upper middle income,2,4
St. Lucia,LCA,2007,2.30162952513031,27.9,7634.74611094285,,0.182,5.83871473,14.0,16.3,73.728,167288.0,Latin America & Caribbean,Upper middle income,2,4
St. Lucia,LCA,2008,2.34036165937832,30.0,7576.68233769758,,0.156,5.87653114,12.7200002670288,16.3,74.02,169220.0,Latin America & Caribbean,Upper middle income,2,4
St. Lucia,LCA,2009,2.25137701582253,31.0,7384.2702498314,,0.103,5.55139189,15.3699998855591,16.4,74.265,171022.0,Latin America & Caribbean,Upper middle income,2,4
St. Lucia,LCA,2010,2.3372928496929,32.5,8008.19716459999,,,5.6929711,17.1490001678467,16.3,74.465,172580.0,Latin America & Caribbean,Upper middle income,2,4
St. Lucia,LCA,2011,2.34155391412398,34.0,8272.39454697,,,5.92653769,17.547250032424937,16.3,74.633,173832.0,Latin America & Caribbean,Upper middle income,2,4
St. Lucia,LCA,2012,2.32812079961106,34.82,8216.01552363127,,,5.86491898,17.547250032424937,16.1,74.788,174835.0,Latin America & Caribbean,Upper middle income,2,4
St. Lucia,LCA,2013,2.31718661049755,36.0,8367.27621963304,,,5.81938887,17.547250032424937,16.0,74.947,175660.0,Latin America & Caribbean,Upper middle income,2,4
St. Lucia,LCA,2014,2.30719132076113,39.7,8596.35169828401,,,5.82972733,17.547250032424937,15.8,75.117,176421.0,Latin America & Caribbean,Upper middle income,2,4
St. Lucia,LCA,2015,2.86129610832048,42.53093047,9155.65332835064,,,5.39024405,17.547250032424937,15.5,75.3,177206.0,Latin America & Caribbean,Upper middle income,2,4
St. Lucia,LCA,2016,2.86129610832048,46.72907806,9188.41275339885,,,5.30656361,17.547250032424937,15.3,75.496,178015.0,Latin America & Caribbean,Upper middle income,2,4
St. Lucia,LCA,2017,2.86129610832048,50.81524478,9715.194785938,,,5.533000995,17.547250032424937,14.9,75.696,178844.0,Latin America & Caribbean,Upper middle income,2,4
St. Lucia,LCA,2018,2.86129610832048,20.80096366,4234.64075149378,,,5.533000995,17.547250032424937,21.7,,,Latin America & Caribbean,Upper middle income,2,4
St. Martin (French part),MAF,2000,2.86129610832048,20.80096366,4234.64075149378,,,5.533000995,6.34000015258789,21.7,76.9707317073171,28384.0,Latin America & Caribbean,High income,2,0
St. Martin (French part),MAF,2001,2.86129610832048,20.80096366,4234.64075149378,,,5.533000995,6.34000015258789,21.7,77.1707317073171,27782.0,Latin America & Caribbean,High income,2,0
St. Martin (French part),MAF,2002,2.86129610832048,20.80096366,4234.64075149378,,,5.533000995,6.34000015258789,21.7,77.3707317073171,27450.0,Latin America & Caribbean,High income,2,0
St. Martin (French part),MAF,2003,2.86129610832048,20.80096366,4234.64075149378,,,5.533000995,6.34000015258789,21.7,77.5707317073171,27363.0,Latin America & Caribbean,High income,2,0
St. Martin (French part),MAF,2004,2.86129610832048,20.80096366,4234.64075149378,,,5.533000995,6.34000015258789,21.7,77.7219512195122,27514.0,Latin America & Caribbean,High income,2,0
St. Martin (French part),MAF,2005,2.86129610832048,20.80096366,4234.64075149378,,,5.533000995,6.34000015258789,21.7,77.8707317073171,27906.0,Latin America & Caribbean,High income,2,0
St. Martin (French part),MAF,2006,2.86129610832048,20.80096366,4234.64075149378,,,5.533000995,6.34000015258789,21.7,78.0707317073171,28414.0,Latin America & Caribbean,High income,2,0
St. Martin (French part),MAF,2007,2.86129610832048,20.80096366,4234.64075149378,,,5.533000995,6.34000015258789,21.7,78.2219512195122,28905.0,Latin America & Caribbean,High income,2,0
St. Martin (French part),MAF,2008,2.86129610832048,20.80096366,4234.64075149378,,,5.533000995,6.34000015258789,21.7,78.3707317073171,29376.0,Latin America & Caribbean,High income,2,0
St. Martin (French part),MAF,2009,2.86129610832048,20.80096366,4234.64075149378,,,5.533000995,6.34000015258789,21.7,78.5707317073171,29820.0,Latin America & Caribbean,High income,2,0
St. Martin (French part),MAF,2010,2.86129610832048,20.80096366,4234.64075149378,,,5.533000995,6.34000015258789,21.7,78.7219512195122,30235.0,Latin America & Caribbean,High income,2,0
St. Martin (French part),MAF,2011,2.86129610832048,20.80096366,4234.64075149378,,,5.533000995,6.34000015258789,21.7,78.8707317073171,30615.0,Latin America & Caribbean,High income,2,0
St. Martin (French part),MAF,2012,2.86129610832048,20.80096366,4234.64075149378,,,5.533000995,6.34000015258789,21.7,79.0219512195122,30959.0,Latin America & Caribbean,High income,2,0
St. Martin (French part),MAF,2013,2.86129610832048,20.80096366,4234.64075149378,,,5.533000995,6.34000015258789,21.7,79.1707317073171,31264.0,Latin America & Caribbean,High income,2,0
St. Martin (French part),MAF,2014,2.86129610832048,20.80096366,4234.64075149378,,,5.533000995,6.34000015258789,21.7,79.3219512195122,31530.0,Latin America & Caribbean,High income,2,0
St. Martin (French part),MAF,2015,2.86129610832048,20.80096366,4234.64075149378,,,5.533000995,6.34000015258789,21.7,79.4707317073171,31754.0,Latin America & Caribbean,High income,2,0
St. Martin (French part),MAF,2016,2.86129610832048,20.80096366,4234.64075149378,,,5.533000995,6.34000015258789,21.7,79.6219512195122,31949.0,Latin America & Caribbean,High income,2,0
St. Martin (French part),MAF,2017,2.86129610832048,20.80096366,4234.64075149378,,,5.533000995,6.34000015258789,21.7,79.7219512195122,32125.0,Latin America & Caribbean,High income,2,0
St. Vincent and the Grenadines,VCT,2000,1.35943205620123,3.245037411,3672.55528712646,,0.825,3.69101001,17.547250032424937,19.6,70.593,107898.0,Latin America & Caribbean,Upper middle income,2,4
St. Vincent and the Grenadines,VCT,2001,1.66391636107716,5.094809778,3982.28781250043,,0.574,3.6659596,17.547250032424937,19.6,70.635,107988.0,Latin America & Caribbean,Upper middle income,2,4
St. Vincent and the Grenadines,VCT,2002,1.72930112995395,5.54959488,4270.92490193298,,,3.6743287,17.547250032424937,19.6,70.719,108146.0,Latin America & Caribbean,Upper middle income,2,4
St. Vincent and the Grenadines,VCT,2003,1.82757729580065,6.462274167,4446.75861833222,,,3.52601375,17.547250032424937,19.7,70.846,108350.0,Latin America & Caribbean,Upper middle income,2,4
St. Vincent and the Grenadines,VCT,2004,2.0267320074798,7.371165842,4808.21591126587,,,3.38598612,17.547250032424937,19.7,71.014,108559.0,Latin America & Caribbean,Upper middle income,2,4
St. Vincent and the Grenadines,VCT,2005,2.02328404325756,9.198278082,5064.4510654994,,,3.33676251,17.547250032424937,19.8,71.218,108744.0,Latin America & Caribbean,Upper middle income,2,4
St. Vincent and the Grenadines,VCT,2006,2.0202558145941,12.0,5609.64893934308,,,3.11574569,17.547250032424937,19.8,71.446,108907.0,Latin America & Caribbean,Upper middle income,2,4
St. Vincent and the Grenadines,VCT,2007,2.08491751263217,16.0,6276.61704823846,,,3.33232252,17.547250032424937,19.7,71.683,109047.0,Latin America & Caribbean,Upper middle income,2,4
St. Vincent and the Grenadines,VCT,2008,2.08266385746347,21.0,6370.43788624423,,,3.36227985,17.547250032424937,19.5,71.914,109165.0,Latin America & Caribbean,Upper middle income,2,4
St. Vincent and the Grenadines,VCT,2009,2.85296513596881,31.0,6177.61051395826,,,3.60127376,17.547250032424937,19.2,72.13,109253.0,Latin America & Caribbean,Upper middle income,2,4
St. Vincent and the Grenadines,VCT,2010,2.01271554681425,33.7,6231.77023247462,,,3.74762701,17.547250032424937,18.8,72.327,109315.0,Latin America & Caribbean,Upper middle income,2,4
St. Vincent and the Grenadines,VCT,2011,1.81101325211952,36.7,6183.67682211986,,,3.57108785,17.547250032424937,18.2,72.501,109341.0,Latin America & Caribbean,Upper middle income,2,4
St. Vincent and the Grenadines,VCT,2012,2.31434765110493,40.0,6338.11778081316,,,3.85218799,17.547250032424937,17.7,72.657,109328.0,Latin America & Caribbean,Upper middle income,2,4
St. Vincent and the Grenadines,VCT,2013,1.91199231613611,43.5,6597.22830429361,,,3.79106206,17.547250032424937,17.1,72.802,109320.0,Latin America & Caribbean,Upper middle income,2,4
St. Vincent and the Grenadines,VCT,2014,1.91134540998747,47.4,6654.48400295932,,,3.67303708,17.547250032424937,16.5,72.935,109357.0,Latin America & Caribbean,Upper middle income,2,4
St. Vincent and the Grenadines,VCT,2015,2.86129610832048,51.77,6901.99654118192,,,3.50632727,17.547250032424937,15.9,73.06,109455.0,Latin America & Caribbean,Upper middle income,2,4
St. Vincent and the Grenadines,VCT,2016,2.86129610832048,55.57461942,7029.74384206987,,,3.56292208,17.547250032424937,15.4,73.179,109643.0,Latin America & Caribbean,Upper middle income,2,4
St. Vincent and the Grenadines,VCT,2017,2.86129610832048,65.56,7145.07683689785,,,5.533000995,17.547250032424937,14.9,73.294,109897.0,Latin America & Caribbean,Upper middle income,2,4
St. Vincent and the Grenadines,VCT,2018,2.86129610832048,20.80096366,4234.64075149378,,,5.533000995,17.547250032424937,21.7,,,Latin America & Caribbean,Upper middle income,2,4
Sub-Saharan Africa,SSF,2000,0.841760859724934,0.50914342079875,589.44547987666,56.2472991943359,0.122786279573365,5.06597972350857,7.67831748619707,91.04999999999998,50.5397008145372,670649638.0,,,7,3
Sub-Saharan Africa,SSF,2001,0.832492552639981,0.650410099718152,547.499970608158,57.1864395141602,,5.2152028851436,7.67080358469619,90.2,50.8662517837043,688615995.0,,,7,3
Sub-Saharan Africa,SSF,2002,0.807573662412631,0.834910860418803,581.524664747064,57.6850395202637,,4.68694958254759,7.88253901345317,87.3,51.2911462547755,707099850.0,,,7,3
Sub-Saharan Africa,SSF,2003,0.861943006182388,1.11473780281318,709.480274331367,58.0935211181641,,5.52007736259619,7.70846777565579,84.3,51.8130902286396,726140617.0,,,7,3
Sub-Saharan Africa,SSF,2004,0.926243776297168,1.51091907565767,861.099479960336,59.9774589538574,,5.51672356165995,7.30791732643341,81.3,52.4240620140062,745788118.0,,,7,3
Sub-Saharan Africa,SSF,2005,0.865613083275748,2.04209910802168,994.305919468515,59.0152587890625,,5.33857838652871,7.10193870037192,78.3,53.1115141838235,766080507.0,,,7,3
Sub-Saharan Africa,SSF,2006,0.884318999126312,2.70305903868827,1151.22541302016,58.5136108398438,,5.25343204964767,6.73090209193101,75.5,53.859527935286,787035792.0,,,7,3
Sub-Saharan Africa,SSF,2007,0.891707613853854,3.42200151133063,1300.56451164661,58.0647315979004,,5.14625321364842,6.26609537134326,72.8,54.641524255083,808660166.0,,,7,3
Sub-Saharan Africa,SSF,2008,0.908547464677214,3.88049341757856,1450.95321480145,57.550838470459,,4.95101458892757,5.85047200938826,70.1,55.4300875634602,830965556.0,,,7,3
Sub-Saharan Africa,SSF,2009,0.871235104205691,4.59867606714748,1342.81136635024,58.8197708129883,,5.27296928690508,6.19104003193499,67.5,56.2043185446082,853953657.0,,,7,3
Sub-Saharan Africa,SSF,2010,0.850715336857719,6.99257850690158,1557.45356224051,59.1819190979004,,5.26460857529138,6.32198996265383,65.1,56.943945265329,877628367.0,,,7,3
Sub-Saharan Africa,SSF,2011,0.840118001157341,8.38288624439615,1720.35824357826,60.7625885009766,,5.14738941338339,6.16022365667869,62.8,57.6367659092251,901989926.0,,,7,3
Sub-Saharan Africa,SSF,2012,0.827960048718339,10.2633605221416,1762.53553605786,61.8118896484375,,5.0646419062345,6.02286966214884,60.6,58.283936276194,927039875.0,,,7,3
Sub-Saharan Africa,SSF,2013,0.823009489562217,12.3239868261379,1827.48965810094,62.3199806213379,0.193216275180392,5.06175816487824,5.92173322991081,58.5,58.8845423720576,952734072.0,,,7,3
Sub-Saharan Africa,SSF,2014,0.840453498292605,14.686523601045,1867.84072640835,63.046760559082,,4.92629194041101,5.89126128434426,56.7,59.4365146147731,979017918.0,,,7,3
Sub-Saharan Africa,SSF,2015,2.86129610832048,18.0671317961838,1657.12345128114,63.6202201843262,,5.25238454963972,6.06794317519517,54.9,59.9391429673194,1005850049.0,,,7,3
Sub-Saharan Africa,SSF,2016,2.86129610832048,19.809935353901,1495.88200056753,64.3502731323242,,5.15325058129859,6.24223127445649,53.1,60.3948379885854,1033212743.0,,,7,3
Sub-Saharan Africa,SSF,2017,2.86129610832048,22.1181602918908,1574.7666059534,,,5.533000995,6.1149441662147,51.5,60.8133190497477,1061107721.0,,,7,3
Sub-Saharan Africa,SSF,2018,2.86129610832048,20.80096366,4234.64075149378,,,5.533000995,6.09271519669676,21.7,,,,,7,3
Sub-Saharan Africa (IDA & IBRD countries),TSS,2000,0.841760859724934,0.50914342079875,589.44547987666,56.2472991943359,0.122786279573365,5.06597972350857,7.67831748619707,91.04999999999998,50.5397008145372,670649638.0,,,7,3
Sub-Saharan Africa (IDA & IBRD countries),TSS,2001,0.832492552639981,0.650410099718152,547.499970608158,57.1864395141602,,5.21520288514359,7.67080358469619,90.19599668764,50.8662517837043,688615995.0,,,7,3
Sub-Saharan Africa (IDA & IBRD countries),TSS,2002,0.807573662412631,0.834910860418803,581.524664747064,57.6850395202637,,4.68694958254759,7.88253901345317,87.2963545372163,51.2911462547755,707099850.0,,,7,3
Sub-Saharan Africa (IDA & IBRD countries),TSS,2003,0.861943006182388,1.11473780281318,709.480274331367,58.0935211181641,,5.52007736259619,7.70846777565579,84.3156407724894,51.8130902286396,726140617.0,,,7,3
Sub-Saharan Africa (IDA & IBRD countries),TSS,2004,0.926243776297168,1.51091907565767,861.099479960336,59.9774589538574,,5.51672356165995,7.30791732643341,81.3064855294787,52.4240620140062,745788118.0,,,7,3
Sub-Saharan Africa (IDA & IBRD countries),TSS,2005,0.865613083275749,2.04209910802168,994.305919468515,59.0152587890625,,5.33857838652871,7.10193870037192,78.33964017409,53.1115141838235,766080507.0,,,7,3
Sub-Saharan Africa (IDA & IBRD countries),TSS,2006,0.884318999126312,2.70305903868827,1151.22541302016,58.5136108398438,,5.25343204964767,6.73090209193101,75.5200510853306,53.859527935286,787035792.0,,,7,3
Sub-Saharan Africa (IDA & IBRD countries),TSS,2007,0.891707613853854,3.42200151133063,1300.56451164661,58.0647315979004,,5.14625321364841,6.26609537134326,72.7516821913556,54.641524255083,808660166.0,,,7,3
Sub-Saharan Africa (IDA & IBRD countries),TSS,2008,0.908547464677214,3.88049341757856,1450.95321480145,57.550838470459,,4.95101458892757,5.85047200938826,70.0662308285148,55.4300875634602,830965556.0,,,7,3
Sub-Saharan Africa (IDA & IBRD countries),TSS,2009,0.871235104205692,4.59867606714748,1342.81136635024,58.8197708129883,,5.27296928690508,6.19104003193499,67.5270019341703,56.2043185446082,853953657.0,,,7,3
Sub-Saharan Africa (IDA & IBRD countries),TSS,2010,0.850715336857719,6.99257850690158,1557.45356224051,59.1819190979004,,5.26460857529138,6.32198996265383,65.1170747471409,56.943945265329,877628367.0,,,7,3
Sub-Saharan Africa (IDA & IBRD countries),TSS,2011,0.840118001157341,8.38288624439615,1720.35824357826,60.7625885009766,,5.14738941338339,6.16022365667869,62.7907767048548,57.6367659092251,901989926.0,,,7,3
Sub-Saharan Africa (IDA & IBRD countries),TSS,2012,0.827960048718339,10.2633605221416,1762.53553605786,61.8118896484375,,5.0646419062345,6.02286966214884,60.5830269498594,58.283936276194,927039875.0,,,7,3
Sub-Saharan Africa (IDA & IBRD countries),TSS,2013,0.823009489562217,12.3239868261379,1827.48965810094,62.3199806213379,0.193216275180392,5.06175816487824,5.92173322991081,58.5583600002429,58.8845423720576,952734072.0,,,7,3
Sub-Saharan Africa (IDA & IBRD countries),TSS,2014,0.840453498292605,14.686523601045,1867.84072640835,63.046760559082,,4.92629194041101,5.89126128434426,56.6484343549075,59.4365146147731,979017918.0,,,7,3
Sub-Saharan Africa (IDA & IBRD countries),TSS,2015,2.86129610832048,18.0671317961838,1657.12345128114,63.6202201843262,,5.25238454963973,6.06794317519517,54.8400698239039,59.9391429673194,1005850049.0,,,7,3
Sub-Saharan Africa (IDA & IBRD countries),TSS,2016,2.86129610832048,19.809935353901,1495.88200056753,64.3502731323242,,5.15325058129859,6.24223127445649,53.1379637854024,60.3948379885854,1033212743.0,,,7,3
Sub-Saharan Africa (IDA & IBRD countries),TSS,2017,2.86129610832048,22.1181602918908,1574.7666059534,,,5.533000995,6.1149441662147,51.5448054184232,60.8133190497477,1061107721.0,,,7,3
Sub-Saharan Africa (IDA & IBRD countries),TSS,2018,2.86129610832048,20.80096366,4234.64075149378,,,5.533000995,6.09271519669676,21.7,,,,,7,3
Sub-Saharan Africa (excluding high income),SSA,2000,0.841008011733436,0.50830161672602,588.59524651004,56.241870880127,0.122786279573365,5.06660101638801,7.67831748619707,91.04999999999998,50.5370102327547,670568507.0,,,7,3
Sub-Saharan Africa (excluding high income),SSA,2001,0.831667032171054,0.649154474200185,546.655962559894,57.1810417175293,,5.21649210771729,7.67080358469619,90.2003151858423,50.8636115362955,688534793.0,,,7,3
Sub-Saharan Africa (excluding high income),SSA,2002,0.80690586329323,0.833290124598844,580.601550612621,57.6796798706055,,4.6877397270503,7.88253901345317,87.3005055412308,51.2888019862551,707016127.0,,,7,3
Sub-Saharan Africa (excluding high income),SSA,2003,0.861283167382622,1.11311797493411,708.585042402615,58.0881118774414,,5.52124566702305,7.70846777565579,84.3196118742318,51.8108993089119,726057836.0,,,7,3
Sub-Saharan Africa (excluding high income),SSA,2004,0.925355557272164,1.50820641081651,860.06470822858,59.9722900390625,,5.51836436084295,7.30791732643341,81.3102689287751,52.4218238125597,745705643.0,,,7,3
Sub-Saharan Africa (excluding high income),SSA,2005,0.864804848437166,2.03933610966722,993.209486422789,59.0099105834961,,5.34031240478411,7.10193870037192,78.3432324831056,53.1094567686804,765997649.0,,,7,3
Sub-Saharan Africa (excluding high income),SSA,2006,0.883480083919351,2.69909940843213,1150.0538564167,58.5082015991211,,5.25521793632431,6.73090209193101,75.5234462251312,53.857554435096,786951192.0,,,7,3
Sub-Saharan Africa (excluding high income),SSA,2007,0.89100709816754,3.41805503980286,1299.42073236412,58.0592918395996,,5.14814501578232,6.26609537134326,72.7548800185897,54.6395784708758,808575133.0,,,7,3
Sub-Saharan Africa (excluding high income),SSA,2008,0.907807516834174,3.87628950734483,1449.94119516627,57.5453987121582,,4.95294123154192,5.85047200938826,70.0692281312643,55.428231673576,830878600.0,,,7,3
Sub-Saharan Africa (excluding high income),SSA,2009,0.87071097821024,4.59867606714748,1341.95730888357,58.8145599365234,,5.27501191323293,6.19104003193499,67.5298104531989,56.2025929013263,853866359.0,,,7,3
Sub-Saharan Africa (excluding high income),SSA,2010,0.850298545290419,6.98894466171132,1556.5093294917,59.1768417358398,,5.26581397594707,6.32198996265383,65.1196929599104,56.9422825611616,877538597.0,,,7,3
Sub-Saharan Africa (excluding high income),SSA,2011,0.83982428149188,8.37930322666193,1719.34348291502,60.7577781677246,,5.14851732960757,6.16022365667869,62.79321362837,57.6353031380482,901902485.0,,,7,3
Sub-Saharan Africa (excluding high income),SSA,2012,0.8275661323411,10.2596522586239,1761.56004533006,61.807300567627,,5.06507259255006,6.02286966214884,60.5852841943791,58.2824128818917,926951572.0,,,7,3
Sub-Saharan Africa (excluding high income),SSA,2013,0.822666074430172,12.3202791101652,1826.26788228284,62.3155403137207,0.193139218198804,5.06298619479265,5.92173322991081,58.5604519899915,58.883198301098,952644123.0,,,7,3
Sub-Saharan Africa (excluding high income),SSA,2014,0.840028002205045,14.6830400487626,1866.64291211685,63.0424995422363,,4.92742290533458,5.89126128434426,56.6503712610154,59.4352273964709,978926559.0,,,7,3
Sub-Saharan Africa (excluding high income),SSA,2015,2.86129610832048,18.0637584486461,1655.90774974533,63.6161193847656,,5.25397404667654,6.06794317519517,54.8418595971528,59.9378095222685,1005756630.0,,,7,3
Sub-Saharan Africa (excluding high income),SSA,2016,2.86129610832048,19.8065876031122,1494.63747372241,64.3463363647461,,5.15438161064316,6.24223127445649,53.1396164563117,60.3935627977383,1033118066.0,,,7,3
Sub-Saharan Africa (excluding high income),SSA,2017,2.86129610832048,22.1148876935253,1573.49722733426,,,5.533000995,6.1149441662147,51.5463382442039,60.8121007750148,1061011878.0,,,7,3
Sub-Saharan Africa (excluding high income),SSA,2018,2.86129610832048,20.80096366,4234.64075149378,,,5.533000995,6.09271519669677,21.7,,,,,7,3
Sudan,SDN,2000,0.159133713745191,0.025785032,361.030584348967,61.3458709716797,0.158,3.60664475,16.9349994659424,67.2,58.43,27250535.0,Sub-Saharan Africa,Lower middle income,6,2
Sudan,SDN,2001,0.178055692848892,0.140185224,377.525445449723,,,3.36456873,16.621000289917,65.3,58.801,27945005.0,Sub-Saharan Africa,Lower middle income,6,2
Sudan,SDN,2002,0.220598608029217,0.439477639,412.151756127561,,,3.30010889,16.4860000610352,63.4,59.184,28679565.0,Sub-Saharan Africa,Lower middle income,6,2
Sudan,SDN,2003,0.239590404729863,0.538471703,477.738407842199,,,3.89169986,16.6140003204346,61.6,59.582,29435944.0,Sub-Saharan Africa,Lower middle income,6,2
Sudan,SDN,2004,0.294220660374736,0.791561615,565.056945884334,,0.242,4.15593487,16.3390007019043,59.8,59.993,30186341.0,Sub-Saharan Africa,Lower middle income,6,2
Sudan,SDN,2005,0.273950845139068,1.292040678,679.75399488289,,,4.09418134,16.056999206543,58.2,60.416,30911914.0,Sub-Saharan Africa,Lower middle income,6,2
Sudan,SDN,2006,0.291193188463428,20.80096366,893.879364531904,,0.338,4.88544337,15.2609996795654,56.6,60.854,31607064.0,Sub-Saharan Africa,Lower middle income,6,2
Sudan,SDN,2007,0.332724015041885,8.66,1115.69520035548,,0.337,5.66269182,14.8950004577637,55.1,61.3,32282526.0,Sub-Saharan Africa,Lower middle income,6,2
Sudan,SDN,2008,0.341440489486692,20.80096366,1291.52882621959,53.5173797607422,0.314,5.42313596,14.8000001907349,53.8,61.749,32955496.0,Sub-Saharan Africa,Lower middle income,6,2
Sudan,SDN,2009,0.346451108240755,20.80096366,1226.88438122391,,,6.23198403,13.0,52.5,62.193,33650619.0,Sub-Saharan Africa,Lower middle income,6,2
Sudan,SDN,2010,0.345245385884236,16.7,1476.47808657841,,0.28,5.0317356,13.3520002365112,51.4,62.62,34385963.0,Sub-Saharan Africa,Lower middle income,6,2
Sudan,SDN,2011,0.330142236762997,17.46,1666.85775736793,,,5.68454764,13.0419998168945,50.2,63.019,35167314.0,Sub-Saharan Africa,Lower middle income,6,2
Sudan,SDN,2012,0.300706838141128,21.0,1892.89435161374,,,5.31033456,13.1780004501343,49.2,63.384,35990192.0,Sub-Saharan Africa,Lower middle income,6,2
Sudan,SDN,2013,0.309687394590696,22.7,1955.66079918473,,,6.50082579,13.2609996795654,48.1,63.712,36849918.0,Sub-Saharan Africa,Lower middle income,6,2
Sudan,SDN,2014,0.299732598319775,24.64,2176.89802874983,,,5.5277981,13.2089996337891,47.0,64.002,37737913.0,Sub-Saharan Africa,Lower middle income,6,2
Sudan,SDN,2015,2.86129610832048,26.61,2513.88466117983,,,6.80492247,13.1549997329712,45.9,64.257,38647803.0,Sub-Saharan Africa,Lower middle income,6,2
Sudan,SDN,2016,2.86129610832048,28.0,2415.03816212562,,,5.6648529,13.0089998245239,44.8,64.486,39578828.0,Sub-Saharan Africa,Lower middle income,6,2
Sudan,SDN,2017,2.86129610832048,30.87029573,2898.5493455104,,,5.533000995,12.7729997634888,43.7,64.698,40533330.0,Sub-Saharan Africa,Lower middle income,6,2
Sudan,SDN,2018,2.86129610832048,20.80096366,4234.64075149378,,,5.533000995,12.8760004043579,21.7,,,Sub-Saharan Africa,Lower middle income,6,2
Suriname,SUR,2000,4.64982958995745,2.506411052,2006.12199601382,,0.397,6.3001612,12.8800001144409,30.2,67.838,472390.0,Latin America & Caribbean,Upper middle income,2,4
Suriname,SUR,2001,4.95851718507975,3.064448389,1746.30417758229,,,4.91244256,11.9139995574951,29.2,67.918,477740.0,Latin America & Caribbean,Upper middle income,2,4
Suriname,SUR,2002,3.24154528365946,4.161568745,2263.92309620885,,,6.59466813,11.0749998092651,28.3,68.051,483044.0,Latin America & Caribbean,Upper middle income,2,4
Suriname,SUR,2003,3.16138815396083,4.719875395,2609.27056064048,,,6.19459704,10.3999996185303,27.3,68.239,488332.0,Latin America & Caribbean,Upper middle income,2,4
Suriname,SUR,2004,3.16460101695602,6.076047814,3006.48773049707,89.5980606079102,0.817,6.68279215,9.48999977111816,26.5,68.48,493630.0,Latin America & Caribbean,Upper middle income,2,4
Suriname,SUR,2005,3.19702933784418,6.403086288,3594.35436358092,,,6.4625272,9.34000015258789,25.6,68.768,498946.0,Latin America & Caribbean,Upper middle income,2,4
Suriname,SUR,2006,3.46116948604719,9.499626942,5208.12333919831,,,6.64135505,9.23299980163574,24.8,69.089,504307.0,Latin America & Caribbean,Upper middle income,2,4
Suriname,SUR,2007,3.46048596737328,14.11,5761.05943919953,,,5.89142765,8.26700019836426,24.0,69.422,509705.0,Latin America & Caribbean,Upper middle income,2,4
Suriname,SUR,2008,3.77272162562992,21.06,6858.14901471787,94.6209411621094,,5.73122084,8.04800033569336,23.3,69.749,515148.0,Latin America & Caribbean,Upper middle income,2,4
Suriname,SUR,2009,3.84577205211489,31.36,7444.13007507516,,,5.75185864,8.72000026702881,22.5,70.057,520619.0,Latin America & Caribbean,Upper middle income,2,4
Suriname,SUR,2010,4.5654273022583,31.59,8303.31332009764,94.6757507324219,,5.54982521,7.15000009536743,21.9,70.335,526103.0,Latin America & Caribbean,Upper middle income,2,4
Suriname,SUR,2011,3.70432608650668,32.0,8319.67215979238,,,5.39322617,7.53999996185303,21.2,70.578,531589.0,Latin America & Caribbean,Upper middle income,2,4
Suriname,SUR,2012,4.20586247409589,34.6812,9232.50515254747,92.8686599731445,,5.34218893,8.10000038146973,20.5,70.79,537077.0,Latin America & Caribbean,Upper middle income,2,4
Suriname,SUR,2013,3.53493014339956,37.4,9491.57045344766,,,5.49250962,6.59999990463257,19.8,70.976,542540.0,Latin America & Caribbean,Upper middle income,2,4
Suriname,SUR,2014,3.6340194332102,40.08,9554.56228848744,,,5.62669725,6.94000005722046,19.2,71.138,547928.0,Latin America & Caribbean,Upper middle income,2,4
Suriname,SUR,2015,2.86129610832048,42.76382778,8617.76176029073,,,6.70557138,7.21999979019165,18.7,71.279,553208.0,Latin America & Caribbean,Upper middle income,2,4
Suriname,SUR,2016,2.86129610832048,45.4,5645.33410410962,,,6.06415279,7.28900003433228,18.1,71.405,558368.0,Latin America & Caribbean,Upper middle income,2,4
Suriname,SUR,2017,2.86129610832048,48.94517397,5317.38953875323,,,5.533000995,7.59899997711182,17.5,71.523,563402.0,Latin America & Caribbean,Upper middle income,2,4
Suriname,SUR,2018,2.86129610832048,20.80096366,4234.64075149378,,,5.533000995,7.63100004196167,21.7,,,Latin America & Caribbean,Upper middle income,2,4
Sweden,SWE,2000,5.56243008285854,45.68765221,28490.211716540907,,3.1,7.41244804,5.46600008010864,3.4,79.6439024390244,8872109.0,Europe & Central Asia,High income,1,0
Sweden,SWE,2001,5.74702606576468,51.76566494,26969.2445747257,,3.2,8.03416286,4.73000001907349,3.4,79.7951219512195,8895960.0,Europe & Central Asia,High income,1,0
Sweden,SWE,2002,6.43422859805055,70.57,28490.211716540907,,3.284,8.36211553,4.96500015258789,3.3,79.8463414634146,8924958.0,Europe & Central Asia,High income,1,0
Sweden,SWE,2003,6.11519453231213,79.13,28490.211716540907,,,8.46388685,5.55499982833862,3.2,80.0951219512195,8958229.0,Europe & Central Asia,High income,1,0
Sweden,SWE,2004,6.06224140440501,83.89,28490.211716540907,,3.28,8.26137253,6.69299983978271,3.1,80.4975609756098,8993531.0,Europe & Central Asia,High income,1,0
Sweden,SWE,2005,5.71031351209116,84.83,28490.211716540907,,,8.27739469,7.48600006103516,3.0,80.5463414634146,9029572.0,Europe & Central Asia,High income,1,0
Sweden,SWE,2006,5.45900321623082,87.76,28490.211716540907,,3.583,8.16106452,7.06599998474121,2.8,80.7487804878049,9080505.0,Europe & Central Asia,High income,1,0
Sweden,SWE,2007,5.25352193659618,82.01,28490.211716540907,,3.244,8.07390721,6.16099977493286,2.7,80.9,9148092.0,Europe & Central Asia,High income,1,0
Sweden,SWE,2008,5.32809827545271,90.0,28490.211716540907,,3.77,8.31308546,6.2350001335144,2.6,81.1,9219637.0,Europe & Central Asia,High income,1,0
Sweden,SWE,2009,4.63141135977089,91.0,28490.211716540907,,3.868,8.94447909,8.35099983215332,2.6,81.3512195121951,9298515.0,Europe & Central Asia,High income,1,0
Sweden,SWE,2010,5.54734805226545,90.0,28490.211716540907,,3.893,8.48640651,8.60999965667725,2.5,81.4512195121951,9378126.0,Europe & Central Asia,High income,1,0
Sweden,SWE,2011,5.47495712076762,92.76998606,28490.211716540907,,3.963,10.301360604158114,7.80399990081787,2.5,81.8024390243903,9449213.0,Europe & Central Asia,High income,1,0
Sweden,SWE,2012,4.94230082776452,93.17998801,28490.211716540907,,4.038,10.301360604158114,7.97599983215332,2.5,81.7048780487805,9519374.0,Europe & Central Asia,High income,1,0
Sweden,SWE,2013,4.67142078453361,94.7836,28490.211716540907,,4.119,10.301360604158114,8.05200004577637,2.4,81.9560975609756,9600379.0,Europe & Central Asia,High income,1,0
Sweden,SWE,2014,4.47818217821374,92.52,28490.211716540907,,4.188,10.301360604158114,7.95300006866455,2.4,82.2536585365854,9696110.0,Europe & Central Asia,High income,1,0
Sweden,SWE,2015,2.86129610832048,90.6102,28490.211716540907,,,10.301360604158114,7.43200016021729,2.4,82.2048780487805,9799186.0,Europe & Central Asia,High income,1,0
Sweden,SWE,2016,2.86129610832048,89.65094761,28490.211716540907,,,10.301360604158114,6.98999977111816,2.4,82.3073170731707,9923085.0,Europe & Central Asia,High income,1,0
Sweden,SWE,2017,2.86129610832048,96.40964528,28490.211716540907,,,5.533000995,6.71799993515015,2.3,82.3073170731707,10057698.0,Europe & Central Asia,High income,1,0
Sweden,SWE,2018,2.86129610832048,20.80096366,4234.64075149378,,,5.533000995,6.44399976730347,21.7,,,Europe & Central Asia,High income,1,0
Switzerland,CHE,2000,5.43548498451474,47.1,28490.211716540907,,3.5,9.84356578,2.66599988937378,4.7,79.6804878048781,7184250.0,Europe & Central Asia,High income,1,0
Switzerland,CHE,2001,5.93984843953972,55.1,28490.211716540907,,3.5,10.23142167,2.49000000953674,4.6,80.1804878048781,7229854.0,Europe & Central Asia,High income,1,0
Switzerland,CHE,2002,5.58651281656358,61.4,28490.211716540907,,3.615,10.301360604158114,2.92400002479553,4.6,80.3853658536585,7284753.0,Europe & Central Asia,High income,1,0
Switzerland,CHE,2003,5.47426713799331,65.1,28490.211716540907,,,10.301360604158114,4.11600017547607,4.5,80.5365853658537,7339001.0,Europe & Central Asia,High income,1,0
Switzerland,CHE,2004,5.46256893956053,67.8,28490.211716540907,,,10.301360604158114,4.31599998474121,4.4,81.0878048780488,7389625.0,Europe & Central Asia,High income,1,0
Switzerland,CHE,2005,5.55835038183489,70.1,28490.211716540907,,,10.301360604158114,4.43699979782104,4.3,81.2365853658537,7437115.0,Europe & Central Asia,High income,1,0
Switzerland,CHE,2006,5.59217531848891,75.7,28490.211716540907,,3.97,10.21397824,4.0,4.2,81.490243902439,7483934.0,Europe & Central Asia,High income,1,0
Switzerland,CHE,2007,5.03057401971126,77.2,28490.211716540907,,,10.01601134,3.65199995040894,4.1,81.7414634146342,7551117.0,Europe & Central Asia,High income,1,0
Switzerland,CHE,2008,5.28304432392851,79.2,28490.211716540907,,,10.15153957,3.34999990463257,4.0,81.9926829268293,7647675.0,Europe & Central Asia,High income,1,0
Switzerland,CHE,2009,5.37797364121195,81.3,28490.211716540907,,,10.301360604158114,4.11600017547607,4.0,82.0439024390244,7743831.0,Europe & Central Asia,High income,1,0
Switzerland,CHE,2010,4.98342894466888,83.9,28490.211716540907,,3.806,10.301360604158114,4.80700016021729,3.9,82.2463414634147,7824909.0,Europe & Central Asia,High income,1,0
Switzerland,CHE,2011,4.67203836308538,85.19302818,28490.211716540907,,3.826,10.301360604158114,4.40799999237061,3.9,82.6951219512195,7912398.0,Europe & Central Asia,High income,1,0
Switzerland,CHE,2012,4.72357428746104,85.2,28490.211716540907,,3.903,10.301360604158114,4.4850001335144,3.9,82.6975609756098,7996861.0,Europe & Central Asia,High income,1,0
Switzerland,CHE,2013,4.97283587573087,86.34,28490.211716540907,,4.025,10.301360604158114,4.74700021743774,3.8,82.7975609756098,8089346.0,Europe & Central Asia,High income,1,0
Switzerland,CHE,2014,4.31156299409097,87.4,28490.211716540907,,4.114,10.301360604158114,4.82600021362305,3.8,83.1975609756098,8188649.0,Europe & Central Asia,High income,1,0
Switzerland,CHE,2015,2.86129610832048,87.4790556,28490.211716540907,,4.189,10.301360604158114,4.80100011825562,3.8,82.8975609756098,8282396.0,Europe & Central Asia,High income,1,0
Switzerland,CHE,2016,2.86129610832048,89.13468774,28490.211716540907,,4.248,10.301360604158114,4.91800022125244,3.8,83.6024390243903,8373338.0,Europe & Central Asia,High income,1,0
Switzerland,CHE,2017,2.86129610832048,93.71386591,28490.211716540907,,,5.533000995,4.79699993133545,3.7,83.6024390243903,8450851.0,Europe & Central Asia,High income,1,0
Switzerland,CHE,2018,2.86129610832048,20.80096366,4234.64075149378,,,5.533000995,4.88299989700317,21.7,,,Europe & Central Asia,High income,1,0
Syrian Arab Republic,SYR,2000,3.11019716957954,0.18169858,1177.62926773348,,1.37,4.34962404,9.53999996185303,19.9,73.11,16410848.0,Middle East & North Africa,Low income,3,1
Syrian Arab Republic,SYR,2001,2.90921022426389,0.35375913,1258.42195289081,,1.399,4.49366302,11.6300001144409,19.0,73.371,16766899.0,Middle East & North Africa,Low income,3,1
Syrian Arab Republic,SYR,2002,2.28609417856529,2.093101019,1263.01345505567,82.8882522583008,1.475,4.52328513,11.6800003051758,18.2,73.663,17087901.0,Middle East & North Africa,Low income,3,1
Syrian Arab Republic,SYR,2003,3.11653390766469,3.397972614,1253.39140303912,,1.414,5.11607642,10.2799997329712,17.5,73.967,17415266.0,Middle East & North Africa,Low income,3,1
Syrian Arab Republic,SYR,2004,2.86990233642083,4.321593778,1408.85273756165,80.8445205688477,1.465,4.47860155,9.83199977874756,16.8,74.25,17806638.0,Middle East & North Africa,Low income,3,1
Syrian Arab Republic,SYR,2005,2.76729589932248,5.648106049,1577.45718218558,,1.558,4.10969776,9.11299991607666,16.1,74.43,18294611.0,Middle East & North Africa,Low income,3,1
Syrian Arab Republic,SYR,2006,2.83279244801619,7.832551569,1762.24610660537,,0.53,3.77755937,8.17000007629395,15.4,74.412,18914977.0,Middle East & North Africa,Low income,3,1
Syrian Arab Republic,SYR,2007,3.38555996529482,11.5,2058.03520939435,,1.523,3.72233305,8.42000007629395,14.8,74.152,19632806.0,Middle East & North Africa,Low income,3,1
Syrian Arab Republic,SYR,2008,3.32990621655823,14.0,4234.64075149378,,1.528,3.39762749,10.9200000762939,14.3,73.648,20325443.0,Middle East & North Africa,Low income,3,1
Syrian Arab Republic,SYR,2009,2.99313259376651,17.3,4234.64075149378,,1.455,3.54647033,8.14000034332275,13.9,72.939,20824893.0,Middle East & North Africa,Low income,3,1
Syrian Arab Republic,SYR,2010,2.93097133742052,20.7,4234.64075149378,,1.505,3.27644738,8.60999965667725,13.8,72.108,21018834.0,Middle East & North Africa,Low income,3,1
Syrian Arab Republic,SYR,2011,2.72757822531861,22.5,4234.64075149378,,,3.32799505,8.62899971008301,13.8,71.27,20863993.0,Middle East & North Africa,Low income,3,1
Syrian Arab Republic,SYR,2012,2.19042754702691,24.3001,4234.64075149378,,,3.56555954,8.67000007629395,14.1,70.549,20420701.0,Middle East & North Africa,Low income,3,1
Syrian Arab Republic,SYR,2013,1.83950323741953,26.2,4234.64075149378,,,5.533000995,8.67300033569336,14.1,70.046,19809141.0,Middle East & North Africa,Low income,3,1
Syrian Arab Republic,SYR,2014,1.59889845852933,28.09,4234.64075149378,,1.546,5.533000995,8.44900035858154,14.0,69.817,19203090.0,Middle East & North Africa,Low income,3,1
Syrian Arab Republic,SYR,2015,2.86129610832048,29.97979724,4234.64075149378,,,5.533000995,8.39200019836426,14.0,69.904,18734987.0,Middle East & North Africa,Low income,3,1
Syrian Arab Republic,SYR,2016,2.86129610832048,31.86962727,4234.64075149378,,,5.533000995,8.25300025939941,14.1,70.31,18430453.0,Middle East & North Africa,Low income,3,1
Syrian Arab Republic,SYR,2017,2.86129610832048,34.25340193,4234.64075149378,,,5.533000995,8.0310001373291,14.0,70.963,18269868.0,Middle East & North Africa,Low income,3,1
Syrian Arab Republic,SYR,2018,2.86129610832048,20.80096366,4234.64075149378,,,5.533000995,8.11999988555908,21.7,,,Middle East & North Africa,Low income,3,1
Tajikistan,TJK,2000,0.359844953633286,0.048599595,138.431908101286,99.45068359375,2.182,4.26492418,14.6120004653931,70.5,65.485,6216205.0,Europe & Central Asia,Low income,1,1
Tajikistan,TJK,2001,0.362230080802892,0.051259133,170.808503315275,,2.134,4.57884183,14.2749996185303,65.6,65.894,6327125.0,Europe & Central Asia,Low income,1,1
Tajikistan,TJK,2002,0.291758999504939,0.055462827,189.3945514973,,2.047,4.43595214,14.1599998474121,60.8,66.303,6447688.0,Europe & Central Asia,Low income,1,1
Tajikistan,TJK,2003,0.315578655340521,0.064583777,236.490180010259,,1.942,4.70218643,13.8760004043579,56.3,66.727,6576877.0,Europe & Central Asia,Low income,1,1
Tajikistan,TJK,2004,0.381840267034479,0.077479907,309.28019842849,,1.95,4.79911193,13.4119997024536,52.2,67.163,6712841.0,Europe & Central Asia,Low income,1,1
Tajikistan,TJK,2005,0.356311539125929,0.298690024,337.360396992708,,1.95,5.21024704,12.9809999465942,48.5,67.607,6854176.0,Europe & Central Asia,Low income,1,1
Tajikistan,TJK,2006,0.379766210031573,3.772406207,404.289405943386,,1.909,5.03254782,11.8629999160767,45.5,68.052,7000557.0,Europe & Central Asia,Low income,1,1
Tajikistan,TJK,2007,0.45219797312365,7.197619518,520.037186594333,,1.886,5.54050119,11.0279998779297,42.8,68.487,7152385.0,Europe & Central Asia,Low income,1,1
Tajikistan,TJK,2008,0.397314920609905,8.78,706.087584631519,,1.917,5.9120671,10.8900003433228,40.5,68.902,7309728.0,Europe & Central Asia,Low income,1,1
Tajikistan,TJK,2009,0.328286152789195,10.07,666.345856945147,,,5.85579776,11.5,38.6,69.29,7472819.0,Europe & Central Asia,Low income,1,1
Tajikistan,TJK,2010,0.33303078008226,11.55,738.347522660006,,1.685,5.73543434,11.6339998245239,36.9,69.644,7641630.0,Europe & Central Asia,Low income,1,1
Tajikistan,TJK,2011,0.300737248925243,13.03,834.541295306236,,1.708,5.85971796,11.5719995498657,35.5,69.958,7815949.0,Europe & Central Asia,Low income,1,1
Tajikistan,TJK,2012,0.366926485373097,14.51,954.720525255865,,1.715,5.98197819,11.7030000686646,34.3,70.234,7995062.0,Europe & Central Asia,Low income,1,1
Tajikistan,TJK,2013,0.425539774773414,16.0,1040.13741165493,,1.698,6.33916352,11.8219995498657,33.2,70.477,8177809.0,Europe & Central Asia,Low income,1,1
Tajikistan,TJK,2014,0.620466724741697,17.49,1104.45901890381,99.8000030517578,1.714,6.72734828,11.6490001678467,32.2,70.69,8362745.0,Europe & Central Asia,Low income,1,1
Tajikistan,TJK,2015,2.86129610832048,18.98,918.811914494293,,,6.85367879,11.3500003814697,31.3,70.879,8548651.0,Europe & Central Asia,Low income,1,1
Tajikistan,TJK,2016,2.86129610832048,20.47,795.960747465436,,,6.99849461,10.9890003204346,30.3,71.051,8734951.0,Europe & Central Asia,Low income,1,1
Tajikistan,TJK,2017,2.86129610832048,21.96,801.05087126751,,,5.533000995,10.7379999160767,29.4,71.214,8921343.0,Europe & Central Asia,Low income,1,1
Tajikistan,TJK,2018,2.86129610832048,20.80096366,4234.64075149378,,,5.533000995,10.9219999313354,21.7,,,Europe & Central Asia,Low income,1,1
Tanzania,TZA,2000,0.077571471180239,0.11719444,402.78978048409,,,3.47064014,3.15599989891052,79.5,51.493,34178042.0,Sub-Saharan Africa,Low income,6,1
Tanzania,TZA,2001,0.0890722244960485,0.171300351,398.074229444454,,,4.11571089,2.99399995803833,75.1,52.281,35117019.0,Sub-Saharan Africa,Low income,6,1
Tanzania,TZA,2002,0.0994297925696608,0.222484414,403.174892635092,69.4309005737305,0.023,4.57829675,3.24699997901917,70.6,53.173,36105808.0,Sub-Saharan Africa,Low income,6,1
Tanzania,TZA,2003,0.102461401996798,0.676962857,421.861069637523,,,5.25777567,3.35899996757507,66.5,54.142,37149072.0,Sub-Saharan Africa,Low income,6,1
Tanzania,TZA,2004,0.114084492166062,0.877574971,448.810771975887,,,5.67203613,3.43799996376038,62.7,55.161,38249984.0,Sub-Saharan Africa,Low income,6,1
Tanzania,TZA,2005,0.139662290891943,1.1,480.628580500666,,,6.33908218,3.46600008010864,59.3,56.196,39410545.0,Sub-Saharan Africa,Low income,6,1
Tanzania,TZA,2006,0.148358698527189,1.3,472.518798636836,,,7.64004535,3.29900002479553,56.8,57.218,40634948.0,Sub-Saharan Africa,Low income,6,1
Tanzania,TZA,2007,0.140649176724916,1.6,536.457551891363,,,6.91906653,2.69300007820129,54.2,58.209,41923715.0,Sub-Saharan Africa,Low income,6,1
Tanzania,TZA,2008,0.141950648465603,1.9,664.892665514718,,,5.58002548,2.35800004005432,51.9,59.156,43270144.0,Sub-Saharan Africa,Low income,6,1
Tanzania,TZA,2009,0.132511807938661,2.4,670.461596462758,,,5.08254816,2.5,50.3,60.048,44664231.0,Sub-Saharan Africa,Low income,6,1
Tanzania,TZA,2010,0.154161891846109,2.9,715.149283990101,67.8006973266602,0.008,5.29912868,3.03500008583069,48.1,60.893,46098591.0,Sub-Saharan Africa,Low income,6,1
Tanzania,TZA,2011,0.170126456715073,3.2,750.266132560226,,,5.3893698,3.47000002861023,46.2,61.713,47570902.0,Sub-Saharan Africa,Low income,6,1
Tanzania,TZA,2012,0.194470622892078,3.95,831.964828193717,78.1005935668945,0.03,5.09003276,3.24000000953674,44.8,62.528,49082997.0,Sub-Saharan Africa,Low income,6,1
Tanzania,TZA,2013,0.220730007616033,4.4,929.130627281866,,,4.77897536,2.9300000667572,43.5,63.348,50636595.0,Sub-Saharan Africa,Low income,6,1
Tanzania,TZA,2014,0.221347372384527,7.0,985.228059502353,,0.022,4.16021866,2.125,42.4,64.163,52234869.0,Sub-Saharan Africa,Low income,6,1
Tanzania,TZA,2015,2.86129610832048,10.0,905.756292072207,77.8872299194336,,3.78969995,2.12299990653992,41.0,64.95,53879957.0,Sub-Saharan Africa,Low income,6,1
Tanzania,TZA,2016,2.86129610832048,13.0,922.623927014204,,,4.13992059,2.09500002861023,39.7,65.675,55572201.0,Sub-Saharan Africa,Low income,6,1
Tanzania,TZA,2017,2.86129610832048,15.99999943,958.445683201353,,,5.533000995,1.93900001049042,38.3,66.31,57310019.0,Sub-Saharan Africa,Low income,6,1
Tanzania,TZA,2018,2.86129610832048,20.80096366,4234.64075149378,,,5.533000995,1.932000041008,21.7,,,Sub-Saharan Africa,Low income,6,1
Thailand,THA,2000,2.87923298923262,3.689041279,2007.56482637453,92.6465377807617,0.368,3.10125172,2.39000010490417,18.6,70.624,62958021.0,East Asia & Pacific,Upper middle income,0,4
Thailand,THA,2001,3.06248319847049,5.556326121,1893.1453765768,,0.299,3.02623032,2.59999990463257,17.7,70.841,63543322.0,East Asia & Pacific,Upper middle income,0,4
Thailand,THA,2002,3.25131860196572,7.531250335,2096.05461742145,,0.296,3.33472412,1.82000005245209,16.9,71.11,64073164.0,East Asia & Pacific,Upper middle income,0,4
Thailand,THA,2003,3.47881002219628,9.299027238,2358.93062926799,,0.277,3.24312678,1.53999996185303,16.1,71.424,64554952.0,East Asia & Pacific,Upper middle income,0,4
Thailand,THA,2004,3.74122706649869,10.67730332,2659.83910848524,,0.289,3.13893571,1.50999999046326,15.3,71.775,65002231.0,East Asia & Pacific,Upper middle income,0,4
Thailand,THA,2005,3.78243358435178,15.02600436,2893.6513555654,93.5064697265625,0.293,3.15972284,1.35000002384186,14.6,72.149,65425470.0,East Asia & Pacific,Upper middle income,0,4
Thailand,THA,2006,3.82910412656361,17.16071472,3368.95257614381,,0.286,3.0997028,1.22000002861023,13.9,72.534,65824164.0,East Asia & Pacific,Upper middle income,0,4
Thailand,THA,2007,3.81365564773437,20.03,3972.20647536504,,0.295,3.19277293,1.17999994754791,13.2,72.915,66195615.0,East Asia & Pacific,Upper middle income,0,4
Thailand,THA,2008,3.79353416355903,18.2,4378.68740595675,,0.317,3.45933873,1.17999994754791,12.6,73.279,66545760.0,East Asia & Pacific,Upper middle income,0,4
Thailand,THA,2009,4.00112921488869,20.1,4212.05490158881,,0.34,3.61940155,1.03900003433228,12.0,73.617,66881867.0,East Asia & Pacific,Upper middle income,0,4
Thailand,THA,2010,4.19478193989097,22.4,5075.30217639529,96.430908203125,0.394,3.39009785,0.621999979019165,11.4,73.923,67208808.0,East Asia & Pacific,Upper middle income,0,4
Thailand,THA,2011,4.12138945978632,23.66992562,5491.15998143099,,,3.56825993,0.660000026226044,10.9,74.197,67530130.0,East Asia & Pacific,Upper middle income,0,4
Thailand,THA,2012,4.37176541487934,26.46,5859.88764411764,,,3.52294116,0.579999983310699,10.4,74.446,67843979.0,East Asia & Pacific,Upper middle income,0,4
Thailand,THA,2013,4.40380756280922,28.94,6168.39488117145,93.7020721435547,,3.45313269,0.488999992609024,9.9,74.678,68143065.0,East Asia & Pacific,Upper middle income,0,4
Thailand,THA,2014,4.62186003163084,34.89,5953.79392783362,,,3.68448062,0.575999975204468,9.4,74.895,68416772.0,East Asia & Pacific,Upper middle income,0,4
Thailand,THA,2015,2.86129610832048,39.31612674,5846.39460806913,92.8683090209961,0.47,3.6669476,0.597000002861023,9.0,75.103,68657600.0,East Asia & Pacific,Upper middle income,0,4
Thailand,THA,2016,2.86129610832048,47.50496562,5979.29354625548,,,3.71143463,0.688000023365021,8.5,75.303,68863514.0,East Asia & Pacific,Upper middle income,0,4
Thailand,THA,2017,2.86129610832048,52.89192934,6595.00412458017,,,5.533000995,0.632000029087067,8.2,75.498,69037513.0,East Asia & Pacific,Upper middle income,0,4
Thailand,THA,2018,2.86129610832048,20.80096366,4234.64075149378,,,5.533000995,0.665000021457672,21.7,,,East Asia & Pacific,Upper middle income,0,4
Timor-Leste,TLS,2000,2.86129610832048,20.80096366,504.355747487113,,,5.533000995,3.97099995613098,84.9,59.36,871607.0,East Asia & Pacific,Lower middle income,0,2
Timor-Leste,TLS,2001,2.86129610832048,20.80096366,580.035875504604,37.5999984741211,,5.533000995,4.06300020217896,81.1,60.304,892531.0,East Asia & Pacific,Lower middle income,0,2
Timor-Leste,TLS,2002,0.174652125673152,0.0,552.810326631126,,,2.28102759,4.1729998588562,77.2,61.251,923825.0,East Asia & Pacific,Lower middle income,0,2
Timor-Leste,TLS,2003,0.167921802733407,20.80096366,565.539750138419,,,2.56448692,4.29099988937378,73.5,62.223,960852.0,East Asia & Pacific,Lower middle income,0,2
Timor-Leste,TLS,2004,0.176599130328344,20.80096366,1081.97267376878,,0.082,1.74270566,3.84800004959106,69.8,63.209,996698.0,East Asia & Pacific,Lower middle income,0,2
Timor-Leste,TLS,2005,0.171474664972859,0.099031768,1767.00270048048,,,1.3830424997364745,3.6010000705719,66.2,64.175,1026484.0,East Asia & Pacific,Lower middle income,0,2
Timor-Leste,TLS,2006,0.171351708577265,0.5,2534.66218967577,,,1.3830424997364745,3.28399991989136,62.7,65.068,1048621.0,East Asia & Pacific,Lower middle income,0,2
Timor-Leste,TLS,2007,0.172163989133997,1.0,2705.23290261819,50.5999984741211,0.034,1.3830424997364745,3.1029999256134,59.5,65.842,1064973.0,East Asia & Pacific,Lower middle income,0,2
Timor-Leste,TLS,2008,0.187072747678808,1.5,4073.23927985085,,0.037,1.3830424997364745,2.96399998664856,56.6,66.472,1078110.0,East Asia & Pacific,Lower middle income,0,2
Timor-Leste,TLS,2009,0.20819562993752,2.0,2929.98028426193,,0.044,1.65914197,3.1800000667572,54.1,66.956,1092021.0,East Asia & Pacific,Lower middle income,0,2
Timor-Leste,TLS,2010,0.211508564867595,3.0,3603.94055106792,58.3089790344238,0.079,1.42602116,3.30100011825562,52.0,67.313,1109591.0,East Asia & Pacific,Lower middle income,0,2
Timor-Leste,TLS,2011,0.217131247000724,4.0,5021.46222392298,,0.078,1.3830424997364745,3.20099997520447,50.0,67.578,1131523.0,East Asia & Pacific,Lower middle income,0,2
Timor-Leste,TLS,2012,0.25360489643487,7.0,5766.96981223417,,,1.3830424997364745,3.24900007247925,48.2,67.805,1156760.0,East Asia & Pacific,Lower middle income,0,2
Timor-Leste,TLS,2013,0.371540554186797,11.0,4770.31593274376,,,1.71221239,3.32599997520447,46.5,68.033,1184366.0,East Asia & Pacific,Lower middle income,0,2
Timor-Leste,TLS,2014,0.387014002147073,17.5,3335.54856721641,,,2.36415328,3.28800010681152,44.9,68.285,1212814.0,East Asia & Pacific,Lower middle income,0,2
Timor-Leste,TLS,2015,2.86129610832048,23.0,2501.57738620458,,,3.49424362,3.34299993515015,43.6,68.569,1240977.0,East Asia & Pacific,Lower middle income,0,2
Timor-Leste,TLS,2016,2.86129610832048,25.24624959,1987.11880385064,,,4.02059179,2.97900009155273,42.2,68.881,1268671.0,East Asia & Pacific,Lower middle income,0,2
Timor-Leste,TLS,2017,2.86129610832048,27.49273173,2279.25320357878,,,5.533000995,2.96300005912781,40.8,69.199,1296311.0,East Asia & Pacific,Lower middle income,0,2
Timor-Leste,TLS,2018,2.86129610832048,20.80096366,4234.64075149378,,,5.533000995,2.99900007247925,21.7,,,East Asia & Pacific,Lower middle income,0,2
Togo,TGO,2000,0.273713590968232,0.8,299.411647565633,53.1776008605957,,3.2695045,2.10199999809265,76.1,53.489,4970367.0,Sub-Saharan Africa,Low income,6,1
Togo,TGO,2001,0.227404401997742,0.9,289.75127010501,,0.057,3.39725433,2.08100008964539,74.2,53.551,5111770.0,Sub-Saharan Africa,Low income,6,1
Togo,TGO,2002,0.234622216399516,1.0,323.467150997349,,,3.41569502,2.10999989509583,72.4,53.707,5251472.0,Sub-Saharan Africa,Low income,6,1
Togo,TGO,2003,0.271382707389044,1.2,391.566718556167,,,3.45048877,2.09299993515015,70.6,53.935,5391401.0,Sub-Saharan Africa,Low income,6,1
Togo,TGO,2004,0.252435136210435,1.5,407.607246150882,,0.045,3.65441923,1.99899995326996,68.8,54.23,5534598.0,Sub-Saharan Africa,Low income,6,1
Togo,TGO,2005,0.235507985898254,1.8,401.27895254691,,,3.92190304,1.97899997234344,67.1,54.598,5683268.0,Sub-Saharan Africa,Low income,6,1
Togo,TGO,2006,0.209173434065482,2.0,402.463058051786,56.888370513916,,4.10506145,1.84899997711182,65.4,55.048,5837792.0,Sub-Saharan Africa,Low income,6,1
Togo,TGO,2007,0.234790329451919,2.2,443.37575478317,,0.049,4.38995635,1.67599999904633,63.8,55.578,5997385.0,Sub-Saharan Africa,Low income,6,1
Togo,TGO,2008,0.273159481423922,2.4,537.226147472258,,0.058,4.38653449,1.64600002765656,62.2,56.174,6161796.0,Sub-Saharan Africa,Low income,6,1
Togo,TGO,2009,0.439659633594462,2.6,531.66838055394,57.0933799743652,,4.90101741,1.88900005817413,60.6,56.814,6330472.0,Sub-Saharan Africa,Low income,6,1
Togo,TGO,2010,0.406006379871787,3.0,526.841072447646,,0.053,5.85341076,1.93400001525879,59.0,57.465,6502952.0,Sub-Saharan Africa,Low income,6,1
Togo,TGO,2011,0.368935463422566,3.5,579.013076269016,60.4099388122559,,5.98579381,1.86300003528595,57.6,58.092,6679282.0,Sub-Saharan Africa,Low income,6,1
Togo,TGO,2012,0.362450983908114,4.0,564.697148593323,,,6.12357093,1.89800000190735,56.1,58.668,6859482.0,Sub-Saharan Africa,Low income,6,1
Togo,TGO,2013,0.377480424390468,4.5,613.440209376717,,,6.29626028,1.81200003623962,54.7,59.174,7042948.0,Sub-Saharan Africa,Low income,6,1
Togo,TGO,2014,0.362696891580548,5.7,632.0313103591,,,6.35890293,1.78600001335144,53.3,59.601,7228915.0,Sub-Saharan Africa,Low income,6,1
Togo,TGO,2015,2.86129610832048,7.12,563.475363797121,63.7456207275391,,6.24938169,1.69200003147125,51.9,59.949,7416802.0,Sub-Saharan Africa,Low income,6,1
Togo,TGO,2016,2.86129610832048,11.31,586.052253668457,,,6.61568574,1.65400004386902,50.5,60.232,7606374.0,Sub-Saharan Africa,Low income,6,1
Togo,TGO,2017,2.86129610832048,12.36022497,610.151730130474,,,5.533000995,1.65799999237061,49.2,60.477,7797694.0,Sub-Saharan Africa,Low income,6,1
Togo,TGO,2018,2.86129610832048,20.80096366,4234.64075149378,,,5.533000995,1.66799998283386,21.7,,,Sub-Saharan Africa,Low income,6,1
Tonga,TON,2000,0.972064191186966,2.434398044,2063.20723639742,,0.499,2.92700889,3.7960000038147,15.0,70.811,98082.0,East Asia & Pacific,Upper middle income,0,4
Tonga,TON,2001,0.892476498565069,2.825371839,1837.97739068998,,0.356,3.35478803,4.18699979782104,14.8,70.949,98611.0,East Asia & Pacific,Upper middle income,0,4
Tonga,TON,2002,1.03520729149863,2.907297316,1842.40442102982,,0.303,3.56543251,4.73600006103516,14.5,71.089,99184.0,East Asia & Pacific,Upper middle income,0,4
Tonga,TON,2003,1.17592119371875,2.985817368,2029.71471809618,,,3.47711057,5.17999982833862,14.3,71.229,99789.0,East Asia & Pacific,Upper middle income,0,4
Tonga,TON,2004,1.09565165428361,3.952373895,2284.30785801648,,,4.47306389,3.49200010299683,14.2,71.367,100406.0,East Asia & Pacific,Upper middle income,0,4
Tonga,TON,2005,1.12505814471353,4.907782762,2594.74998985985,,,4.16225936,2.13899993896484,14.2,71.504,101041.0,East Asia & Pacific,Upper middle income,0,4
Tonga,TON,2006,1.26213258071178,5.853944095,2892.5226629236,99.0184631347656,,5.50721889,1.0900000333786,14.3,71.639,101689.0,East Asia & Pacific,Upper middle income,0,4
Tonga,TON,2007,1.11059331555243,7.179865329,2932.31588336138,,0.563,4.59970648,0.987999975681305,14.4,71.773,102357.0,East Asia & Pacific,Upper middle income,0,4
Tonga,TON,2008,1.17480704820154,8.110769944,3392.88799193658,,0.554,6.13216396,0.957000017166138,14.5,71.906,103005.0,East Asia & Pacific,Upper middle income,0,4
Tonga,TON,2009,1.2741979074167,10.0,3070.98724744872,,0.599,3.88177259,1.125,14.7,72.039,103604.0,East Asia & Pacific,Upper middle income,0,4
Tonga,TON,2010,1.12682331928133,16.0,3548.0683985325,,0.558,4.74096004,1.14600002765656,14.9,72.173,104137.0,East Asia & Pacific,Upper middle income,0,4
Tonga,TON,2011,0.981822006751007,25.0,4044.97972146496,99.3855285644531,,3.85723907,1.13399994373322,15.0,72.308,104577.0,East Asia & Pacific,Upper middle income,0,4
Tonga,TON,2012,1.01326333241227,30.0,4500.75036182848,,,5.06484233,1.11300003528595,15.0,72.446,104951.0,East Asia & Pacific,Upper middle income,0,4
Tonga,TON,2013,1.07926667173021,32.75396061,4278.88456700982,,,4.17592122,1.13499999046326,14.9,72.588,105328.0,East Asia & Pacific,Upper middle income,0,4
Tonga,TON,2014,1.14396589211775,35.95444145,4196.47059286118,,,5.11393074,1.11000001430511,14.7,72.732,105782.0,East Asia & Pacific,Upper middle income,0,4
Tonga,TON,2015,2.86129610832048,38.65127243,4093.84958521364,,,4.66809287,1.08000004291534,14.4,72.88,106364.0,East Asia & Pacific,Upper middle income,0,4
Tonga,TON,2016,2.86129610832048,39.95,3744.49226105651,,,5.26385403,1.05499994754791,14.1,73.029,107122.0,East Asia & Pacific,Upper middle income,0,4
Tonga,TON,2017,2.86129610832048,41.24872764,3959.07975653834,,,5.533000995,1.00300002098083,13.7,73.179,108020.0,East Asia & Pacific,Upper middle income,0,4
Tonga,TON,2018,2.86129610832048,20.80096366,4234.64075149378,,,5.533000995,1.02699995040894,21.7,,,East Asia & Pacific,Upper middle income,0,4
Trinidad and Tobago,TTO,2000,11.48600787602411,7.721411474,6430.94726192111,97.9000015258789,1.006,4.31979647,3.61500000953674,28.7,68.532,1267984.0,Latin America & Caribbean,High income,2,0
Trinidad and Tobago,TTO,2001,11.48600787602411,15.38462722,6935.72145060521,,0.97,4.10800607,3.56699991226196,28.8,68.584,1272380.0,Latin America & Caribbean,High income,2,0
Trinidad and Tobago,TTO,2002,11.48600787602411,21.99867548,7049.62661194969,,0.825,4.80913967,3.61700010299683,28.8,68.648,1277837.0,Latin America & Caribbean,High income,2,0
Trinidad and Tobago,TTO,2003,11.48600787602411,25.97176411,8804.5186659639,,0.808,4.25762935,3.63800001144409,28.8,68.724,1284052.0,Latin America & Caribbean,High income,2,0
Trinidad and Tobago,TTO,2004,11.48600787602411,27.02427008,10290.5191436384,,,4.38152647,3.58999991416931,28.9,68.816,1290535.0,Latin America & Caribbean,High income,2,0
Trinidad and Tobago,TTO,2005,11.48600787602411,28.97671243,12323.1270537888,,,4.49897203,3.46900010108948,28.9,68.927,1296934.0,Latin America & Caribbean,High income,2,0
Trinidad and Tobago,TTO,2006,11.48600787602411,30.00374858,14096.1866795908,,1.222,4.21831932,3.28399991989136,28.8,69.06,1303144.0,Latin America & Caribbean,High income,2,0
Trinidad and Tobago,TTO,2007,11.48600787602411,32.3,16529.6580128738,,1.179,4.22191676,3.11500000953674,28.8,69.214,1309260.0,Latin America & Caribbean,High income,2,0
Trinidad and Tobago,TTO,2008,11.48600787602411,34.8,21189.129272587,,,3.71026461,3.10700011253357,28.5,69.384,1315372.0,Latin America & Caribbean,High income,2,0
Trinidad and Tobago,TTO,2009,11.48600787602411,44.3,14506.5860373433,,1.507,5.60088794,3.64800000190735,28.1,69.567,1321618.0,Latin America & Caribbean,High income,2,0
Trinidad and Tobago,TTO,2010,11.48600787602411,48.5,16683.4224239168,98.6999969482422,1.809,5.17827758,3.77500009536743,27.6,69.756,1328100.0,Latin America & Caribbean,High income,2,0
Trinidad and Tobago,TTO,2011,11.48600787602411,55.2,19004.1571447499,,1.821,4.80039702,3.24799990653992,27.1,69.942,1334788.0,Latin America & Caribbean,High income,2,0
Trinidad and Tobago,TTO,2012,11.48600787602411,59.5162,19083.2148125732,,,4.90389133,3.45300006866455,26.5,70.118,1341588.0,Latin America & Caribbean,High income,2,0
Trinidad and Tobago,TTO,2013,11.48600787602411,63.8,19713.3792880131,,,5.16039883,2.46000003814697,25.8,70.28,1348248.0,Latin America & Caribbean,High income,2,0
Trinidad and Tobago,TTO,2014,11.48600787602411,65.1,20081.5219089708,,,5.28134383,2.22399997711182,25.2,70.426,1354493.0,Latin America & Caribbean,High income,2,0
Trinidad and Tobago,TTO,2015,2.86129610832048,69.19847061,17941.2379417579,,,6.21744691,2.21099996566772,24.5,70.556,1360092.0,Latin America & Caribbean,High income,2,0
Trinidad and Tobago,TTO,2016,2.86129610832048,73.29694122,16334.2171433104,,,6.5104014,2.97199988365173,23.8,70.673,1364962.0,Latin America & Caribbean,High income,2,0
Trinidad and Tobago,TTO,2017,2.86129610832048,77.32605293,16126.3709498173,,,5.533000995,2.81699991226196,23.1,70.783,1369125.0,Latin America & Caribbean,High income,2,0
Trinidad and Tobago,TTO,2018,2.86129610832048,20.80096366,4234.64075149378,,,5.533000995,2.82999992370605,21.7,,,Latin America & Caribbean,High income,2,0
Tunisia,TUN,2000,2.05406808419295,2.750740293,2213.91408810372,,0.767,5.0483437,14.9399995803833,26.3,73.155,9699197.0,Middle East & North Africa,Lower middle income,3,2
Tunisia,TUN,2001,2.12734468384023,4.297966035,2254.9331255358,,0.794,5.09913409,14.3999996185303,24.8,73.402,9785701.0,Middle East & North Africa,Lower middle income,3,2
Tunisia,TUN,2002,2.11484930648075,5.252887295,2346.05936951377,,0.807,5.37092735,14.5500001907349,23.3,73.629,9864326.0,Middle East & North Africa,Lower middle income,3,2
Tunisia,TUN,2003,2.13755395295502,6.490845795,2761.96924915856,,0.824,5.46378503,14.5100002288818,22.0,73.836,9939678.0,Middle East & North Africa,Lower middle income,3,2
Tunisia,TUN,2004,2.22598474425164,8.528817752,3112.83502921362,74.2969970703125,1.331,5.45323772,14.2299995422363,20.8,74.026,10017601.0,Middle East & North Africa,Lower middle income,3,2
Tunisia,TUN,2005,2.24321706289603,9.655086542,3194.56224258243,,0.933,5.39736094,12.8719997406006,19.6,74.2,10102482.0,Middle East & North Africa,Lower middle income,3,2
Tunisia,TUN,2006,2.25498071033968,12.98640865,3371.7123099588,,,5.38218158,12.5100002288818,18.5,74.352,10196136.0,Middle East & North Africa,Lower middle income,3,2
Tunisia,TUN,2007,2.34126250826974,17.1,3778.18417141009,77.1903991699219,1.025,5.42944045,12.3649997711182,17.5,74.483,10298087.0,Middle East & North Africa,Lower middle income,3,2
Tunisia,TUN,2008,2.38539334177353,27.53,4310.09302630815,77.5611267089844,1.108,5.41763669,12.4440002441406,16.6,74.595,10407336.0,Middle East & North Africa,Lower middle income,3,2
Tunisia,TUN,2009,2.35595049304142,34.07,4129.97733476516,,,5.64995037,13.2910003662109,15.7,74.695,10521834.0,Middle East & North Africa,Lower middle income,3,2
Tunisia,TUN,2010,2.59965793011252,36.8,4140.1517698059,79.1305770874023,1.222,5.88395597,13.048999786377,14.9,74.793,10639931.0,Middle East & North Africa,Lower middle income,3,2
Tunisia,TUN,2011,2.41798186065153,39.1,4256.91278981271,79.6539077758789,,6.43202883,17.547250032424937,14.2,74.9,10761467.0,Middle East & North Africa,Lower middle income,3,2
Tunisia,TUN,2012,2.48044562395032,41.4416,4137.548140475,80.21875,,6.60642299,17.547250032424937,13.6,75.023,10886668.0,Middle East & North Africa,Lower middle income,3,2
Tunisia,TUN,2013,2.51190424527248,43.8,4199.08467815722,,,6.85589041,15.9340000152588,13.0,75.167,11014558.0,Middle East & North Africa,Lower middle income,3,2
Tunisia,TUN,2014,2.58705958448329,46.16,4274.29283230237,79.0364303588867,1.269,6.81160799,15.0579996109009,12.5,75.335,11143908.0,Middle East & North Africa,Lower middle income,3,2
Tunisia,TUN,2015,2.86129610832048,46.5,3827.72983400193,,1.289,7.00675038,15.2180004119873,12.0,75.525,11273661.0,Middle East & North Africa,Lower middle income,3,2
Tunisia,TUN,2016,2.86129610832048,49.6,3666.3571544062,,,6.95195517,15.5139999389648,11.6,75.731,11403248.0,Middle East & North Africa,Lower middle income,3,2
Tunisia,TUN,2017,2.86129610832048,55.5,3464.41689038656,,,5.533000995,15.378999710083,11.2,75.943,11532127.0,Middle East & North Africa,Lower middle income,3,2
Tunisia,TUN,2018,2.86129610832048,20.80096366,4234.64075149378,,,5.533000995,15.4779996871948,21.7,,,Middle East & North Africa,Lower middle income,3,2
Turkey,TUR,2000,3.4179459428928,3.761685035,4316.56110286595,,1.348,4.62199674,6.49499988555908,31.9,70.008,63240121.0,Europe & Central Asia,Upper middle income,1,4
Turkey,TUR,2001,3.03081815818718,5.189481461,3119.6062176407,,1.399,4.92444325,8.38099956512451,29.9,70.571,64191474.0,Europe & Central Asia,Upper middle income,1,4
Turkey,TUR,2002,3.15744633341876,11.38,3660.07112980386,,1.412,5.10102892,10.3579998016357,28.1,71.102,65143054.0,Europe & Central Asia,Upper middle income,1,4
Turkey,TUR,2003,3.30666881659893,12.33,4718.45528238866,,1.43,5.05877624,10.5419998168945,26.3,71.6,66085803.0,Europe & Central Asia,Upper middle income,1,4
Turkey,TUR,2004,3.36410546196412,14.58,6040.87969597133,87.3654937744141,1.45,4.95928174,10.8380002975464,24.6,72.06,67007855.0,Europe & Central Asia,Upper middle income,1,4
Turkey,TUR,2005,3.49600400015281,15.46,7384.25910697388,88.2290573120117,1.486,4.94162974,10.6359996795654,23.1,72.481,67903406.0,Europe & Central Asia,Upper middle income,1,4
Turkey,TUR,2006,3.80456408463193,18.24,8034.61120578916,88.1193923950195,1.521,5.18844302,8.7180004119873,21.6,72.866,68763405.0,Europe & Central Asia,Upper middle income,1,4
Turkey,TUR,2007,4.09007657928476,28.63,9709.7213456869,88.6558990478516,1.559,5.28079419,8.86800003051758,20.2,73.219,69597281.0,Europe & Central Asia,Upper middle income,1,4
Turkey,TUR,2008,4.03151171197651,34.37,10850.8719363353,,1.609,5.25939953,9.71000003814697,18.8,73.549,70440032.0,Europe & Central Asia,Upper middle income,1,4
Turkey,TUR,2009,3.89470279202096,36.4,9036.26807623328,90.8167190551758,1.665,5.53390813,12.5520000457764,17.6,73.859,71339185.0,Europe & Central Asia,Upper middle income,1,4
Turkey,TUR,2010,4.12021480689747,39.82,10672.400364514,92.6605987548828,1.707,5.053656,10.6599998474121,16.4,74.154,72326914.0,Europe & Central Asia,Upper middle income,1,4
Turkey,TUR,2011,4.37056095839426,43.06571043,11340.822269959,94.106086730957,1.714,4.68789031,8.79599952697754,15.3,74.437,73409455.0,Europe & Central Asia,Upper middle income,1,4
Turkey,TUR,2012,4.4194878877818,45.13,11720.3130136743,94.9197463989258,1.734,4.47785046,8.14900016784668,14.3,74.711,74569867.0,Europe & Central Asia,Upper middle income,1,4
Turkey,TUR,2013,4.28530084308416,46.25,12542.7209264723,95.2566604614258,1.755,4.40411751,8.73200035095215,13.3,74.977,75787333.0,Europe & Central Asia,Upper middle income,1,4
Turkey,TUR,2014,4.49147902571948,51.04,12127.4614576299,95.4396286010742,1.749,4.34726586,9.88000011444092,12.4,75.239,77030628.0,Europe & Central Asia,Upper middle income,1,4
Turkey,TUR,2015,2.86129610832048,53.74497914,10984.8028816485,95.6014175415039,,4.13853307,10.2360000610352,11.6,75.498,78271472.0,Europe & Central Asia,Upper middle income,1,4
Turkey,TUR,2016,2.86129610832048,58.34773401,10862.7264255339,96.1673278808594,,4.3143198,10.83899974823,10.8,75.755,79512426.0,Europe & Central Asia,Upper middle income,1,4
Turkey,TUR,2017,2.86129610832048,64.68461768,10546.1525631603,,,5.533000995,10.8190002441406,10.0,76.009,80745020.0,Europe & Central Asia,Upper middle income,1,4
Turkey,TUR,2018,2.86129610832048,20.80096366,4234.64075149378,,,5.533000995,10.8950004577637,21.7,,,Europe & Central Asia,Upper middle income,1,4
Turkmenistan,TKM,2000,8.31222101396084,0.133282183,643.175010826862,,,6.89067586,11.7810001373291,65.5,63.613,4516131.0,Europe & Central Asia,Upper middle income,1,4
Turkmenistan,TKM,2001,8.34219842772256,0.175209518,774.483339811885,,,8.14311469,10.753999710083,63.8,63.842,4564080.0,Europe & Central Asia,Upper middle income,1,4
Turkmenistan,TKM,2002,8.66954786570591,0.302132016,967.890794595266,,4.355,7.01056354,9.99199962615967,62.2,64.101,4610002.0,Europe & Central Asia,Upper middle income,1,4
Turkmenistan,TKM,2003,9.57994033602814,0.425182632,1283.91181499145,,,8.51216948,9.14500045776367,60.6,64.386,4655741.0,Europe & Central Asia,Upper middle income,1,4
Turkmenistan,TKM,2004,9.89530632959405,0.754053983,1453.91716551882,,,10.301360604158114,8.21500015258789,59.1,64.693,4703398.0,Europe & Central Asia,Upper middle income,1,4
Turkmenistan,TKM,2005,10.1665707253187,0.997256559,1704.41932342952,,,9.55530318,7.36100006103516,57.5,65.017,4754641.0,Europe & Central Asia,Upper middle income,1,4
Turkmenistan,TKM,2006,10.2932958843934,1.319573118,2136.476098733,,2.49,8.41321373,6.35300016403198,55.9,65.354,4810105.0,Europe & Central Asia,Upper middle income,1,4
Turkmenistan,TKM,2007,11.48600787602411,1.406360688,2600.37142757781,,2.438,5.28883208,5.38399982452393,54.5,65.695,4870137.0,Europe & Central Asia,Upper middle income,1,4
Turkmenistan,TKM,2008,11.48600787602411,1.75,3904.46767465853,,,5.90518869,4.50699996948242,53.0,66.031,4935762.0,Europe & Central Asia,Upper middle income,1,4
Turkmenistan,TKM,2009,10.0521323096277,1.95,4036.45922281818,,,4.81248399,4.38500022888184,51.4,66.355,5007950.0,Europe & Central Asia,Upper middle income,1,4
Turkmenistan,TKM,2010,11.2614853721392,3.0,4439.20300021757,,2.295,4.99636017,4.0,49.8,66.657,5087210.0,Europe & Central Asia,Upper middle income,1,4
Turkmenistan,TKM,2011,11.48600787602411,5.0,5649.97848562924,,2.314,4.89650853,3.9760000705719,48.4,66.928,5174061.0,Europe & Central Asia,Upper middle income,1,4
Turkmenistan,TKM,2012,11.48600787602411,7.1958,6675.26295437575,,2.279,4.77595158,3.95900011062622,47.1,67.167,5267839.0,Europe & Central Asia,Upper middle income,1,4
Turkmenistan,TKM,2013,11.48600787602411,9.6,7304.42052462986,,2.266,5.15063283,3.9779999256134,45.7,67.375,5366277.0,Europe & Central Asia,Upper middle income,1,4
Turkmenistan,TKM,2014,11.48600787602411,12.2,7962.36582439665,99.6999969482422,2.291,5.49777327,3.89599990844727,44.4,67.552,5466241.0,Europe & Central Asia,Upper middle income,1,4
Turkmenistan,TKM,2015,2.86129610832048,14.99677482,6432.68416952563,,,6.2979362,3.83999991416931,43.0,67.704,5565284.0,Europe & Central Asia,Upper middle income,1,4
Turkmenistan,TKM,2016,2.86129610832048,17.99032446,6389.35432554696,,,6.61802128,3.79900002479553,41.7,67.835,5662544.0,Europe & Central Asia,Upper middle income,1,4
Turkmenistan,TKM,2017,2.86129610832048,21.25099741,6586.625862686,,,5.533000995,3.6949999332428,40.6,67.956,5758075.0,Europe & Central Asia,Upper middle income,1,4
Turkmenistan,TKM,2018,2.86129610832048,20.80096366,4234.64075149378,,,5.533000995,3.78299999237061,21.7,,,Europe & Central Asia,Upper middle income,1,4
Turks and Caicos Islands,TCA,2000,3.69167593917236,20.80096366,4234.64075149378,,,5.533000995,6.34000015258789,21.7,,18873.0,Latin America & Caribbean,High income,2,0
Turks and Caicos Islands,TCA,2001,3.63339113202873,20.80096366,4234.64075149378,,,5.533000995,6.34000015258789,21.7,,20185.0,Latin America & Caribbean,High income,2,0
Turks and Caicos Islands,TCA,2002,4.55381289669764,20.80096366,4234.64075149378,,,5.533000995,6.34000015258789,21.7,,21742.0,Latin America & Caribbean,High income,2,0
Turks and Caicos Islands,TCA,2003,4.3859888936352,20.80096366,4234.64075149378,,,5.533000995,6.34000015258789,21.7,,23410.0,Latin America & Caribbean,High income,2,0
Turks and Caicos Islands,TCA,2004,4.10244526130734,20.80096366,4234.64075149378,,,5.533000995,6.34000015258789,21.7,,25028.0,Latin America & Caribbean,High income,2,0
Turks and Caicos Islands,TCA,2005,4.57543103448276,20.80096366,4234.64075149378,,,5.533000995,6.34000015258789,21.7,,26448.0,Latin America & Caribbean,High income,2,0
Turks and Caicos Islands,TCA,2006,5.17375732580855,20.80096366,4234.64075149378,,,5.533000995,6.34000015258789,21.7,,27642.0,Latin America & Caribbean,High income,2,0
Turks and Caicos Islands,TCA,2007,5.7616969273743,20.80096366,4234.64075149378,,,5.533000995,6.34000015258789,21.7,,28640.0,Latin America & Caribbean,High income,2,0
Turks and Caicos Islands,TCA,2008,6.0948746650385,20.80096366,4234.64075149378,,,5.533000995,6.34000015258789,21.7,,29481.0,Latin America & Caribbean,High income,2,0
Turks and Caicos Islands,TCA,2009,5.94091585386014,20.80096366,4234.64075149378,,,5.533000995,6.34000015258789,21.7,,30245.0,Latin America & Caribbean,High income,2,0
Turks and Caicos Islands,TCA,2010,6.15228753952378,20.80096366,4234.64075149378,,,5.533000995,6.34000015258789,21.7,,30994.0,Latin America & Caribbean,High income,2,0
Turks and Caicos Islands,TCA,2011,6.00939144685008,20.80096366,4234.64075149378,,,5.533000995,6.34000015258789,21.7,,31731.0,Latin America & Caribbean,High income,2,0
Turks and Caicos Islands,TCA,2012,6.1058246739231,20.80096366,4234.64075149378,,,5.533000995,6.34000015258789,21.7,,32431.0,Latin America & Caribbean,High income,2,0
Turks and Caicos Islands,TCA,2013,5.98097136643711,20.80096366,4234.64075149378,,,5.533000995,6.34000015258789,21.7,,33108.0,Latin America & Caribbean,High income,2,0
Turks and Caicos Islands,TCA,2014,6.08648744776075,20.80096366,4234.64075149378,,,5.533000995,6.34000015258789,21.7,,33739.0,Latin America & Caribbean,High income,2,0
Turks and Caicos Islands,TCA,2015,2.86129610832048,20.80096366,4234.64075149378,,,5.533000995,6.34000015258789,21.7,,34339.0,Latin America & Caribbean,High income,2,0
Turks and Caicos Islands,TCA,2016,2.86129610832048,20.80096366,4234.64075149378,,,5.533000995,6.34000015258789,21.7,,34900.0,Latin America & Caribbean,High income,2,0
Turks and Caicos Islands,TCA,2017,2.86129610832048,20.80096366,4234.64075149378,,,5.533000995,6.34000015258789,21.7,,35446.0,Latin America & Caribbean,High income,2,0
Tuvalu,TUV,2000,0.778556263269639,5.241639585,1458.81709661282,,,10.301360604158114,6.34000015258789,33.8,,9420.0,East Asia & Pacific,Upper middle income,0,4
Tuvalu,TUV,2001,0.771026072329689,20.80096366,1387.35754275925,,,10.301360604158114,6.34000015258789,32.8,,9512.0,East Asia & Pacific,Upper middle income,0,4
Tuvalu,TUV,2002,1.14177477944992,20.80096366,1603.63199180159,,0.63,10.301360604158114,6.34000015258789,31.9,,9635.0,East Asia & Pacific,Upper middle income,0,4
Tuvalu,TUV,2003,1.12634381079144,20.80096366,1866.59962521391,,1.043,10.301360604158114,6.34000015258789,31.0,,9767.0,East Asia & Pacific,Upper middle income,0,4
Tuvalu,TUV,2004,1.11188599151001,20.80096366,2176.56474707796,,,10.301360604158114,6.34000015258789,30.3,,9894.0,East Asia & Pacific,Upper middle income,0,4
Tuvalu,TUV,2005,1.09713772813404,20.80096366,2178.02921040263,,,10.301360604158114,6.34000015258789,29.6,,10027.0,East Asia & Pacific,Upper middle income,0,4
Tuvalu,TUV,2006,0.723488211502417,20.80096366,2259.33327866066,,,10.301360604158114,6.34000015258789,28.9,,10137.0,East Asia & Pacific,Upper middle income,0,4
Tuvalu,TUV,2007,1.07400175729767,10.0,2638.91184489681,,,10.301360604158114,6.34000015258789,28.1,,10243.0,East Asia & Pacific,Upper middle income,0,4
Tuvalu,TUV,2008,1.06392649903288,15.0,2929.42164040473,,1.021,10.301360604158114,6.34000015258789,27.4,,10340.0,East Asia & Pacific,Upper middle income,0,4
Tuvalu,TUV,2009,1.05363470931903,20.0,2595.63990759047,,1.223,10.301360604158114,6.34000015258789,26.7,,10441.0,East Asia & Pacific,Upper middle income,0,4
Tuvalu,TUV,2010,0.696420093058589,25.0,3021.88952810147,,1.091,10.301360604158114,6.34000015258789,25.9,,10531.0,East Asia & Pacific,Upper middle income,0,4
Tuvalu,TUV,2011,0.690063981934513,30.0,3642.43768853322,,,10.301360604158114,6.34000015258789,25.1,,10628.0,East Asia & Pacific,Upper middle income,0,4
Tuvalu,TUV,2012,1.02573426573427,35.0,3512.51606764133,,,10.301360604158114,6.34000015258789,24.4,,10725.0,East Asia & Pacific,Upper middle income,0,4
Tuvalu,TUV,2013,1.01682225714022,37.0,3466.96756379636,,,10.301360604158114,6.34000015258789,23.7,,10819.0,East Asia & Pacific,Upper middle income,0,4
Tuvalu,TUV,2014,1.00852585258526,39.2,3418.64571872645,,,10.301360604158114,6.34000015258789,23.0,,10908.0,East Asia & Pacific,Upper middle income,0,4
Tuvalu,TUV,2015,2.86129610832048,42.7,3232.07334039174,,,10.301360604158114,6.34000015258789,22.4,,11001.0,East Asia & Pacific,Upper middle income,0,4
Tuvalu,TUV,2016,2.86129610832048,46.00915151,3295.72063488463,,,10.301360604158114,6.34000015258789,21.7,,11097.0,East Asia & Pacific,Upper middle income,0,4
Tuvalu,TUV,2017,2.86129610832048,49.31833862,3549.97474128384,,,5.533000995,6.34000015258789,21.0,,11192.0,East Asia & Pacific,Upper middle income,0,4
Uganda,UGA,2000,0.059491397285958,0.163714063,257.630360929239,,,7.56050554,2.83299994468689,88.4,47.077,24039274.0,Sub-Saharan Africa,Low income,6,1
Uganda,UGA,2001,0.0607849754486964,0.237945087,234.984077523751,,,8.34374797,3.15599989891052,84.9,48.12,24854892.0,Sub-Saharan Africa,Low income,6,1
Uganda,UGA,2002,0.0605984948779938,0.384093505,240.242322857961,68.1425094604492,0.047,8.75128368,3.5,80.9,49.242,25718048.0,Sub-Saharan Africa,Low income,6,1
Uganda,UGA,2003,0.0600496829649928,0.46484984,237.999591696099,,,8.65062186,3.59999990463257,76.7,50.394,26624820.0,Sub-Saharan Africa,Low income,6,1
Uganda,UGA,2004,0.0630488432495772,0.71997068,288.023694894406,,0.081,10.28578465,2.64499998092651,72.3,51.538,27568436.0,Sub-Saharan Africa,Low income,6,1
Uganda,UGA,2005,0.0760534109867103,1.742205503,315.788022726101,,0.12,10.301360604158114,1.89999997615814,68.0,52.64,28543940.0,Sub-Saharan Africa,Low income,6,1
Uganda,UGA,2006,0.0858716464626072,2.529363038,336.459392347713,71.3731384277344,,10.301360604158114,2.12299990653992,64.0,53.681,29550662.0,Sub-Saharan Africa,Low income,6,1
Uganda,UGA,2007,0.0944606079661301,3.671965351,401.850863088015,,,10.301360604158114,2.25600004196167,60.2,54.66,30590487.0,Sub-Saharan Africa,Low income,6,1
Uganda,UGA,2008,0.100754815516069,7.9,449.692818269711,,,10.301360604158114,2.66199994087219,56.7,55.574,31663896.0,Sub-Saharan Africa,Low income,6,1
Uganda,UGA,2009,0.103166875153237,9.78,554.404991041249,,,9.73873504,3.59999990463257,53.9,56.409,32771895.0,Sub-Saharan Africa,Low income,6,1
Uganda,UGA,2010,0.115583300233557,12.5,595.206173218473,73.2118835449219,0.117,10.301360604158114,3.6800000667572,51.0,57.153,33915133.0,Sub-Saharan Africa,Low income,6,1
Uganda,UGA,2011,0.121524014830262,13.01354333,574.919576811032,,,8.92494422,3.59500002861023,48.3,57.796,35093648.0,Sub-Saharan Africa,Low income,6,1
Uganda,UGA,2012,0.112110415912217,14.1,636.638204494567,70.1982192993164,,7.89319139,3.55100011825562,45.1,58.347,36306796.0,Sub-Saharan Africa,Low income,6,1
Uganda,UGA,2013,0.129674908955772,15.5,655.049531535843,,,7.2219794,1.9099999666214,42.9,58.819,37553726.0,Sub-Saharan Africa,Low income,6,1
Uganda,UGA,2014,0.134656000985545,16.9,702.795104025366,,,6.6980736,1.88800001144409,41.0,59.224,38833338.0,Sub-Saharan Africa,Low income,6,1
Uganda,UGA,2015,2.86129610832048,17.83485947,675.121139677403,,0.093,6.33395034,1.87000000476837,39.0,59.575,40144870.0,Sub-Saharan Africa,Low income,6,1
Uganda,UGA,2016,2.86129610832048,21.87617046,581.702772948812,,,6.16503174,1.79200005531311,37.0,59.889,41487965.0,Sub-Saharan Africa,Low income,6,1
Uganda,UGA,2017,2.86129610832048,23.70653091,606.468453487644,,,5.533000995,1.69799995422363,35.4,60.182,42862958.0,Sub-Saharan Africa,Low income,6,1
Uganda,UGA,2018,2.86129610832048,20.80096366,4234.64075149378,,,5.533000995,1.74199998378754,21.7,,,Sub-Saharan Africa,Low income,6,1
Ukraine,UKR,2000,6.52561877529799,0.716183762,635.708963537223,,2.978,5.30706484,11.7069997787476,15.8,67.6756097560976,49175848.0,Europe & Central Asia,Lower middle income,1,2
Ukraine,UKR,2001,6.60949131709243,1.238759547,779.977130712066,99.4304122924805,,5.5146315,11.0609998703003,15.1,67.8370731707317,48683865.0,Europe & Central Asia,Lower middle income,1,2
Ukraine,UKR,2002,6.61144067216431,1.873885116,878.618202111565,,,5.77166937,10.1359996795654,14.4,68.2756097560976,48202500.0,Europe & Central Asia,Lower middle income,1,2
Ukraine,UKR,2003,7.37105121102128,3.148127588,1047.50276856904,,2.951,6.30484974,9.05700016021729,13.7,68.2107317073171,47812950.0,Europe & Central Asia,Lower middle income,1,2
Ukraine,UKR,2004,7.2367678855929,3.489477881,1366.01722495517,,,5.94155964,8.59000015258789,13.0,68.1853658536585,47451600.0,Europe & Central Asia,Lower middle income,1,2
Ukraine,UKR,2005,7.08790191730628,3.749764415,1826.93220561452,,,6.11261388,7.17999982833862,12.5,67.9568292682927,47105150.0,Europe & Central Asia,Lower middle income,1,2
Ukraine,UKR,2006,6.97680495428825,4.506124564,2300.77147954494,,3.125,6.18080445,6.80999994277954,12.0,68.0775609756098,46787750.0,Europe & Central Asia,Lower middle income,1,2
Ukraine,UKR,2007,6.90739681375895,6.55,3065.61162347777,,,5.7956141,6.34999990463257,11.6,68.2221951219512,46509350.0,Europe & Central Asia,Lower middle income,1,2
Ukraine,UKR,2008,6.72364983937983,11.0,3887.24141243583,,,5.29497548,6.3600001335144,11.1,68.2514634146342,46258200.0,Europe & Central Asia,Lower middle income,1,2
Ukraine,UKR,2009,5.64781047177944,17.9,2542.99713594958,,,6.36454889,8.84000015258789,10.6,69.19,46053300.0,Europe & Central Asia,Lower middle income,1,2
Ukraine,UKR,2010,6.6413496850931,23.3,2965.14236549771,,3.494,6.98113901,8.10000038146973,10.1,70.2653658536586,45870700.0,Europe & Central Asia,Lower middle income,1,2
Ukraine,UKR,2011,6.26596231137638,28.70826284,3569.75702740477,,3.495,6.81617174,7.8600001335144,9.6,70.8092682926829,45706100.0,Europe & Central Asia,Lower middle income,1,2
Ukraine,UKR,2012,6.4876028056754,35.27,3855.4212801318,99.9743499755859,3.501,7.11666043,7.53000020980835,9.2,70.9441463414634,45593300.0,Europe & Central Asia,Lower middle income,1,2
Ukraine,UKR,2013,5.97664184780697,40.954129,4029.71550372131,,3.506,7.35535311,7.17000007629395,8.8,71.159512195122,45489600.0,Europe & Central Asia,Lower middle income,1,2
Ukraine,UKR,2014,5.02074706440171,46.23597546,3104.65829575449,,3.0,6.63534262,9.27000045776367,8.4,71.1865853658537,45271947.0,Europe & Central Asia,Lower middle income,1,2
Ukraine,UKR,2015,2.86129610832048,48.88464368,2124.66266591114,,,6.9562258,9.14000034332275,8.1,71.189512195122,45154029.0,Europe & Central Asia,Lower middle income,1,2
Ukraine,UKR,2016,2.86129610832048,53.0,2187.73199668415,,,6.72703787,9.35000038146973,7.8,71.4763414634146,45004645.0,Europe & Central Asia,Lower middle income,1,2
Ukraine,UKR,2017,2.86129610832048,57.11513856,2639.82432586795,,,5.533000995,9.51000022888184,7.5,71.7809756097561,44831135.0,Europe & Central Asia,Lower middle income,1,2
Ukraine,UKR,2018,2.86129610832048,20.80096366,4234.64075149378,,,5.533000995,9.38099956512451,21.7,,,Europe & Central Asia,Lower middle income,1,2
United Arab Emirates,ARE,2000,11.48600787602411,23.62530088,28490.211716540907,,,2.37413528,2.25,9.7,74.239,3154925.0,Middle East & North Africa,High income,3,0
United Arab Emirates,ARE,2001,11.48600787602411,26.2717542,28490.211716540907,,1.81,2.48437055,2.40300011634827,9.4,74.487,3326032.0,Middle East & North Africa,High income,3,0
United Arab Emirates,ARE,2002,11.48600787602411,28.31648531,28490.211716540907,,,2.71770866,2.64000010490417,9.1,74.73,3507232.0,Middle East & North Africa,High income,3,0
United Arab Emirates,ARE,2003,11.48600787602411,29.47795341,28490.211716540907,,,2.64634393,2.86700010299683,8.9,74.968,3741932.0,Middle East & North Africa,High income,3,0
United Arab Emirates,ARE,2004,11.48600787602411,30.13129617,28490.211716540907,,,2.46204336,3.03399991989136,8.6,75.2,4087931.0,Middle East & North Africa,High income,3,0
United Arab Emirates,ARE,2005,11.48600787602411,40.0,28490.211716540907,90.0338516235352,1.55,2.32019676,3.11999988555908,8.3,75.422,4579562.0,Middle East & North Africa,High income,3,0
United Arab Emirates,ARE,2006,11.48600787602411,52.0,28490.211716540907,,,2.32541382,2.77300000190735,8.1,75.632,5242032.0,Middle East & North Africa,High income,3,0
United Arab Emirates,ARE,2007,11.48600787602411,61.0,28490.211716540907,,1.533,2.56569632,2.46700000762939,7.8,75.828,6044067.0,Middle East & North Africa,High income,3,0
United Arab Emirates,ARE,2008,11.48600787602411,63.0,28490.211716540907,,1.929,2.92847511,2.33299994468689,7.6,76.012,6894278.0,Middle East & North Africa,High income,3,0
United Arab Emirates,ARE,2009,11.48600787602411,64.0,28490.211716540907,,1.558,4.04999315,2.69899988174438,7.4,76.183,7666393.0,Middle East & North Africa,High income,3,0
United Arab Emirates,ARE,2010,11.48600787602411,68.0,28490.211716540907,,1.531,3.87748451,2.66300010681152,7.2,76.344,8270684.0,Middle East & North Africa,High income,3,0
United Arab Emirates,ARE,2011,11.48600787602411,78.0,28490.211716540907,,,3.66753542,2.49399995803833,7.1,76.498,8672475.0,Middle East & North Africa,High income,3,0
United Arab Emirates,ARE,2012,11.48600787602411,84.9999915,28490.211716540907,,,3.42311687,2.40899991989136,7.0,76.648,8900453.0,Middle East & North Africa,High income,3,0
United Arab Emirates,ARE,2013,11.48600787602411,88.0,28490.211716540907,,,3.59005323,2.29200005531311,7.1,76.798,9006263.0,Middle East & North Africa,High income,3,0
United Arab Emirates,ARE,2014,11.48600787602411,90.4,28490.211716540907,,1.558,3.62966276,2.06100010871887,7.2,76.948,9070867.0,Middle East & North Africa,High income,3,0
United Arab Emirates,ARE,2015,2.86129610832048,90.5,28490.211716540907,,,3.58545347,1.83599996566772,7.5,77.101,9154302.0,Middle East & North Africa,High income,3,0
United Arab Emirates,ARE,2016,2.86129610832048,90.60000732,28490.211716540907,,,3.51684955,1.6360000371933,7.7,77.256,9269612.0,Middle East & North Africa,High income,3,0
United Arab Emirates,ARE,2017,2.86129610832048,94.81992254,28490.211716540907,,,5.533000995,2.46300005912781,7.8,77.412,9400145.0,Middle East & North Africa,High income,3,0
United Arab Emirates,ARE,2018,2.86129610832048,20.80096366,4234.64075149378,,,5.533000995,2.57500004768372,21.7,,,Middle East & North Africa,High income,3,0
United Kingdom,GBR,2000,9.19954923303155,26.82175435,27982.3557635787,,1.9,5.97178833,5.56199979782104,5.5,77.7414634146342,58892514.0,Europe & Central Asia,High income,1,0
United Kingdom,GBR,2001,9.23317498728384,33.48109487,27427.58750236,,2.0,6.32885945,4.69500017166138,5.4,77.9926829268293,59119673.0,Europe & Central Asia,High income,1,0
United Kingdom,GBR,2002,8.90412310805173,56.48,28490.211716540907,,2.3,6.58651645,5.03700017929077,5.3,78.1439024390244,59370479.0,Europe & Central Asia,High income,1,0
United Kingdom,GBR,2003,9.05327783893049,64.82,28490.211716540907,,2.2,6.85094628,4.80700016021729,5.3,78.4463414634146,59647577.0,Europe & Central Asia,High income,1,0
United Kingdom,GBR,2004,8.98914012749737,65.61,28490.211716540907,,,7.05063221,4.5939998626709,5.3,78.7463414634146,59987905.0,Europe & Central Asia,High income,1,0
United Kingdom,GBR,2005,8.98293853602857,70.0,28490.211716540907,,,7.18668365,4.75,5.1,79.0487804878049,60401206.0,Europe & Central Asia,High income,1,0
United Kingdom,GBR,2006,8.89871022018899,68.82,28490.211716540907,,,7.32728259,5.34999990463257,5.0,79.2487804878049,60846820.0,Europe & Central Asia,High income,1,0
United Kingdom,GBR,2007,8.61716368111307,75.09,28490.211716540907,,,7.43186387,5.26200008392334,4.9,79.4487804878049,61322463.0,Europe & Central Asia,High income,1,0
United Kingdom,GBR,2008,8.42442398307829,78.39,28490.211716540907,,,7.68101677,5.61499977111816,4.8,79.6,61806995.0,Europe & Central Asia,High income,1,0
United Kingdom,GBR,2009,7.57462213135116,83.56,28490.211716540907,,,8.52707632,7.53700017929077,4.6,80.0512195121951,62276270.0,Europe & Central Asia,High income,1,0
United Kingdom,GBR,2010,7.85783648614987,85.0,28490.211716540907,,2.697,8.47407792,7.78700017929077,4.4,80.4024390243902,62766365.0,Europe & Central Asia,High income,1,0
United Kingdom,GBR,2011,7.07929762567232,85.37999855,28490.211716540907,,2.745,8.42210613,8.03699970245361,4.2,80.9512195121951,63258918.0,Europe & Central Asia,High income,1,0
United Kingdom,GBR,2012,7.35589827677421,87.47999842,28490.211716540907,,2.757,8.33916884,7.88500022888184,4.1,80.9048780487805,63700300.0,Europe & Central Asia,High income,1,0
United Kingdom,GBR,2013,7.14584435876957,89.8441,28490.211716540907,,2.778,9.77234704,7.52500009536743,3.9,81.0048780487805,64128226.0,Europe & Central Asia,High income,1,0
United Kingdom,GBR,2014,6.49744049045117,91.61,28490.211716540907,,2.806,9.72392342,6.1100001335144,3.8,81.3048780487805,64613160.0,Europe & Central Asia,High income,1,0
United Kingdom,GBR,2015,2.86129610832048,92.0003,28490.211716540907,,2.807,9.79273451,5.30100011825562,3.8,80.9560975609756,65128861.0,Europe & Central Asia,High income,1,0
United Kingdom,GBR,2016,2.86129610832048,94.62,28490.211716540907,,2.825,9.7623484,4.81300020217896,3.7,81.1560975609756,65595565.0,Europe & Central Asia,High income,1,0
United Kingdom,GBR,2017,2.86129610832048,94.62,28490.211716540907,,,5.533000995,4.33500003814697,3.7,81.1560975609756,66023290.0,Europe & Central Asia,High income,1,0
United Kingdom,GBR,2018,2.86129610832048,20.80096366,4234.64075149378,,,5.533000995,3.9539999961853,21.7,,,Europe & Central Asia,High income,1,0
United States,USA,2000,11.48600787602411,43.07916264,28490.211716540907,,2.583,10.301360604158114,3.99200010299683,7.1,76.6365853658537,282162411.0,North America,High income,4,0
United States,USA,2001,11.48600787602411,49.08083159,28490.211716540907,,2.2,10.301360604158114,4.73099994659424,7.0,76.8365853658537,284968955.0,North America,High income,4,0
United States,USA,2002,11.48600787602411,58.78540388,28490.211716540907,,2.3,10.301360604158114,5.78299999237061,6.9,76.9365853658537,287625193.0,North America,High income,4,0
United States,USA,2003,11.48600787602411,61.69711712,28490.211716540907,,,10.301360604158114,5.98899984359741,6.8,77.0365853658537,290107933.0,North America,High income,4,0
United States,USA,2004,11.48600787602411,64.75825648,28490.211716540907,,2.704,10.301360604158114,5.52899980545044,6.9,77.4878048780488,292805298.0,North America,High income,4,0
United States,USA,2005,11.48600787602411,67.96805292,28490.211716540907,,,10.301360604158114,5.08300018310547,6.8,77.4878048780488,295516599.0,North America,High income,4,0
United States,USA,2006,11.48600787602411,68.93119327,28490.211716540907,,2.402,10.301360604158114,4.6230001449585,6.7,77.6878048780488,298379912.0,North America,High income,4,0
United States,USA,2007,11.48600787602411,75.0,28490.211716540907,,2.41,10.301360604158114,4.62200021743774,6.5,77.9878048780488,301231207.0,North America,High income,4,0
United States,USA,2008,11.48600787602411,74.0,28490.211716540907,,2.416,10.301360604158114,5.78399991989136,6.5,78.0390243902439,304093966.0,North America,High income,4,0
United States,USA,2009,11.48600787602411,71.0,28490.211716540907,,2.422,10.301360604158114,9.25399971008301,6.4,78.390243902439,306771529.0,North America,High income,4,0
United States,USA,2010,11.48600787602411,71.69,28490.211716540907,,2.429,10.301360604158114,9.63300037384033,6.2,78.5414634146342,309326085.0,North America,High income,4,0
United States,USA,2011,11.48600787602411,69.72946076,28490.211716540907,,2.458,10.301360604158114,8.94900035858154,6.1,78.6414634146341,311580009.0,North America,High income,4,0
United States,USA,2012,11.48600787602411,74.7,28490.211716540907,,2.492,10.301360604158114,8.06900024414063,6.1,78.7414634146342,313874218.0,North America,High income,4,0
United States,USA,2013,11.48600787602411,71.4,28490.211716540907,,2.554,10.301360604158114,7.375,6.0,78.7414634146342,316057727.0,North America,High income,4,0
United States,USA,2014,11.48600787602411,73.0,28490.211716540907,,2.568,10.301360604158114,6.16800022125244,5.9,78.8414634146341,318386421.0,North America,High income,4,0
United States,USA,2015,2.86129610832048,74.55420245,28490.211716540907,,,10.301360604158114,5.28000020980835,5.8,78.690243902439,320742673.0,North America,High income,4,0
United States,USA,2016,2.86129610832048,75.23264272,28490.211716540907,,,10.301360604158114,4.86899995803833,5.7,78.5390243902439,323071342.0,North America,High income,4,0
United States,USA,2017,2.86129610832048,75.23264272,28490.211716540907,,,5.533000995,4.35500001907349,5.7,78.5390243902439,325147121.0,North America,High income,4,0
United States,USA,2018,2.86129610832048,20.80096366,4234.64075149378,,,5.533000995,3.93300008773804,21.7,,,North America,High income,4,0
Upper middle income,UMC,2000,3.53921523664561,2.42940355156471,1880.91186282888,90.5403518676758,1.52273449738525,4.96212324675316,5.82818777780258,29.0,70.8273296477611,2260805982.0,,,7,3
Upper middle income,UMC,2001,3.58956973058128,3.5026258797841,1898.23586214905,90.7872619628906,,4.99346500159288,5.96300505085101,27.5,71.160642308719,2280191396.0,,,7,3
Upper middle income,UMC,2002,3.73837079636522,5.87220371684288,1963.49528491323,90.9664077758789,,5.20787269822483,6.25783670025657,26.0,71.4749870541955,2298541505.0,,,7,3
Upper middle income,UMC,2003,4.10259194584644,7.78252903758853,2177.28737849166,91.5094223022461,,5.30414203057834,6.47204320304694,24.5,71.7946541487519,2316548374.0,,,7,3
Upper middle income,UMC,2004,4.42979969370827,9.76184562241661,2590.06594684835,91.9189376831055,,5.22765280780462,6.19411488394415,23.0,72.1303351392015,2334313912.0,,,7,3
Upper middle income,UMC,2005,4.73226324198605,11.3698404029133,3094.33263481705,92.246208190918,,5.2182143034583,6.10646160842149,21.6,72.4205288506414,2352105140.0,,,7,3
Upper middle income,UMC,2006,5.04136495100357,13.8573268297197,3653.80534311281,92.4173812866211,,5.13850898654457,5.82747609924861,20.3,72.768119823519,2369650785.0,,,7,3
Upper middle income,UMC,2007,5.24886185027464,18.498605943661,4513.76100749157,93.3267974853516,,5.05413598134829,5.58674253252169,19.1,73.0834081711375,2386824787.0,,,7,3
Upper middle income,UMC,2008,5.5278118732361,23.2501056299704,5474.53094649744,93.5680236816406,,5.06888947820372,5.60994676977171,18.0,73.3561712354907,2404283410.0,,,7,3
Upper middle income,UMC,2009,5.59905763491732,28.2197578186945,5238.93004475377,93.7863693237305,,5.52359750271116,6.11136159498871,16.9,73.6538065259833,2422393813.0,,,7,3
Upper middle income,UMC,2010,5.98270552859711,33.4745079185746,6297.68602440625,93.8445663452148,,5.56509782591991,5.86095036622161,16.0,73.8936137851468,2440543075.0,,,7,3
Upper middle income,UMC,2011,6.4035808857418,37.7184641226562,7470.46258653335,94.1700973510742,,5.52398098668597,5.67659397753191,15.3,74.1790198545248,2459175685.0,,,7,3
Upper middle income,UMC,2012,6.55561387657223,42.366463400086,7953.3382882868,94.3053817749023,,5.56115981519116,5.66533007220773,14.5,74.4235102280132,2478491686.0,,,7,3
Upper middle income,UMC,2013,6.60549036074116,45.7345338552917,8403.06911838363,94.3426818847656,1.91673464666251,5.59940281441388,5.62450148818871,13.8,74.6679533053731,2498184210.0,,,7,3
Upper middle income,UMC,2014,6.58813517477518,48.5633969501638,8624.58071703883,94.5573196411133,,5.71410928928723,5.58615466214168,13.2,74.8763980989734,2517979764.0,,,7,3
Upper middle income,UMC,2015,2.86129610832048,51.9498446125051,7966.50430890846,94.782829284668,,5.72519426745821,5.76749052564718,12.6,75.0896973118869,2537437057.0,,,7,3
Upper middle income,UMC,2016,2.86129610832048,55.2661929977363,7870.59902567877,94.9529571533203,,5.81050593383246,6.02478465740094,12.2,75.2979947168711,2556921923.0,,,7,3
Upper middle income,UMC,2017,2.86129610832048,58.3286776923764,8610.31883672574,,,5.533000995,6.0267740971019,11.6,75.4995959587141,2576181497.0,,,7,3
Upper middle income,UMC,2018,2.86129610832048,20.80096366,4234.64075149378,,,5.533000995,5.9956561347599,21.7,,,,,7,3
Uruguay,URY,2000,1.59763853615135,10.53905775,6871.89767748079,,,10.00617302,13.0349998474121,14.8,74.805,3321245.0,Latin America & Caribbean,High income,2,0
Uruguay,URY,2001,1.52979814571415,11.12143768,6281.37704682865,,,10.301360604158114,12.9289999008179,14.4,75.022,3327103.0,Latin America & Caribbean,High income,2,0
Uruguay,URY,2002,1.38844206020062,11.4194702,4088.76885515511,,3.721,10.301360604158114,13.0389995574951,14.1,75.229,3327773.0,Latin America & Caribbean,High income,2,0
Uruguay,URY,2003,1.38271795749205,15.93713672,3622.05228427976,,,10.301360604158114,13.0860004425049,13.7,75.427,3325637.0,Latin America & Caribbean,High income,2,0
Uruguay,URY,2004,1.68783031536995,17.06309834,4117.30885333007,,,9.01832534,12.9790000915527,13.2,75.614,3324096.0,Latin America & Caribbean,High income,2,0
Uruguay,URY,2005,1.7366803463543,20.08818956,5220.95111632219,,,8.42670193,12.0089998245239,12.5,75.792,3325612.0,Latin America & Caribbean,High income,2,0
Uruguay,URY,2006,1.99585265035606,29.4,5877.87607846966,97.7896270751953,,8.51988335,10.8439998626709,11.7,75.961,3331043.0,Latin America & Caribbean,High income,2,0
Uruguay,URY,2007,1.79740854156056,34.0,7009.69704965585,97.8638916015625,4.181,8.22274659,9.40299987792969,10.9,76.124,3339741.0,Latin America & Caribbean,High income,2,0
Uruguay,URY,2008,2.46668222502883,39.3,9062.31217136226,98.1635589599609,3.938,8.18151794,8.02499961853027,10.2,76.282,3350824.0,Latin America & Caribbean,High income,2,0
Uruguay,URY,2009,2.39686388095475,41.8,9415.17038173445,98.2672271728516,,8.58708339,7.73999977111816,9.7,76.436,3362755.0,Latin America & Caribbean,High income,2,0
Uruguay,URY,2010,1.89304338677963,46.4,11938.212001755,98.0727081298828,3.736,8.57441765,7.15799999237061,9.2,76.588,3374415.0,Latin America & Caribbean,High income,2,0
Uruguay,URY,2011,2.29294186241591,51.40466106,14166.4990866454,98.3358993530273,,8.63544901,6.30700016021729,8.8,76.739,3385624.0,Latin America & Caribbean,High income,2,0
Uruguay,URY,2012,2.55961960411296,54.45376868,15092.0681918451,98.3959426879883,,8.76402574,6.45100021362305,8.5,76.89,3396777.0,Latin America & Caribbean,High income,2,0
Uruguay,URY,2013,2.22623587700135,57.69,16881.2056763151,98.3638687133789,,8.81984025,6.44399976730347,8.2,77.04,3408005.0,Latin America & Caribbean,High income,2,0
Uruguay,URY,2014,1.97315082177576,61.46,16737.8982724965,98.4359283447266,,8.77018402,6.54699993133545,8.0,77.19,3419546.0,Latin America & Caribbean,High income,2,0
Uruguay,URY,2015,2.86129610832048,64.6,15524.8424684038,98.5238723754883,,9.00828933,7.48799991607666,7.6,77.341,3431552.0,Latin America & Caribbean,High income,2,0
Uruguay,URY,2016,2.86129610832048,66.4,15298.3508918226,98.5604934692383,,9.06075776,7.84100008010864,7.3,77.493,3444006.0,Latin America & Caribbean,High income,2,0
Uruguay,URY,2017,2.86129610832048,68.27966256,16245.5983677431,98.61572265625,,5.533000995,7.8899998664856,7.0,77.645,3456750.0,Latin America & Caribbean,High income,2,0
Uruguay,URY,2018,2.86129610832048,20.80096366,4234.64075149378,,,5.533000995,7.96099996566772,21.7,,,Latin America & Caribbean,High income,2,0
Uzbekistan,UZB,2000,4.94226223509558,0.484347308,558.226802377,98.642578125,2.946,5.35697074,12.1190004348755,52.0,67.154,24650400.0,Europe & Central Asia,Lower middle income,1,2
Uzbekistan,UZB,2001,4.94516089879809,0.597567994,456.706289511583,,2.885,5.56930268,11.003999710083,50.1,67.366,24964450.0,Europe & Central Asia,Lower middle income,1,2
Uzbekistan,UZB,2002,5.07872067141899,1.081939742,383.343067990742,,,5.41106356,10.2069997787476,48.1,67.594,25271850.0,Europe & Central Asia,Lower middle income,1,2
Uzbekistan,UZB,2003,4.97277708354112,1.912595178,396.377979026633,,2.745,5.45982675,9.2209997177124,46.0,67.837,25567650.0,Europe & Central Asia,Lower middle income,1,2
Uzbekistan,UZB,2004,4.8798625521229,2.593725421,465.119886944025,,,5.06959774,8.05799961090088,44.0,68.094,25864350.0,Europe & Central Asia,Lower middle income,1,2
Uzbekistan,UZB,2005,4.48078335307831,3.343509888,546.776850185552,,2.65,5.03895692,6.92700004577637,41.9,68.367,26167000.0,Europe & Central Asia,Lower middle income,1,2
Uzbekistan,UZB,2006,4.5412060441894,6.388321967,654.283837283285,,,4.94939879,5.84999990463257,39.8,68.663,26488250.0,Europe & Central Asia,Lower middle income,1,2
Uzbekistan,UZB,2007,4.47374545928242,7.490604681,830.407694204322,,2.617,4.92602864,4.98999977111816,37.6,68.982,26868000.0,Europe & Central Asia,Lower middle income,1,2
Uzbekistan,UZB,2008,4.53801793222673,9.080114523,1082.28602501699,,,4.80328172,4.8899998664856,35.6,69.319,27302800.0,Europe & Central Asia,Lower middle income,1,2
Uzbekistan,UZB,2009,3.85817199305661,11.9,1213.26532816388,,2.561,5.14869498,5.03999996185303,33.6,69.665,27767400.0,Europe & Central Asia,Lower middle income,1,2
Uzbekistan,UZB,2010,3.64704888244685,15.9,1377.08214046938,,2.614,5.3533547,5.3600001335144,31.6,70.005,28562400.0,Europe & Central Asia,Lower middle income,1,2
Uzbekistan,UZB,2011,3.87480091617416,18.6,1564.96694510875,,2.576,5.34427633,4.96000003814697,29.6,70.322,29339400.0,Europe & Central Asia,Lower middle income,1,2
Uzbekistan,UZB,2012,3.88973319451208,23.6,1740.4682979775,,2.518,5.97192624,4.86999988555908,27.8,70.604,29774500.0,Europe & Central Asia,Lower middle income,1,2
Uzbekistan,UZB,2013,3.41744243334039,26.8,1907.55123335561,99.9948577880859,2.479,5.97029548,4.8600001335144,26.0,70.844,30243200.0,Europe & Central Asia,Lower middle income,1,2
Uzbekistan,UZB,2014,3.42072274584901,35.5,2050.44841384558,99.9805526733398,2.451,5.6760221,5.09000015258789,24.3,71.039,30757700.0,Europe & Central Asia,Lower middle income,1,2
Uzbekistan,UZB,2015,2.86129610832048,42.8,2137.57685230278,99.9838333129883,,6.0955821,5.15000009536743,22.7,71.192,31298900.0,Europe & Central Asia,Lower middle income,1,2
Uzbekistan,UZB,2016,2.86129610832048,46.79128694,2117.74443025761,99.986572265625,,6.33520937,5.15999984741211,21.3,71.314,31847900.0,Europe & Central Asia,Lower middle income,1,2
Uzbekistan,UZB,2017,2.86129610832048,52.30510079,1533.85203766488,,,5.533000995,4.97200012207031,20.0,71.42,32387200.0,Europe & Central Asia,Lower middle income,1,2
Uzbekistan,UZB,2018,2.86129610832048,20.80096366,4234.64075149378,,,5.533000995,5.22300004959106,21.7,,,Europe & Central Asia,Lower middle income,1,2
Vanuatu,VUT,2000,0.45574209863668,2.108336891,1469.84914894282,,,3.30429164,6.57800006866455,23.9,67.438,185063.0,East Asia & Pacific,Lower middle income,0,2
Vanuatu,VUT,2001,0.464937397643827,2.830572239,1362.60173131402,,,3.3598287,6.5770001411438,23.8,67.82,189290.0,East Asia & Pacific,Lower middle income,0,2
Vanuatu,VUT,2002,0.434846047557178,3.510038711,1353.9348192325,,,4.03163128,6.67600011825562,23.6,68.189,193956.0,East Asia & Pacific,Lower middle income,0,2
Vanuatu,VUT,2003,0.423900806175992,3.903295845,1580.50272432294,,,3.50691942,6.66499996185303,23.6,68.545,198964.0,East Asia & Pacific,Lower middle income,0,2
Vanuatu,VUT,2004,0.287406376902465,4.746602619,1787.94702306529,78.4000015258789,0.147,3.54000206,6.35799980163574,23.6,68.889,204143.0,East Asia & Pacific,Lower middle income,0,2
Vanuatu,VUT,2005,0.280231169699575,5.082333808,1886.43335881983,,,3.30551602,6.18699979782104,23.7,69.221,209370.0,East Asia & Pacific,Lower middle income,0,2
Vanuatu,VUT,2006,0.222103674161596,5.850585059,2047.09782277757,,,3.32189312,5.7810001373291,23.8,69.541,214634.0,East Asia & Pacific,Lower middle income,0,2
Vanuatu,VUT,2007,0.450137074738694,6.8,2393.36726457511,,0.118,3.04855366,5.3730001449585,24.0,69.852,219953.0,East Asia & Pacific,Lower middle income,0,2
Vanuatu,VUT,2008,0.423102866779089,7.269119923,2697.96137456029,,0.115,3.04926729,5.05800008773804,24.1,70.152,225340.0,East Asia & Pacific,Lower middle income,0,2
Vanuatu,VUT,2009,0.524345169746734,7.5,2643.44142250605,,,3.15908954,5.46000003814697,24.2,70.442,230785.0,East Asia & Pacific,Lower middle income,0,2
Vanuatu,VUT,2010,0.512118326667936,8.0,2965.80243434839,,0.116,3.37518748,5.63600015640259,24.4,70.721,236295.0,East Asia & Pacific,Lower middle income,0,2
Vanuatu,VUT,2011,0.545795072580012,9.2,3275.0916839105,,,3.49827919,5.88800001144409,24.5,70.988,241871.0,East Asia & Pacific,Lower middle income,0,2
Vanuatu,VUT,2012,0.459328848213023,10.598,3158.58688044147,,0.186,3.7651373,6.05100011825562,24.5,71.241,247485.0,East Asia & Pacific,Lower middle income,0,2
Vanuatu,VUT,2013,0.420092280222168,11.3,3167.34305591771,,,4.1541365,5.99100017547607,24.3,71.481,253142.0,East Asia & Pacific,Lower middle income,0,2
Vanuatu,VUT,2014,0.594993239327796,18.8,3148.3651032298,84.6999969482422,,3.45589292,5.86999988555908,24.0,71.709,258850.0,East Asia & Pacific,Lower middle income,0,2
Vanuatu,VUT,2015,2.86129610832048,22.35140458,2788.77091878844,,,4.15322859,5.52600002288818,23.6,71.925,264603.0,East Asia & Pacific,Lower middle income,0,2
Vanuatu,VUT,2016,2.86129610832048,24.0,2913.96723179505,,,3.69175091,5.69399976730347,23.2,72.133,270402.0,East Asia & Pacific,Lower middle income,0,2
Vanuatu,VUT,2017,2.86129610832048,25.71978784,3123.61459082387,,,5.533000995,5.4229998588562,22.6,72.334,276244.0,East Asia & Pacific,Lower middle income,0,2
Vanuatu,VUT,2018,2.86129610832048,20.80096366,4234.64075149378,,,5.533000995,5.40899991989136,21.7,,,East Asia & Pacific,Lower middle income,0,2
"Venezuela, RB",VEN,2000,6.22428968235495,3.359597465,4783.53059167799,,,5.00301296,13.9899997711182,18.5,72.281,24488340.0,Latin America & Caribbean,Upper middle income,2,4
"Venezuela, RB",VEN,2001,6.91775140894378,4.636000948,4926.31133879699,92.9798278808594,1.925,5.39701617,13.039999961853,17.9,72.507,24948476.0,Latin America & Caribbean,Upper middle income,2,4
"Venezuela, RB",VEN,2002,7.60829581993569,4.910446327,3655.97561991188,,,5.07938686,16.1700000762939,17.4,72.704,25408700.0,Latin America & Caribbean,Upper middle income,2,4
"Venezuela, RB",VEN,2003,7.42613441826578,7.499963465,3232.52427601329,,,5.24062789,16.7800006866455,16.9,72.872,25868523.0,Latin America & Caribbean,Upper middle income,2,4
"Venezuela, RB",VEN,2004,5.76335432237921,8.404469592,4271.37240364735,,,4.92799646,15.0699996948242,16.4,73.015,26327225.0,Latin America & Caribbean,Upper middle income,2,4
"Venezuela, RB",VEN,2005,6.1639292714825,12.55299791,5432.68867502513,,,4.84418275,10.6630001068115,15.9,73.134,26784161.0,Latin America & Caribbean,Upper middle income,2,4
"Venezuela, RB",VEN,2006,6.2231860018632,15.22471148,6735.79758838059,,,5.18018866,8.60599994659424,15.4,73.235,27239168.0,Latin America & Caribbean,Upper middle income,2,4
"Venezuela, RB",VEN,2007,5.80626723311256,20.83,8318.8033993141,95.1546401977539,,5.76939532,7.27899980545044,15.0,73.327,27691965.0,Latin America & Caribbean,Upper middle income,2,4
"Venezuela, RB",VEN,2008,6.36474017686422,25.88,11227.2313784685,,,5.73029425,6.24499988555908,14.6,73.419,28141701.0,Latin America & Caribbean,Upper middle income,2,4
"Venezuela, RB",VEN,2009,6.28912833146356,32.7,11536.1493949074,95.5119934082031,,6.97183081,8.05000019073486,14.4,73.516,28587323.0,Latin America & Caribbean,Upper middle income,2,4
"Venezuela, RB",VEN,2010,6.51337691396451,37.37,13545.2634531128,,,6.12106192,8.44999980926514,14.3,73.625,29028033.0,Latin America & Caribbean,Upper middle income,2,4
"Venezuela, RB",VEN,2011,6.00145923956696,40.22,10741.5763839947,94.7702178955078,,6.43690105,6.90199995040894,14.3,73.748,29463291.0,Latin America & Caribbean,Upper middle income,2,4
"Venezuela, RB",VEN,2012,6.64923346808024,49.05008307,12755.0000818807,,,5.44087389,6.60099983215332,14.6,73.885,29893080.0,Latin America & Caribbean,Upper middle income,2,4
"Venezuela, RB",VEN,2013,6.06646131348109,54.9,12237.1937410124,,,5.18552045,7.53999996185303,15.4,74.035,30317848.0,Latin America & Caribbean,Upper middle income,2,4
"Venezuela, RB",VEN,2014,6.02569758235129,57.0,15692.412877729,,,5.77645067,6.94999980926514,16.9,74.196,30738378.0,Latin America & Caribbean,Upper middle income,2,4
"Venezuela, RB",VEN,2015,2.86129610832048,60.0,4234.64075149378,96.6052169799805,,5.12893425,6.82000017166138,19.2,74.367,31155134.0,Latin America & Caribbean,Upper middle income,2,4
"Venezuela, RB",VEN,2016,2.86129610832048,60.0,4234.64075149378,97.1270904541016,,3.21708435,7.46000003814697,22.2,74.545,31568179.0,Latin America & Caribbean,Upper middle income,2,4
"Venezuela, RB",VEN,2017,2.86129610832048,64.31336383,4234.64075149378,,,5.533000995,7.42199993133545,25.7,74.726,31977065.0,Latin America & Caribbean,Upper middle income,2,4
"Venezuela, RB",VEN,2018,2.86129610832048,20.80096366,4234.64075149378,,,5.533000995,8.36499977111816,21.7,,,Latin America & Caribbean,Upper middle income,2,4
Vietnam,VNM,2000,0.66817173179905,0.254248276,388.270538646989,90.1561279296875,,4.84926955,2.25999999046326,23.4,73.265,80285562.0,East Asia & Pacific,Lower middle income,0,2
Vietnam,VNM,2001,0.753511856475972,1.265651236,402.825133893778,,0.522,5.72810675,2.75999999046326,22.5,73.487,81139919.0,East Asia & Pacific,Lower middle income,0,2
Vietnam,VNM,2002,0.863947416687995,1.854999236,427.838026418729,,0.549,4.57058727,2.11999988555908,21.6,73.695,81956496.0,East Asia & Pacific,Lower middle income,0,2
Vietnam,VNM,2003,0.95189589767503,3.780280814,477.989496743406,,,4.65504867,2.25,20.9,73.893,82747662.0,East Asia & Pacific,Lower middle income,0,2
Vietnam,VNM,2004,1.08406259060619,7.642408528,543.865887104577,,,4.82393295,2.14000010490417,20.3,74.082,83527678.0,East Asia & Pacific,Lower middle income,0,2
Vietnam,VNM,2005,1.16409601303626,12.73992929,683.596803935183,,0.611,5.09650567,2.22499990463257,19.8,74.263,84308843.0,East Asia & Pacific,Lower middle income,0,2
Vietnam,VNM,2006,1.20742858505374,17.25456172,779.974893324258,,0.621,5.3919969,2.17400002479553,19.4,74.438,85094617.0,East Asia & Pacific,Lower middle income,0,2
Vietnam,VNM,2007,1.22101564345574,20.75544477,901.324893182575,,0.639,5.46279973,2.02600002288818,19.1,74.609,85889590.0,East Asia & Pacific,Lower middle income,0,2
Vietnam,VNM,2008,1.36081249482962,23.92,1143.26857509773,,0.662,5.14778064,2.38000011444092,18.8,74.777,86707801.0,East Asia & Pacific,Lower middle income,0,2
Vietnam,VNM,2009,1.46901267757483,26.55,1210.69110967785,93.5204467773438,0.695,5.29355099,1.73699998855591,18.5,74.946,87565407.0,East Asia & Pacific,Lower middle income,0,2
Vietnam,VNM,2010,1.61335958223951,30.65,1310.37027294129,,0.695,5.96677208,1.1139999628067,18.3,75.117,88472512.0,East Asia & Pacific,Lower middle income,0,2
Vietnam,VNM,2011,1.70142228279496,35.07,1515.47992520504,,1.152,5.8739756,0.999000012874603,18.1,75.294,89436644.0,East Asia & Pacific,Lower middle income,0,2
Vietnam,VNM,2012,1.57233798156171,36.8,1722.68393092336,,0.816,6.27841012,1.02699995040894,17.9,75.476,90451881.0,East Asia & Pacific,Lower middle income,0,2
Vietnam,VNM,2013,1.60911159266528,38.5,1871.32549052319,,1.18,6.33500584,1.25199997425079,17.7,75.663,91497725.0,East Asia & Pacific,Lower middle income,0,2
Vietnam,VNM,2014,1.80356574966869,41.0,2012.0462904122,,0.777,5.78317711,1.25600004196167,17.5,75.855,92544915.0,East Asia & Pacific,Lower middle income,0,2
Vietnam,VNM,2015,2.86129610832048,43.5,2065.16909895862,,0.79,5.65262114,1.85899996757507,17.3,76.052,93571567.0,East Asia & Pacific,Lower middle income,0,2
Vietnam,VNM,2016,2.86129610832048,46.5,2170.64805431211,,0.821,5.65919354,1.85099995136261,17.0,76.253,94569072.0,East Asia & Pacific,Lower middle income,0,2
Vietnam,VNM,2017,2.86129610832048,49.56909734,2342.24400272117,,,5.533000995,1.8860000371933,16.7,76.454,95540800.0,East Asia & Pacific,Lower middle income,0,2
Vietnam,VNM,2018,2.86129610832048,20.80096366,4234.64075149378,,,5.533000995,1.89100003242493,21.7,,,East Asia & Pacific,Lower middle income,0,2
Virgin Islands (U.S.),VIR,2000,2.86129610832048,13.81508054,4234.64075149378,,,5.533000995,8.9980001449585,21.7,76.619512195122,108642.0,Latin America & Caribbean,High income,2,0
Virgin Islands (U.S.),VIR,2001,2.86129610832048,18.37576604,4234.64075149378,,,5.533000995,8.92399978637695,21.7,77.6731707317073,108549.0,Latin America & Caribbean,High income,2,0
Virgin Islands (U.S.),VIR,2002,2.86129610832048,27.49443238,28490.211716540907,,,5.533000995,9.00100040435791,21.7,77.6219512195122,108510.0,Latin America & Caribbean,High income,2,0
Virgin Islands (U.S.),VIR,2003,2.86129610832048,27.42907299,28490.211716540907,,,5.533000995,9.03400039672852,21.7,77.5731707317073,108506.0,Latin America & Caribbean,High income,2,0
Virgin Islands (U.S.),VIR,2004,2.86129610832048,27.37700879,28490.211716540907,,,5.533000995,8.96000003814697,21.7,77.8731707317073,108467.0,Latin America & Caribbean,High income,2,0
Virgin Islands (U.S.),VIR,2005,2.86129610832048,27.34431967,28490.211716540907,,,5.533000995,8.77200031280518,21.7,77.4219512195122,108454.0,Latin America & Caribbean,High income,2,0
Virgin Islands (U.S.),VIR,2006,2.86129610832048,27.33261054,28490.211716540907,,,5.533000995,8.47200012207031,21.7,78.4756097560976,108371.0,Latin America & Caribbean,High income,2,0
Virgin Islands (U.S.),VIR,2007,2.86129610832048,27.33933584,28490.211716540907,,,5.533000995,8.1879997253418,21.7,76.8609756097561,108339.0,Latin America & Caribbean,High income,2,0
Virgin Islands (U.S.),VIR,2008,2.86129610832048,27.36177742,28490.211716540907,,,5.533000995,8.17399978637695,21.7,77.2634146341463,108399.0,Latin America & Caribbean,High income,2,0
Virgin Islands (U.S.),VIR,2009,2.86129610832048,27.39650968,28490.211716540907,,,5.533000995,9.05000019073486,21.7,77.6146341463415,108405.0,Latin America & Caribbean,High income,2,0
Virgin Islands (U.S.),VIR,2010,2.86129610832048,31.22,28490.211716540907,,,5.533000995,9.24199962615967,21.7,77.9658536585366,108358.0,Latin America & Caribbean,High income,2,0
Virgin Islands (U.S.),VIR,2011,2.86129610832048,35.6,28490.211716540907,,,5.533000995,9.20100021362305,21.7,78.4170731707317,108292.0,Latin America & Caribbean,High income,2,0
Virgin Islands (U.S.),VIR,2012,2.86129610832048,40.5479,28490.211716540907,,,5.533000995,9.30900001525879,21.7,78.6682926829268,108191.0,Latin America & Caribbean,High income,2,0
Virgin Islands (U.S.),VIR,2013,2.86129610832048,45.3,28490.211716540907,,,5.533000995,9.35799980163574,21.7,78.8682926829268,108044.0,Latin America & Caribbean,High income,2,0
Virgin Islands (U.S.),VIR,2014,2.86129610832048,50.07,28490.211716540907,,,5.533000995,9.1540002822876,21.7,78.9682926829268,107884.0,Latin America & Caribbean,High income,2,0
Virgin Islands (U.S.),VIR,2015,2.86129610832048,54.8391373,28490.211716540907,,,5.533000995,8.92300033569336,21.7,79.1682926829268,107710.0,Latin America & Caribbean,High income,2,0
Virgin Islands (U.S.),VIR,2016,2.86129610832048,59.6083158,4234.64075149378,,,5.533000995,8.70600032806396,21.7,79.2682926829268,107510.0,Latin America & Caribbean,High income,2,0
Virgin Islands (U.S.),VIR,2017,2.86129610832048,64.3774943,4234.64075149378,,,5.533000995,8.46199989318848,21.7,79.419512195122,107268.0,Latin America & Caribbean,High income,2,0
Virgin Islands (U.S.),VIR,2018,2.86129610832048,20.80096366,4234.64075149378,,,5.533000995,8.40999984741211,21.7,,,Latin America & Caribbean,High income,2,0
West Bank and Gaza,PSE,2000,0.271057675624788,1.111306207,1476.17185000238,,,5.533000995,13.5340003967285,25.1,70.778,2922153.0,Middle East & North Africa,Lower middle income,3,2
West Bank and Gaza,PSE,2001,0.450151178337065,1.836854839,1335.55319529359,,0.837,5.533000995,17.547250032424937,24.5,70.95,2997784.0,Middle East & North Africa,Lower middle income,3,2
West Bank and Gaza,PSE,2002,0.375598342054769,3.100092235,1156.21747345769,,,5.533000995,17.547250032424937,23.9,71.115,3075373.0,Middle East & North Africa,Lower middle income,3,2
West Bank and Gaza,PSE,2003,0.405640435769733,4.130616356,1257.69857009689,,,5.533000995,17.547250032424937,23.3,71.277,3154969.0,Middle East & North Africa,Lower middle income,3,2
West Bank and Gaza,PSE,2004,0.57668170496066,4.400904826,1337.56572430673,92.2799682617188,,5.533000995,17.547250032424937,22.7,71.44,3236626.0,Middle East & North Africa,Lower middle income,3,2
West Bank and Gaza,PSE,2005,0.826080985521004,16.005,1455.18787518115,,,5.533000995,17.547250032424937,22.2,71.605,3320396.0,Middle East & North Africa,Lower middle income,3,2
West Bank and Gaza,PSE,2006,0.665291777024802,18.41,1441.46170046742,93.4500122070313,,5.533000995,17.547250032424937,21.7,71.773,3406334.0,Middle East & North Africa,Lower middle income,3,2
West Bank and Gaza,PSE,2007,0.665297084329185,21.176,1575.56340027289,93.8821411132813,,5.533000995,17.547250032424937,21.2,71.942,3494496.0,Middle East & North Africa,Lower middle income,3,2
West Bank and Gaza,PSE,2008,0.570947493916625,24.358,1855.45702045882,92.5361633300781,,5.533000995,17.547250032424937,20.7,72.11,3596688.0,Middle East & North Africa,Lower middle income,3,2
West Bank and Gaza,PSE,2009,0.564577774728555,32.23,1963.20151865719,94.5991668701172,,5.533000995,17.547250032424937,20.3,72.277,3702218.0,Middle East & North Africa,Lower middle income,3,2
West Bank and Gaza,PSE,2010,0.53401483350485,37.4,2338.71987682303,94.9320068359375,,5.533000995,17.547250032424937,19.9,72.444,3811102.0,Middle East & North Africa,Lower middle income,3,2
West Bank and Gaza,PSE,2011,0.572406877323468,41.08,2664.95138463952,95.2672424316406,,5.533000995,17.547250032424937,19.6,72.613,3927051.0,Middle East & North Africa,Lower middle income,3,2
West Bank and Gaza,PSE,2012,0.54367527152258,43.4,2787.16973802917,95.9062194824219,,5.533000995,17.547250032424937,19.4,72.783,4046901.0,Middle East & North Africa,Lower middle income,3,2
West Bank and Gaza,PSE,2013,0.584854656642777,46.6,2992.20099455427,96.2848968505859,,5.533000995,17.547250032424937,19.1,72.954,4169506.0,Middle East & North Africa,Lower middle income,3,2
West Bank and Gaza,PSE,2014,2.86129610832048,53.67,2960.77800405245,96.4283905029297,,5.533000995,17.547250032424937,18.9,73.126,4294682.0,Middle East & North Africa,Lower middle income,3,2
West Bank and Gaza,PSE,2015,2.86129610832048,57.42419241,2865.80510851865,96.6907272338867,,5.533000995,17.547250032424937,18.6,73.299,4422143.0,Middle East & North Africa,Lower middle income,3,2
West Bank and Gaza,PSE,2016,2.86129610832048,61.17838483,2949.68808537545,96.9302291870117,,5.533000995,17.547250032424937,18.3,73.473,4551566.0,Middle East & North Africa,Lower middle income,3,2
West Bank and Gaza,PSE,2017,2.86129610832048,65.2,3094.72574681783,,,5.533000995,17.547250032424937,17.9,73.646,4684777.0,Middle East & North Africa,Lower middle income,3,2
West Bank and Gaza,PSE,2018,2.86129610832048,20.80096366,4234.64075149378,,,5.533000995,17.547250032424937,21.7,,,Middle East & North Africa,Lower middle income,3,2
World,WLD,2000,4.03339505137217,6.74323018871102,5490.16127114812,81.4803237915039,1.28875819493253,8.56614145219322,5.4843552967036,53.6,67.6828091492901,6121371868.0,,,7,3
World,WLD,2001,4.07633270502024,8.07706329262291,5388.1048747673,81.7431411743164,,8.96850565391855,5.55923423227097,51.9,67.9789340060485,6200826289.0,,,7,3
World,WLD,2002,4.08391163102438,10.5489331933289,5524.9064263729,82.0751190185547,,9.31508147731779,5.82965275177834,50.1,68.2490159044366,6280008070.0,,,7,3
World,WLD,2003,4.25319537137246,12.234763211745,6122.92843610287,82.5675201416016,,9.46609628955942,5.92563909430547,48.3,68.5234508671715,6359405021.0,,,7,3
World,WLD,2004,4.40937473644293,14.1273630392821,6810.93194723175,83.0386276245117,,9.35529572263039,5.73422309199263,46.6,68.861765553068,6439366735.0,,,7,3
World,WLD,2005,4.52309695225202,15.7291032917782,7285.44177650136,83.0006637573242,,9.30133656974538,5.60922855126585,44.9,69.135427012369,6519872183.0,,,7,3
World,WLD,2006,4.63077209363736,17.4925263247273,7796.60622027907,82.9978179931641,,9.20471106556648,5.24797163128715,43.2,69.4749668237429,6601083228.0,,,7,3
World,WLD,2007,4.66574164363087,20.4254798468558,8674.32420980705,83.5106964111328,,9.04382895937147,4.94569900511356,41.6,69.794077039801,6682860600.0,,,7,3
World,WLD,2008,4.75637811873496,22.9505607103817,9398.10094305832,83.8322296142578,,9.06152138347807,4.95264134473692,40.1,70.0832778583585,6765986891.0,,,7,3
World,WLD,2009,4.65624605252796,25.3563448209684,8801.74582559018,84.1478729248047,,9.82160208807071,5.60841650810863,38.6,70.4056746778239,6849272706.0,,,7,3
World,WLD,2010,4.82825991549983,28.7336041746693,9525.49173185263,84.5641021728516,,9.56856467493236,5.48316257109486,37.2,70.6830095124016,6932596129.0,,,7,3
World,WLD,2011,4.96771683741417,31.1245061341395,10459.0292399576,84.5973892211914,,9.45152838506178,5.35166333913889,35.8,70.9717043013494,7014792135.0,,,7,3
World,WLD,2012,4.99638437352937,34.1934316686336,10573.0542829747,85.3638916015625,,9.46236745099493,5.35866252718504,34.5,71.2156098828062,7099311892.0,,,7,3
World,WLD,2013,4.98793070184586,36.7246385665545,10747.4057204667,85.4905090332031,1.48895582878089,9.50548799020032,5.35822290444828,33.3,71.4598778199977,7184861447.0,,,7,3
World,WLD,2014,4.9701551571304,39.7719529967335,10908.9848258616,85.8093414306641,,9.59503720331739,5.19566313291825,32.2,71.6929819628136,7271057715.0,,,7,3
World,WLD,2015,2.86129610832048,42.9629588914388,10199.1034516752,86.0172119140625,,9.88373956968417,5.22084357978595,31.2,71.8565563004335,7357233590.0,,,7,3
World,WLD,2016,2.86129610832048,45.6732900276397,10229.4528373402,86.2477569580078,,10.0213169294642,5.22039031344384,30.3,72.0566430699857,7443810911.0,,,7,3
World,WLD,2017,2.86129610832048,48.565130757136,10748.7101269768,,,5.533000995,5.05485004854304,29.4,72.2315888893425,7529719387.0,,,7,3
World,WLD,2018,2.86129610832048,20.80096366,4234.64075149378,,,5.533000995,4.95900675817216,21.7,,,,,7,3
"Yemen, Rep.",YEM,2000,0.819163987138264,0.082500387,540.004737395739,,,4.66606557,11.4409999847412,68.9,60.382,17874725.0,Middle East & North Africa,Low income,3,1
"Yemen, Rep.",YEM,2001,0.881349701891802,0.090802459,536.241854382259,,0.219,4.94514815,11.5909996032715,66.0,60.631,18390135.0,Middle East & North Africa,Low income,3,1
"Yemen, Rep.",YEM,2002,0.833251432316381,0.518796032,565.279713864571,,,4.83237986,11.9230003356934,63.0,60.903,18919179.0,Middle East & North Africa,Low income,3,1
"Yemen, Rep.",YEM,2003,0.889142767121674,0.6047341,605.174937228709,,,5.75758302,11.9139995574951,60.0,61.2,19462086.0,Middle East & North Africa,Low income,3,1
"Yemen, Rep.",YEM,2004,0.943264168358723,0.881222989,693.048135648474,54.0999984741211,0.338,5.51440444,11.8669996261597,57.3,61.52,20017068.0,Middle East & North Africa,Low income,3,1
"Yemen, Rep.",YEM,2005,0.973808146917103,1.048597934,813.603661238484,,,5.2058525,11.798999786377,54.6,61.857,20582927.0,Middle East & North Africa,Low income,3,1
"Yemen, Rep.",YEM,2006,1.00735978591088,1.247824049,900.826916094261,,,5.52930147,11.6059999465942,52.0,62.205,21160534.0,Middle East & North Africa,Low income,3,1
"Yemen, Rep.",YEM,2007,0.964139106056771,5.01,995.353320558745,,,5.82077576,11.3380002975464,49.6,62.552,21751605.0,Middle East & North Africa,Low income,3,1
"Yemen, Rep.",YEM,2008,0.999238383332981,6.89,1203.72073300004,,0.31,5.76191628,11.3430004119873,47.2,62.888,22356391.0,Middle East & North Africa,Low income,3,1
"Yemen, Rep.",YEM,2009,1.06905949524371,9.96,1093.81291773535,,0.31,5.98619992,12.5129995346069,45.2,63.208,22974929.0,Middle East & North Africa,Low income,3,1
"Yemen, Rep.",YEM,2010,0.992601743761824,12.35,1309.23195973585,,,5.15932879,12.9049997329712,43.9,63.508,23606779.0,Middle East & North Africa,Low income,3,1
"Yemen, Rep.",YEM,2011,0.810900295008215,14.905,1349.42024978639,,,4.76953228,13.0579996109009,43.3,63.786,24252206.0,Middle East & North Africa,Low income,3,1
"Yemen, Rep.",YEM,2012,0.749446817858344,17.4465,1421.17157469387,,,5.19593612,13.2519998550415,43.2,64.046,24909969.0,Middle East & North Africa,Low income,3,1
"Yemen, Rep.",YEM,2013,0.996884970403485,20.0,1580.18160062955,,,4.96083159,13.5069999694824,43.2,64.291,25576322.0,Middle East & North Africa,Low income,3,1
"Yemen, Rep.",YEM,2014,0.864834534752234,22.55,1647.03365674887,,0.311,4.84180493,13.4670000076294,43.2,64.523,26246327.0,Middle East & North Africa,Low income,3,1
"Yemen, Rep.",YEM,2015,2.86129610832048,24.08540947,1693.90781476992,,,5.60372913,14.0229997634888,43.2,64.743,26916207.0,Middle East & North Africa,Low income,3,1
"Yemen, Rep.",YEM,2016,2.86129610832048,24.57920836,1320.92412660691,,,5.533000995,13.5240001678467,43.2,64.953,27584213.0,Middle East & North Africa,Low income,3,1
"Yemen, Rep.",YEM,2017,2.86129610832048,26.71835477,1106.80390649944,,,5.533000995,13.1750001907349,43.2,65.157,28250420.0,Middle East & North Africa,Low income,3,1
"Yemen, Rep.",YEM,2018,2.86129610832048,20.80096366,4234.64075149378,,,5.533000995,12.9340000152588,21.7,,,Middle East & North Africa,Low income,3,1
Zambia,ZMB,2000,0.173056761414465,0.191071643,341.905562491998,,,7.15237104,12.9300003051758,91.04999999999998,44.702,10531221.0,Sub-Saharan Africa,Lower middle income,6,2
Zambia,ZMB,2001,0.176165740879748,0.233129556,378.273623791235,,,6.55248451,13.8100004196167,91.04999999999998,45.448,10824125.0,Sub-Saharan Africa,Lower middle income,6,2
Zambia,ZMB,2002,0.178396945651909,0.477750907,377.130524441172,69.1492233276367,,6.79403522,14.4910001754761,85.3,46.33,11120409.0,Sub-Saharan Africa,Lower middle income,6,2
Zambia,ZMB,2003,0.184923389841905,0.980483039,429.15834335486,,,7.18999441,14.8249998092651,79.0,47.33,11421984.0,Sub-Saharan Africa,Lower middle income,6,2
Zambia,ZMB,2004,0.182853856535933,2.013549532,530.277221717783,,0.128,7.04994953,15.2650003433228,72.7,48.432,11731746.0,Sub-Saharan Africa,Lower middle income,6,2
Zambia,ZMB,2005,0.189858810324062,2.851752261,691.317816426353,,0.054,6.86332175,15.8999996185303,66.8,49.63,12052156.0,Sub-Saharan Africa,Lower middle income,6,2
Zambia,ZMB,2006,0.185075705098565,4.159913394,1030.15419934654,,0.052,5.87367326,12.5,62.7,50.929,12383446.0,Sub-Saharan Africa,Lower middle income,6,2
Zambia,ZMB,2007,0.151567337792769,4.87,1104.58798487761,61.4282913208008,,4.35264985,9.98700046539307,60.9,52.313,12725974.0,Sub-Saharan Africa,Lower middle income,6,2
Zambia,ZMB,2008,0.165936264405389,5.55,1369.06824870969,,0.061,4.01207526,7.92999982833862,57.9,53.749,13082517.0,Sub-Saharan Africa,Lower middle income,6,2
Zambia,ZMB,2009,0.186396423356975,6.31,1139.11023298085,,0.059,4.4268045,10.6230001449585,55.6,55.194,13456417.0,Sub-Saharan Africa,Lower middle income,6,2
Zambia,ZMB,2010,0.194337298690913,10.0,1463.21357310715,83.0076675415039,0.06,3.71929597,13.1899995803833,53.4,56.588,13850033.0,Sub-Saharan Africa,Lower middle income,6,2
Zambia,ZMB,2011,0.205910777583577,11.5,1644.61967241117,,0.161,3.46053231,10.1999998092651,51.5,57.872,14264756.0,Sub-Saharan Africa,Lower middle income,6,2
Zambia,ZMB,2012,0.249456851413717,13.4682,1734.93061223334,,0.162,3.93052913,7.84999990463257,49.6,59.011,14699937.0,Sub-Saharan Africa,Lower middle income,6,2
Zambia,ZMB,2013,0.2611125299524,15.4,1850.79335943919,,,4.69091009,7.80100011825562,48.3,59.982,15153210.0,Sub-Saharan Africa,Lower middle income,6,2
Zambia,ZMB,2014,0.288271141095299,19.0,1738.08820161939,,,3.82924219,7.70699977874756,46.3,60.775,15620974.0,Sub-Saharan Africa,Lower middle income,6,2
Zambia,ZMB,2015,2.86129610832048,21.0,1313.88964550765,,,4.43510226,7.44600009918213,44.2,61.397,16100587.0,Sub-Saharan Africa,Lower middle income,6,2
Zambia,ZMB,2016,2.86129610832048,25.50657885,1262.98968188557,,0.091,4.47720737,7.37200021743774,43.0,61.874,16591390.0,Sub-Saharan Africa,Lower middle income,6,2
Zambia,ZMB,2017,2.86129610832048,27.8525791,1513.27631610687,,,5.533000995,7.20599985122681,41.5,62.255,17094130.0,Sub-Saharan Africa,Lower middle income,6,2
Zambia,ZMB,2018,2.86129610832048,20.80096366,4234.64075149378,,,5.533000995,7.20900011062622,21.7,,,Sub-Saharan Africa,Lower middle income,6,2
Zimbabwe,ZWE,2000,1.13920087224522,0.401433535,547.358878491368,,,5.533000995,5.70300006866455,58.4,44.841,12222251.0,Sub-Saharan Africa,Low income,6,1
Zimbabwe,ZWE,2001,1.01859751992635,0.799846046,548.058731223463,,,5.533000995,5.40500020980835,58.0,44.326,12366165.0,Sub-Saharan Africa,Low income,6,1
Zimbabwe,ZWE,2002,0.957193477873929,1.1,507.348003383858,,0.057,5.533000995,5.24100017547607,57.9,44.109,12500525.0,Sub-Saharan Africa,Low income,6,1
Zimbabwe,ZWE,2003,0.843469121206228,1.8,453.351155229459,,,5.533000995,4.86700010299683,57.7,44.188,12633897.0,Sub-Saharan Africa,Low income,6,1
Zimbabwe,ZWE,2004,0.742439509541412,2.1,454.360665390936,,0.162,5.533000995,4.3899998664856,58.4,44.571,12777511.0,Sub-Saharan Africa,Low income,6,1
Zimbabwe,ZWE,2005,0.832299255519615,2.4,444.760507547431,,,5.533000995,4.28399991989136,59.0,45.282,12940032.0,Sub-Saharan Africa,Low income,6,1
Zimbabwe,ZWE,2006,0.796027922930858,2.4,414.796232048617,,,5.533000995,4.06699991226196,60.0,46.344,13124267.0,Sub-Saharan Africa,Low income,6,1
Zimbabwe,ZWE,2007,0.741657876284077,3.0,396.99821656697,,0.05,5.533000995,4.16099977493286,60.1,47.719,13329909.0,Sub-Saharan Africa,Low income,6,1
Zimbabwe,ZWE,2008,0.573101063254266,3.5,325.678570345959,,0.055,5.533000995,4.44999980926514,59.1,49.337,13558469.0,Sub-Saharan Africa,Low income,6,1
Zimbabwe,ZWE,2009,0.405715639126152,4.0,699.88226433915,,0.06,5.533000995,5.03399991989136,57.5,51.122,13810599.0,Sub-Saharan Africa,Low income,6,1
Zimbabwe,ZWE,2010,0.552146242342835,6.4,854.847665291076,,0.066,10.301360604158114,5.12200021743774,55.1,52.975,14086317.0,Sub-Saharan Africa,Low income,6,1
Zimbabwe,ZWE,2011,0.66475076996735,8.4,980.208824167462,83.5827102661133,0.074,8.00613555,5.36800003051758,52.2,54.8,14386649.0,Sub-Saharan Africa,Low income,6,1
Zimbabwe,ZWE,2012,0.529703430657123,12.0,1163.41868906613,,0.073,6.86862124,5.60799980163574,48.4,56.516,14710826.0,Sub-Saharan Africa,Low income,6,1
Zimbabwe,ZWE,2013,0.775563675088375,15.5,1268.12663265072,,0.075,6.59253893,5.6230001449585,45.4,58.053,15054506.0,Sub-Saharan Africa,Low income,6,1
Zimbabwe,ZWE,2014,0.779955845162839,16.36473996,1264.98382557379,88.6934204101563,0.077,8.67039013,5.51800012588501,42.3,59.36,15411675.0,Sub-Saharan Africa,Low income,6,1
Zimbabwe,ZWE,2015,2.86129610832048,22.7428181,1265.29441289344,,,9.25619679,5.43800020217896,40.2,60.398,15777451.0,Sub-Saharan Africa,Low income,6,1
Zimbabwe,ZWE,2016,2.86129610832048,23.11998904,1272.3354498184,,,9.41366844,5.23899984359741,38.2,61.163,16150362.0,Sub-Saharan Africa,Low income,6,1
Zimbabwe,ZWE,2017,2.86129610832048,27.05548769,1333.39566279393,,,5.533000995,4.94299983978271,36.5,61.712,16529904.0,Sub-Saharan Africa,Low income,6,1
Zimbabwe,ZWE,2018,2.86129610832048,20.80096366,4234.64075149378,,,5.533000995,4.91499996185303,21.7,,,Sub-Saharan Africa,Low income,6,1
